weekdate,hour,759163,763646,759257,737229,737237,737246,737257,765506,737278,764054,718410,764125,764130,718412,763336,717008,717009,768584,717011,716036,717014,717016,717020,717022,718415,764249,763963,717028,716047,716050,717032,717035,763346,716057,717039,737184,717042,718335,717046,759385,764026,759280,718419,total/sec,total/min
0,0,18.512683,18.879517,15.349706,23.813715,17.05545,25.469016,24.337117,10.025541,29.916698,20.048934,4.397469,1.603845,22.807137,17.078687,16.632295,18.124797,34.618378,11.376382,14.701248,25.333763,10.037575,9.382363,16.218424,12.099131,19.658309,10.428985,8.241396,12.284158,14.485385,26.107312,34.78709,10.760239,7.797334,16.829701,26.118293,7.660912,17.491397,11.588566,13.148392,4.653553,23.012349,5.424488,31.753242,720.050972,12.00085
0,1,18.512683,18.879517,15.349706,23.813715,17.05545,25.469016,24.337117,10.025541,29.916698,20.048934,4.397469,1.603845,22.807137,17.078687,16.632295,18.124797,34.618378,11.376382,14.701248,25.333763,10.037575,9.382363,16.218424,12.099131,19.658309,10.428985,8.241396,12.284158,14.485385,26.107312,34.78709,10.760239,7.797334,16.829701,26.118293,7.660912,17.491397,11.588566,13.148392,4.653553,23.012349,5.424488,31.753242,720.050972,12.00085
0,2,18.512683,18.879517,15.349706,23.813715,17.05545,25.469016,24.337117,10.025541,29.916698,20.048934,4.397469,1.603845,22.807137,17.078687,16.632295,18.124797,34.618378,11.376382,14.701248,25.333763,10.037575,9.382363,16.218424,12.099131,19.658309,10.428985,8.241396,12.284158,14.485385,26.107312,34.78709,10.760239,7.797334,16.829701,26.118293,7.660912,17.491397,11.588566,13.148392,4.653553,23.012349,5.424488,31.753242,720.050972,12.00085
0,3,18.512683,18.879517,15.349706,23.813715,17.05545,25.469016,24.337117,10.025541,29.916698,20.048934,4.397469,1.603845,22.807137,17.078687,16.632295,18.124797,34.618378,11.376382,14.701248,25.333763,10.037575,9.382363,16.218424,12.099131,19.658309,10.428985,8.241396,12.284158,14.485385,26.107312,34.78709,10.760239,7.797334,16.829701,26.118293,7.660912,17.491397,11.588566,13.148392,4.653553,23.012349,5.424488,31.753242,720.050972,12.00085
0,4,18.512683,18.879517,15.349706,23.813715,17.05545,25.469016,24.337117,10.025541,29.916698,20.048934,4.397469,1.603845,22.807137,17.078687,16.632295,18.124797,34.618378,11.376382,14.701248,25.333763,10.037575,9.382363,16.218424,12.099131,19.658309,10.428985,8.241396,12.284158,14.485385,26.107312,34.78709,10.760239,7.797334,16.829701,26.118293,7.660912,17.491397,11.588566,13.148392,4.653553,23.012349,5.424488,31.753242,720.050972,12.00085
0,5,18.512683,19.153728,16.443591,25.698297,18.266273,27.277146,26.06489,10.643404,33.597456,22.291526,4.889352,1.783245,25.358251,18.989039,18.492716,20.152163,43.893545,13.556915,16.983175,27.599595,10.371344,9.63084,16.90367,13.316742,25.361077,12.845271,8.606793,12.828799,15.127622,27.264828,35.77799,10.897034,7.896461,17.043657,28.930641,8.485818,19.374824,13.141485,14.910333,5.277149,26.096104,6.151393,36.008315,791.89518,13.198253
0,6,18.512683,19.098888,16.606913,25.931266,18.208305,27.190583,25.982173,10.5614,33.357772,22.171286,4.862979,1.773626,25.221468,18.886613,18.392966,20.043462,42.709589,12.777599,16.086066,27.146166,10.223048,9.529102,16.59833,13.055286,25.113498,12.633081,8.442839,12.584419,14.83945,26.74545,35.344618,10.849923,7.862323,16.969972,27.359413,8.024952,18.322574,13.011851,14.763251,5.225093,25.83868,6.090713,35.653113,780.602782,13.010046
0,7,18.512683,19.080399,16.513073,25.651038,18.165785,27.127087,25.921499,10.582865,33.462524,21.953004,4.815102,1.756164,24.973157,18.700669,18.211882,19.846129,42.470375,12.750932,16.146208,27.080524,10.169403,9.493682,16.512261,13.012849,25.130772,12.611402,8.420967,12.551817,14.801006,26.676162,35.235511,10.827831,7.846314,16.935419,27.107383,7.951028,18.15379,12.970607,14.716456,5.208531,25.756779,6.071407,35.540102,777.422578,12.957043
0,8,18.512683,19.083428,16.493704,25.618078,18.209156,27.191853,25.983387,10.523428,33.386675,22.02571,4.831049,1.76198,25.055865,18.762604,18.272198,19.911858,42.300548,12.910854,16.335973,27.126116,10.163418,9.479883,16.57994,13.153579,25.411231,12.851278,8.598153,12.81592,15.112434,27.237456,35.143855,10.819046,7.839948,16.921679,26.962493,7.908529,18.056757,12.967447,14.71287,5.207262,25.750503,6.069928,35.531444,779.5922,12.993203
0,9,18.512683,19.053625,16.501401,25.600516,18.396849,27.472137,26.251214,10.49963,33.88913,22.28127,4.887103,1.782424,25.346583,18.980303,18.484207,20.142891,42.321523,12.868483,16.39102,27.252112,10.160839,9.493343,16.671597,13.176573,25.878267,13.078831,8.699354,12.966765,15.29031,27.558045,35.138674,10.813683,7.836062,16.91329,26.878529,7.883901,18.000527,13.166055,14.938211,5.287016,26.144896,6.162894,36.07564,785.128406,13.085473
0,10,18.512683,19.041876,16.538726,25.691862,18.618496,27.803123,26.56749,10.560258,34.25263,22.562802,4.948853,1.804946,25.666847,19.220126,18.717762,20.397404,42.612351,13.053768,16.70943,27.543683,10.20346,9.52969,17.211491,13.603915,26.309392,13.024703,8.671309,12.924963,15.241017,27.469203,35.427494,10.866519,7.874349,16.99593,27.543207,8.078862,18.445661,14.243373,16.160537,5.719628,28.284213,6.667176,39.027545,800.348753,13.339146
0,11,18.512683,19.049363,16.616553,25.835914,18.775033,28.036881,26.79086,11.156272,36.068552,23.007243,5.046335,1.8405,26.172431,19.598723,19.086463,20.799191,43.060758,12.982869,16.74124,27.9325,10.328975,9.649712,16.919101,13.751127,27.118507,13.185439,8.776121,13.081189,15.425238,27.801228,35.639217,10.888996,7.890637,17.031085,28.594335,8.387175,19.1496,16.378775,18.583365,6.577129,32.524653,7.666735,44.878652,827.337355,13.788956
0,12,18.512683,19.084687,16.644473,25.953964,19.002655,28.376791,27.115663,11.881034,36.789873,24.727969,5.423754,1.978152,28.129883,21.064523,20.513951,22.354775,43.245651,12.88856,16.777502,28.38716,10.480014,9.722316,17.470423,14.07861,27.650058,13.511301,8.958708,13.353343,15.746159,28.379631,36.788242,11.25483,8.155736,17.603273,33.254839,9.754175,22.270735,20.830361,23.634136,8.364726,41.364525,9.750477,57.076216,888.306537,14.805109
0,13,18.512683,19.053226,16.65609,25.999273,19.261061,28.76267,27.484393,12.608913,37.667621,26.062083,5.716374,2.084876,29.647536,22.200988,21.620713,23.560851,42.960839,13.730914,17.64567,28.351556,10.424089,9.729041,16.674017,13.816369,27.378631,13.279567,8.958585,13.353159,15.745943,28.379242,36.735677,11.209747,8.123067,17.53276,34.015653,9.977334,22.780252,23.896787,27.113303,9.596093,47.453773,11.185839,65.478373,922.425631,15.37376
0,14,18.512683,19.140666,17.028004,27.130195,20.20744,30.175904,28.83482,13.925472,39.312351,26.880786,5.895946,2.15037,30.578871,22.8984,22.299896,24.300982,42.937256,14.16975,17.65501,28.29357,10.382717,9.626963,16.703944,13.965267,28.086388,13.579832,9.014497,13.436499,15.844216,28.556361,36.364158,11.051492,8.008389,17.28524,31.170745,9.142877,20.87502,20.974599,23.797788,8.422647,41.65095,9.817993,57.471435,907.558389,15.125973
0,15,18.512683,19.425001,17.581376,29.091483,22.423959,33.485846,31.997661,14.501174,39.713875,28.011704,6.143998,2.240839,31.865374,23.861773,23.238089,25.323364,43.838719,12.973402,17.0529,29.234367,10.790827,10.031019,17.043319,14.462426,29.598953,14.671872,9.528466,14.202592,16.747587,30.184526,37.221296,11.153199,8.08209,17.444316,30.846422,9.047748,20.657821,22.064724,25.034644,8.860402,43.8157,10.328269,60.458432,942.794237,15.713237
0,16,18.512683,19.862297,18.597335,31.909874,24.605948,36.744225,35.11123,14.470855,39.369337,27.919412,6.123755,2.233456,31.760384,23.783154,23.161525,25.239929,44.456056,12.981226,17.418749,30.824128,11.63623,10.907539,19.658534,16.527736,33.637974,16.270856,10.261572,15.295318,18.036122,32.506879,37.927627,11.335585,8.214254,17.729579,31.031698,9.102092,20.7819,19.775344,22.437113,7.941069,39.269493,9.256634,54.185417,958.812123,15.980202
0,17,18.512683,21.993821,21.660993,38.216144,27.529194,41.109527,39.282529,13.594325,39.968752,27.520714,6.036306,2.201562,31.306837,23.443524,22.830771,24.879495,47.519509,14.034568,18.421713,34.245269,13.081518,12.569633,22.323364,18.60908,37.302347,17.562521,10.924977,16.284152,19.202147,34.60843,40.474526,12.042486,8.726506,18.835217,32.587444,9.558417,21.823782,20.358196,23.098417,8.175122,40.426909,9.529461,55.782461,1018.195349,16.969922
0,18,18.512683,23.730999,25.246967,42.356236,27.293314,40.757287,38.945943,13.098517,40.093761,25.801955,5.659319,2.064067,29.351621,21.979398,21.404914,23.325689,47.413262,14.140203,18.629215,34.103056,13.351798,12.484765,21.220193,17.712941,35.545215,16.840094,10.76076,16.039379,18.913513,34.088219,39.400576,11.786084,8.540706,18.434189,33.238158,9.749282,22.259565,20.006235,22.699082,8.033787,39.727992,9.364712,54.81807,1008.923721,16.815395
0,19,18.512683,24.943475,24.93108,41.200164,26.305273,39.281839,37.536067,12.331387,38.17829,25.285941,5.546138,2.022787,28.764617,21.539832,20.976837,22.859197,45.157407,13.25109,17.313784,30.308205,11.47781,10.38598,18.177648,15.722578,30.355175,14.400098,9.731211,14.504792,17.103939,30.826787,37.682483,11.270209,8.16688,17.627326,32.1259,9.423039,21.514686,18.208785,20.659694,7.311995,36.158649,8.523344,49.892967,947.498068,15.791634
0,20,18.512683,24.667754,27.021509,41.844719,25.363147,37.874955,36.191708,13.373827,39.598094,25.165199,5.519655,2.013129,28.627264,21.436978,20.876671,22.750043,44.516044,13.161268,16.99936,28.79306,10.826225,10.083303,17.953617,14.799135,29.33617,13.958921,9.163522,13.658627,16.106149,29.028448,37.686019,11.256675,8.157073,17.606159,32.691262,9.588869,21.893309,17.628179,20.000938,7.078845,35.005694,8.251568,48.302079,934.367853,15.572798
0,21,18.512683,21.777021,22.771782,36.132151,22.084985,32.979655,31.513966,11.825407,35.318139,23.871549,5.23591,1.909641,27.155643,20.334982,19.803479,21.580548,44.288599,13.10191,16.73766,28.483001,10.654788,10.076182,17.327247,14.055472,29.254924,13.867471,8.85143,13.19344,15.557603,28.039793,37.72183,11.458544,8.303356,17.921895,30.203568,8.859188,20.227302,16.194706,18.374519,6.503213,32.159131,7.580574,44.374292,876.179179,14.602986
0,22,18.512683,19.858022,18.578122,29.318164,19.824252,29.603687,28.288034,10.58694,33.325358,22.50995,4.937261,1.800718,25.606723,19.175103,18.673916,20.349624,43.409629,12.828964,16.335256,27.796555,10.437876,9.783471,17.138777,13.753742,27.48642,13.327936,8.70094,12.969128,15.293097,27.563067,36.555518,11.076148,8.026255,17.323803,27.693061,8.122817,18.546018,14.285381,16.208199,5.736497,28.367631,6.686839,39.142648,815.54423,13.592404
0,23,18.512683,19.113194,16.634282,25.901648,18.51823,27.653396,26.424417,10.579534,33.139594,22.004647,4.826429,1.760295,25.031904,18.744661,18.254724,19.892816,42.559889,12.658461,16.019081,27.163311,10.205581,9.55245,16.607471,13.104166,25.741758,12.690445,8.385671,12.499206,14.738968,26.56435,35.410628,10.855125,7.866093,16.97811,27.321171,8.013735,18.296964,13.122269,14.888531,5.269433,26.057946,6.142398,35.955663,781.661328,13.027689
1,0,18.512683,18.879517,15.349706,23.813715,17.05545,25.469016,24.337117,10.025541,29.916698,20.048934,4.397469,1.603845,22.807137,17.078687,16.632295,18.124797,34.618378,11.376382,14.701248,25.333763,10.037575,9.382363,16.218424,12.099131,19.658309,10.428985,8.241396,12.284158,14.485385,26.107312,34.78709,10.760239,7.797334,16.829701,26.118293,7.660912,17.491397,11.588566,13.148392,4.653553,23.012349,5.424488,31.753242,720.050972,12.00085
1,1,18.512683,18.879517,15.349706,23.813715,17.05545,25.469016,24.337117,10.025541,29.916698,20.048934,4.397469,1.603845,22.807137,17.078687,16.632295,18.124797,34.618378,11.376382,14.701248,25.333763,10.037575,9.382363,16.218424,12.099131,19.658309,10.428985,8.241396,12.284158,14.485385,26.107312,34.78709,10.760239,7.797334,16.829701,26.118293,7.660912,17.491397,11.588566,13.148392,4.653553,23.012349,5.424488,31.753242,720.050972,12.00085
1,2,18.512683,18.879517,15.349706,23.813715,17.05545,25.469016,24.337117,10.025541,29.916698,20.048934,4.397469,1.603845,22.807137,17.078687,16.632295,18.124797,34.618378,11.376382,14.701248,25.333763,10.037575,9.382363,16.218424,12.099131,19.658309,10.428985,8.241396,12.284158,14.485385,26.107312,34.78709,10.760239,7.797334,16.829701,26.118293,7.660912,17.491397,11.588566,13.148392,4.653553,23.012349,5.424488,31.753242,720.050972,12.00085
1,3,18.512683,18.879517,15.349706,23.813715,17.05545,25.469016,24.337117,10.025541,29.916698,20.048934,4.397469,1.603845,22.807137,17.078687,16.632295,18.124797,34.618378,11.376382,14.701248,25.333763,10.037575,9.382363,16.218424,12.099131,19.658309,10.428985,8.241396,12.284158,14.485385,26.107312,34.78709,10.760239,7.797334,16.829701,26.118293,7.660912,17.491397,11.588566,13.148392,4.653553,23.012349,5.424488,31.753242,720.050972,12.00085
1,4,18.512683,18.879517,15.349706,23.813715,17.05545,25.469016,24.337117,10.025541,29.916698,20.048934,4.397469,1.603845,22.807137,17.078687,16.632295,18.124797,34.618378,11.376382,14.701248,25.333763,10.037575,9.382363,16.218424,12.099131,19.658309,10.428985,8.241396,12.284158,14.485385,26.107312,34.78709,10.760239,7.797334,16.829701,26.118293,7.660912,17.491397,11.588566,13.148392,4.653553,23.012349,5.424488,31.753242,720.050972,12.00085
1,5,18.512683,19.169469,16.471156,25.927687,18.462521,27.570205,26.344924,10.711781,33.943712,22.502232,4.935568,1.8001,25.597944,19.168529,18.667514,20.342647,43.948115,13.463428,16.838742,27.828952,10.434507,9.721667,16.928261,13.449473,26.161225,13.056683,8.689807,12.952535,15.27353,27.527801,35.95284,10.933538,7.922914,17.100752,28.540478,8.371378,19.113533,13.044909,14.800758,5.238368,25.904326,6.106187,35.743693,795.177072,13.252951
1,6,18.512683,19.135983,16.528199,25.913416,18.692072,27.912995,26.672479,10.701103,34.11062,22.683897,4.975414,1.814633,25.804601,19.323281,18.818221,20.506877,43.037265,12.95218,16.600414,27.625047,10.338516,9.603078,17.119788,13.906204,26.542495,12.907723,8.693028,12.957335,15.27919,27.538003,35.838214,10.921957,7.914522,17.082638,28.822524,8.454106,19.302419,14.72858,16.711052,5.91447,29.247727,6.894296,40.357035,809.39628,13.489938
1,7,18.512683,19.14917,16.841543,26.526878,19.898759,29.714948,28.39435,13.037631,38.930973,24.910262,5.463737,1.992734,28.337255,21.219809,20.665179,22.519573,43.967288,13.411086,17.771911,30.704026,11.680716,10.591281,18.42345,16.383306,32.322073,15.769215,11.536837,17.196156,20.277575,36.546696,52.688139,16.059653,11.637518,25.118323,53.214307,15.608605,35.637574,31.616885,35.872529,12.696208,62.784194,14.799537,86.631822,1087.062394,18.117707
1,8,18.512683,21.82837,19.578165,32.724937,25.95772,38.762835,37.040129,18.598457,49.240035,26.736171,5.864227,2.138801,30.414361,22.77521,22.179926,24.170246,46.980333,16.616695,22.724388,35.166429,13.500925,12.227761,21.467028,19.871417,39.098715,20.353034,15.650962,23.328439,27.508716,49.579533,73.888918,23.514363,17.039523,36.777965,72.437026,21.246935,48.511011,33.189261,37.656548,13.327617,65.906588,15.53555,90.940211,1310.568164,21.842803
1,9,18.512683,19.51541,17.182116,27.691399,20.732232,30.95958,29.583667,15.657027,48.292218,26.519977,5.816807,2.121506,30.168424,22.591046,22.000575,23.9748,45.401002,14.131609,19.667865,31.60362,11.935623,11.227843,19.01764,15.853192,32.954038,16.36362,11.083706,16.520746,19.481136,35.111259,47.922286,14.61431,10.59016,22.857714,46.357382,13.59736,31.045497,26.886835,30.505814,10.796789,53.391354,12.585449,73.671254,1056.49457,17.608243
1,10,18.512683,19.29753,16.915236,26.368155,19.279132,28.789655,27.510179,12.187548,41.615987,24.949161,5.47227,1.995846,28.381506,21.252946,20.69745,22.554739,44.886009,13.646581,18.619783,30.106427,10.868071,10.201551,17.980361,14.53085,29.347614,14.492133,9.213259,13.732763,16.193569,29.186007,37.784208,11.22709,8.135634,17.559886,29.046198,8.519713,19.452212,15.87103,18.007277,6.373237,31.516382,7.429065,43.487405,863.194338,14.386572
1,11,18.512683,19.480396,16.866005,26.301331,19.247614,28.74259,27.465205,10.952599,36.63872,24.4879,5.371098,1.958947,27.856787,20.860021,20.314794,22.137746,45.1284,13.776525,18.587477,30.281684,11.128695,10.307433,17.376112,14.200434,29.488144,14.747022,9.498443,14.157841,16.694818,30.089419,38.005376,11.222306,8.132168,17.552404,28.499094,8.359239,19.085818,14.655098,16.62768,5.884962,29.101809,6.8599,40.155691,846.798428,14.113307
1,12,18.512683,19.251524,16.994658,26.717328,19.652906,29.347815,28.043533,11.760648,38.215063,25.852672,5.670443,2.068124,29.409315,22.022601,21.446988,23.371538,45.603193,13.976179,18.263504,30.387173,11.092212,10.455399,17.679699,14.758202,31.640331,15.749091,9.807863,14.619046,17.238666,31.069608,39.703864,11.550996,8.370351,18.066496,30.268959,8.878369,20.271095,18.720239,21.23999,7.517377,37.174285,8.76275,51.294376,902.497152,15.041619
1,13,18.780982,19.372937,17.198352,26.849058,19.972783,29.825489,28.499978,13.061665,39.410987,27.757152,6.088165,2.220476,31.575802,23.644933,23.026917,25.093241,48.272824,15.086872,20.087272,36.333874,13.81931,13.139229,22.249005,18.869907,38.131914,17.777802,11.183819,16.669968,19.657098,35.428398,42.291834,12.13573,8.794074,18.981058,35.459342,10.400791,23.747089,23.59932,26.775797,9.476641,46.863069,11.046597,64.663299,1013.32085,16.888681
1,14,18.512683,19.313017,17.686721,30.611347,25.085421,37.460226,35.79541,14.921718,40.841047,30.391672,6.666013,2.431228,34.572762,25.889149,25.212475,27.474921,65.728187,19.895827,29.4188,51.187866,20.168595,19.305076,32.215081,25.403047,43.451398,20.648873,13.57039,20.227255,23.851823,42.988639,50.741366,14.611946,10.588448,22.854018,48.112317,14.11211,32.220775,32.501223,36.8759,13.051326,64.540296,15.213486,89.054953,1265.404831,21.090081
1,15,18.512683,19.500735,18.682686,35.02332,29.934344,44.701155,42.714536,15.593906,44.2074,43.409189,9.521233,3.472584,49.381144,36.978122,36.011611,39.24312,95.788997,30.350643,38.291664,60.849345,23.82997,23.287425,38.605217,28.19999,47.076555,23.031443,15.236186,22.710197,26.77969,48.265595,58.600142,16.886643,12.236791,26.411789,60.604646,17.776309,40.586877,38.009661,43.125775,15.263317,75.478843,17.791929,104.148343,1536.11175,25.601863
1,16,18.512683,19.584929,18.662157,35.966826,31.949534,47.710451,45.590093,16.667302,46.666211,63.036006,13.826117,5.042662,71.708092,53.697229,52.293724,56.986311,115.486678,36.954661,46.277352,66.745986,26.153306,25.350083,42.648818,30.11643,48.056146,23.514597,15.489596,23.087914,27.225092,49.068351,60.327422,17.67676,12.809344,27.647581,59.840728,17.55224,40.075282,38.2113,43.354555,15.344288,75.879255,17.886314,104.700845,1705.381251,28.423021
1,17,18.512683,19.842314,18.251779,29.788401,23.429607,34.987588,33.432662,17.162016,48.085292,65.387676,14.341924,5.230787,74.38329,55.700499,54.244634,59.112286,118.285105,38.465816,45.31188,66.36483,25.588261,24.77291,41.01357,29.400154,48.098414,23.16244,15.195044,22.648872,26.707376,48.135262,58.15986,16.377506,11.867849,25.615466,52.826683,15.494909,35.377982,34.775055,39.45579,13.964415,69.055625,16.277843,95.285363,1629.577718,27.159629
1,18,18.512683,19.684865,17.982762,29.608065,22.096547,32.99692,31.530464,16.879212,46.513893,53.702067,11.77884,4.295979,61.09005,45.746112,44.550428,48.548169,109.564749,40.068987,42.544224,61.983826,24.097957,23.022732,38.219835,28.372757,46.613758,21.95462,14.161722,21.108662,24.891172,44.861879,52.682157,14.908914,10.803643,23.318494,46.27286,13.572568,30.988893,29.775752,33.783579,11.956874,59.128107,13.937721,81.587026,1469.700524,24.495009
1,19,18.512683,19.612284,17.785408,27.728422,19.673272,29.378228,28.072594,12.850187,41.905267,30.274798,6.640378,2.421879,34.439809,25.78959,25.115518,27.369264,73.791374,23.701611,28.697482,51.369045,19.719059,19.185276,32.525599,25.365405,43.407514,19.501939,13.240136,19.734997,23.271357,41.942453,47.368779,13.226836,9.584737,20.687616,38.214688,11.208978,25.592342,23.625585,26.805597,9.487188,46.915226,11.058892,64.735266,1151.534558,19.192243
1,20,18.512683,19.421685,17.560027,27.803017,19.690583,29.404079,28.097296,11.220492,35.52614,23.838647,5.228693,1.907009,27.118214,20.306954,19.776183,21.550803,46.608372,13.52665,17.593702,32.029046,12.125836,11.515752,19.850188,15.797208,32.827397,15.291048,9.545692,14.228269,16.777865,30.239097,39.621248,11.656827,8.447041,18.232023,31.54579,9.252883,21.126187,17.358452,19.694906,6.970532,34.470075,8.125312,47.563013,888.982916,14.816382
1,21,18.512683,19.30191,17.333793,28.008265,19.726724,29.458047,28.148867,10.708277,33.936084,22.92714,5.028766,1.834092,26.081308,19.530487,19.020011,20.726775,43.901802,13.059044,16.68909,28.047005,10.451959,9.758917,17.133511,13.952409,27.877864,13.297503,8.718966,12.995997,15.32478,27.620172,36.604451,11.008867,7.977501,17.218572,27.91023,8.186516,18.691456,14.002857,15.887647,5.623045,27.806601,6.554593,38.368518,814.953102,13.582552
1,22,18.512683,19.354,17.068242,26.463975,18.709248,27.938645,26.696989,10.603925,34.170421,22.655617,4.969211,1.812371,25.77243,19.29919,18.794759,20.481311,43.23124,12.897056,16.437376,27.544035,10.377446,9.704617,17.110839,13.700908,27.271791,13.128252,8.670596,12.9239,15.239764,27.466945,36.423627,10.959427,7.941675,17.141245,27.969715,8.203964,18.731293,13.208621,14.986506,5.304109,26.229422,6.182819,36.192272,798.482477,13.308041
1,23,18.512683,19.081733,16.573349,25.809214,18.391665,27.464396,26.243817,10.485482,33.312259,22.019012,4.82958,1.761445,25.048246,18.756898,18.266642,19.905803,42.718418,12.724658,16.092645,27.132648,10.216541,9.545039,16.661923,13.110698,25.667314,12.72726,8.423098,12.554992,14.804751,26.682911,35.639382,10.903691,7.901285,17.054069,27.567028,8.085849,18.461614,13.006713,14.757421,5.22303,25.828477,6.088308,35.639034,781.681021,13.028017
2,0,18.512683,18.879517,15.349706,23.813715,17.05545,25.469016,24.337117,10.025541,29.916698,20.048934,4.397469,1.603845,22.807137,17.078687,16.632295,18.124797,34.618378,11.376382,14.701248,25.333763,10.037575,9.382363,16.218424,12.099131,19.658309,10.428985,8.241396,12.284158,14.485385,26.107312,34.78709,10.760239,7.797334,16.829701,26.118293,7.660912,17.491397,11.588566,13.148392,4.653553,23.012349,5.424488,31.753242,720.050972,12.00085
2,1,18.512683,18.879517,15.349706,23.813715,17.05545,25.469016,24.337117,10.025541,29.916698,20.048934,4.397469,1.603845,22.807137,17.078687,16.632295,18.124797,34.618378,11.376382,14.701248,25.333763,10.037575,9.382363,16.218424,12.099131,19.658309,10.428985,8.241396,12.284158,14.485385,26.107312,34.78709,10.760239,7.797334,16.829701,26.118293,7.660912,17.491397,11.588566,13.148392,4.653553,23.012349,5.424488,31.753242,720.050972,12.00085
2,2,18.512683,18.879517,15.349706,23.813715,17.05545,25.469016,24.337117,10.025541,29.916698,20.048934,4.397469,1.603845,22.807137,17.078687,16.632295,18.124797,34.618378,11.376382,14.701248,25.333763,10.037575,9.382363,16.218424,12.099131,19.658309,10.428985,8.241396,12.284158,14.485385,26.107312,34.78709,10.760239,7.797334,16.829701,26.118293,7.660912,17.491397,11.588566,13.148392,4.653553,23.012349,5.424488,31.753242,720.050972,12.00085
2,3,18.512683,18.879517,15.349706,23.813715,17.05545,25.469016,24.337117,10.025541,29.916698,20.048934,4.397469,1.603845,22.807137,17.078687,16.632295,18.124797,34.618378,11.376382,14.701248,25.333763,10.037575,9.382363,16.218424,12.099131,19.658309,10.428985,8.241396,12.284158,14.485385,26.107312,34.78709,10.760239,7.797334,16.829701,26.118293,7.660912,17.491397,11.588566,13.148392,4.653553,23.012349,5.424488,31.753242,720.050972,12.00085
2,4,18.512683,18.879517,15.349706,23.813715,17.05545,25.469016,24.337117,10.025541,29.916698,20.048934,4.397469,1.603845,22.807137,17.078687,16.632295,18.124797,34.618378,11.376382,14.701248,25.333763,10.037575,9.382363,16.218424,12.099131,19.658309,10.428985,8.241396,12.284158,14.485385,26.107312,34.78709,10.760239,7.797334,16.829701,26.118293,7.660912,17.491397,11.588566,13.148392,4.653553,23.012349,5.424488,31.753242,720.050972,12.00085
2,5,18.512683,19.199015,16.505573,25.940857,18.453963,27.557426,26.332713,10.805629,33.850458,22.678873,4.974312,1.814231,25.798886,19.319,18.814052,20.502335,44.078179,13.441035,16.784159,27.911402,10.458948,9.747035,17.042819,13.452773,26.188393,13.143261,8.799793,13.116474,15.466845,27.876217,35.954595,10.925618,7.917175,17.088365,27.895898,8.182312,18.681858,13.064203,14.82265,5.246116,25.94264,6.115218,35.796561,796.200548,13.270009
2,6,18.635034,19.083839,16.543853,25.928918,18.691041,27.911456,26.671009,10.6924,33.809259,22.591477,4.955143,1.80724,25.699466,19.244552,18.74155,20.423326,42.93319,13.048964,16.687825,27.642243,10.32226,9.595787,16.690336,13.500469,26.618294,12.960661,8.617027,12.844052,15.145608,27.297245,35.871086,10.946578,7.932363,17.121147,28.852202,8.462811,19.322294,15.770355,17.893051,6.332809,31.316463,7.38194,43.211549,815.748172,13.595803
2,7,18.512683,19.08218,16.91329,26.619594,19.931632,29.764037,28.441258,13.480305,40.986509,25.3801,5.56679,2.03032,28.87173,21.620041,21.05495,22.94432,45.326688,16.637679,22.937123,34.561923,13.490896,11.641998,21.393719,20.240819,36.661391,17.842352,13.717977,20.447239,24.111228,43.456169,59.405768,18.132625,13.139683,28.360584,70.819778,20.772571,47.427942,38.707817,43.917904,15.543672,76.865229,18.118729,106.061326,1240.940568,20.682343
2,8,18.512683,22.082423,20.681807,34.86402,27.410785,40.932707,39.113567,21.518769,51.726396,28.035409,6.149197,2.242735,31.89234,23.881966,23.257754,25.344793,51.600562,24.258816,32.242954,42.660374,16.524822,14.395585,28.26079,27.874586,48.645821,25.234834,20.534012,30.606836,36.091346,65.048186,85.798619,27.08093,19.624012,42.356305,91.232394,26.759917,61.098252,43.259779,49.082561,17.371576,85.904426,20.249455,118.533925,1569.979026,26.166317
2,9,18.512683,19.728505,17.411939,28.188356,22.923034,34.231119,32.709812,18.155722,53.189428,27.504111,6.032664,2.200233,31.287949,23.42938,22.816998,24.864485,46.437887,15.99552,21.9431,31.832735,11.86328,10.865278,21.22859,18.611171,35.644798,18.548395,13.533867,20.172816,23.78763,42.872941,57.751027,17.198341,12.462661,26.899305,66.449156,19.490598,44.50094,38.960668,44.204789,15.645208,77.367335,18.237086,106.75415,1262.44569,21.040762
2,10,18.512683,19.292665,17.259167,27.234401,19.86773,29.668614,28.350075,12.69975,44.264079,25.744735,5.646768,2.059489,29.286529,21.930656,21.357446,23.27396,44.80771,13.652864,17.988779,29.74407,10.806003,10.144875,18.248942,14.910605,30.187657,15.006137,9.893676,14.746953,17.389494,31.341448,40.022127,11.877928,8.60726,18.577838,33.306309,9.769272,22.305205,21.505432,24.400071,8.635811,42.705068,10.06647,58.925944,936.022695,15.600378
2,11,18.512683,19.349807,17.050334,26.577888,19.337361,28.876609,27.593268,11.851495,38.017596,25.429656,5.57766,2.034284,28.928104,21.662255,21.096061,22.98912,45.360464,13.935592,18.307811,30.54928,11.10808,10.481255,18.245353,14.87127,30.972347,15.263937,9.798331,14.604838,17.221913,31.039414,38.609672,11.374229,8.242257,17.79002,29.880265,8.764359,20.010787,17.487243,19.841033,7.02225,34.725826,8.185598,47.915908,886.493513,14.774892
2,12,18.512683,19.318818,17.117465,26.754284,19.524536,29.156119,27.860357,11.870668,38.311915,26.134144,5.73218,2.090641,29.729511,22.262373,21.680493,23.625997,46.617256,14.574069,19.231413,31.3452,11.534287,11.042582,19.381665,16.361021,34.414841,16.875974,10.65283,15.878505,18.723812,33.746316,40.447097,11.690331,8.471319,18.284425,32.77106,9.612275,21.946749,22.360802,25.370574,8.979296,44.403644,10.46686,61.269698,956.136085,15.935601
2,13,18.745072,19.334492,17.218188,27.506225,21.086039,31.487922,30.088529,13.310772,40.263182,28.350085,6.218217,2.267908,32.250306,24.150023,23.518805,25.629269,54.069181,17.718308,23.430682,41.989458,16.355114,15.837892,27.683524,23.473919,43.104433,20.227189,13.082891,19.500617,22.994978,41.444328,45.627708,12.76353,9.249005,19.962977,39.837717,11.685038,26.679283,29.182805,33.110821,11.718768,57.950645,13.660169,79.962323,1133.728337,18.895472
2,14,18.803442,19.529704,18.326702,34.19816,28.507014,42.569713,40.677821,14.869591,41.475331,33.911445,7.438028,2.712798,38.576762,28.887468,28.132425,30.656894,86.532517,23.624065,29.785695,57.538808,24.378171,24.749286,42.617705,30.3757,50.685229,24.245542,15.106749,22.517265,26.552187,47.85556,59.047767,17.277521,12.520038,27.023147,67.789766,19.88382,45.398745,43.328881,49.160964,17.399325,86.041647,20.281801,118.723268,1519.714467,25.328574
2,15,18.512683,19.309925,17.890484,37.013833,34.494665,51.511111,49.221843,17.855972,48.242798,57.428184,12.596115,4.594055,65.328783,48.920205,47.641559,51.916683,114.294627,29.268577,35.722765,69.396467,29.044893,29.150107,49.228262,34.107096,55.167591,28.327343,18.707547,27.884411,32.881083,59.262262,77.288807,22.149995,16.050843,34.644007,94.718221,27.782365,63.432707,51.480656,58.409971,20.672786,102.229282,24.097562,141.059532,1928.938663,32.148978
2,16,18.512683,19.262042,18.468313,40.717212,45.138974,67.406329,64.410642,19.257257,52.590086,90.248281,19.79477,7.219549,102.664057,76.878009,74.868619,81.586968,144.56314,35.621751,51.775512,81.651398,33.558832,32.823552,53.832074,36.117622,57.416668,29.437823,20.308361,30.270494,35.694734,64.333364,79.969855,22.080602,16.000558,34.535472,93.934166,27.552389,62.907626,55.225339,62.658691,22.176516,109.665402,25.85041,151.320151,2270.306293,37.838438
2,17,18.512683,19.225461,17.001426,34.055629,35.521287,53.044173,50.686772,19.479319,53.97925,93.443449,20.495588,7.475151,106.298795,79.599813,77.519282,84.47549,149.503928,41.54817,52.059417,78.023156,31.903205,31.301118,51.203743,34.978009,56.348398,28.769004,19.035829,28.373729,33.458084,60.302203,80.859246,22.104086,16.017575,34.572202,99.737013,29.254457,66.793788,58.097581,65.917536,23.329905,115.369043,27.194876,159.190233,2266.059102,37.767652
2,18,18.512683,19.308719,16.898876,35.672147,33.701005,50.325934,48.089338,19.930448,54.719342,85.816913,18.822808,6.865055,97.623049,73.103147,71.192422,77.580888,141.254161,44.760607,48.14577,74.840853,30.441285,29.885799,50.195306,34.127607,54.378662,26.957401,18.234761,27.179703,32.050097,57.764558,73.473116,20.464633,14.829557,32.007993,70.518979,20.684342,47.226497,45.966751,52.153893,18.458599,91.279879,21.516561,125.951163,2032.911307,33.881855
2,19,18.512683,19.161764,16.745144,28.278985,22.567456,33.700132,32.202423,15.094025,47.318805,47.089026,10.328357,3.766959,53.567229,40.112792,39.064348,42.569795,106.085414,34.764735,39.041568,65.82349,26.526399,24.909123,43.512349,31.699599,49.010696,22.853867,15.73787,23.457979,27.661469,49.854842,58.723014,16.129864,11.688396,25.228138,50.298057,14.753223,33.684563,32.420237,36.784013,13.018805,64.379475,15.175578,88.833047,1492.135733,24.868929
2,20,18.512683,19.194098,16.968811,26.388646,19.323669,28.856163,27.573731,13.221469,38.727183,26.949816,5.911087,2.155892,30.657398,22.957204,22.357163,24.363387,56.52427,17.892908,24.37264,41.743539,15.72888,14.483479,26.485927,21.270578,39.003692,17.87581,11.298268,16.840558,19.858257,35.790951,46.929773,13.673148,9.908154,21.385677,40.530307,11.888186,27.14311,24.846556,28.190912,9.977486,49.339806,11.630416,68.080787,1066.812475,17.780208
2,21,18.512683,19.166329,16.904993,26.291032,19.094939,28.514599,27.247347,10.726573,34.427271,23.788577,5.217711,1.903004,27.061256,20.264302,19.734646,21.505539,44.336392,13.620084,17.70739,29.472093,11.006751,10.094172,17.887359,14.732523,29.533662,14.149298,9.035105,13.467216,15.880438,28.621645,38.490313,11.597169,8.40381,18.138713,30.623902,8.982479,20.5088,16.420732,18.630969,6.593977,32.60797,7.686375,44.993616,853.583754,14.226396
2,22,18.512683,19.083804,16.705838,25.954308,18.621466,27.807559,26.571729,10.492644,33.283805,22.87448,5.017216,1.829879,26.021403,19.485628,18.976325,20.679169,43.436452,12.952683,16.521091,27.922803,10.40223,9.629189,17.013548,13.749207,27.493729,13.291199,8.587244,12.799659,15.09326,27.202898,36.556926,10.975367,7.953225,17.166176,27.602331,8.096204,18.485256,13.615991,15.448708,5.467694,27.038369,6.373504,37.308485,800.101364,13.335023
2,23,18.512683,19.074578,16.547784,25.670912,18.317377,27.35346,26.137812,10.47207,32.944675,22.064999,4.839667,1.765123,25.10056,18.796072,18.304792,19.947376,42.90416,12.940946,16.328788,27.205674,10.20013,9.517878,16.584371,13.166619,25.76341,12.719977,8.418836,12.54864,14.79726,26.66941,35.633807,10.923798,7.915856,17.085519,27.312768,8.011271,18.291336,13.003012,14.753223,5.221544,25.821128,6.086576,35.628894,781.304771,13.021746
3,0,18.512683,18.879517,15.349706,23.813715,17.05545,25.469016,24.337117,10.025541,29.916698,20.048934,4.397469,1.603845,22.807137,17.078687,16.632295,18.124797,34.618378,11.376382,14.701248,25.333763,10.037575,9.382363,16.218424,12.099131,19.658309,10.428985,8.241396,12.284158,14.485385,26.107312,34.78709,10.760239,7.797334,16.829701,26.118293,7.660912,17.491397,11.588566,13.148392,4.653553,23.012349,5.424488,31.753242,720.050972,12.00085
3,1,18.512683,18.879517,15.349706,23.813715,17.05545,25.469016,24.337117,10.025541,29.916698,20.048934,4.397469,1.603845,22.807137,17.078687,16.632295,18.124797,34.618378,11.376382,14.701248,25.333763,10.037575,9.382363,16.218424,12.099131,19.658309,10.428985,8.241396,12.284158,14.485385,26.107312,34.78709,10.760239,7.797334,16.829701,26.118293,7.660912,17.491397,11.588566,13.148392,4.653553,23.012349,5.424488,31.753242,720.050972,12.00085
3,2,18.512683,18.879517,15.349706,23.813715,17.05545,25.469016,24.337117,10.025541,29.916698,20.048934,4.397469,1.603845,22.807137,17.078687,16.632295,18.124797,34.618378,11.376382,14.701248,25.333763,10.037575,9.382363,16.218424,12.099131,19.658309,10.428985,8.241396,12.284158,14.485385,26.107312,34.78709,10.760239,7.797334,16.829701,26.118293,7.660912,17.491397,11.588566,13.148392,4.653553,23.012349,5.424488,31.753242,720.050972,12.00085
3,3,18.512683,18.879517,15.349706,23.813715,17.05545,25.469016,24.337117,10.025541,29.916698,20.048934,4.397469,1.603845,22.807137,17.078687,16.632295,18.124797,34.618378,11.376382,14.701248,25.333763,10.037575,9.382363,16.218424,12.099131,19.658309,10.428985,8.241396,12.284158,14.485385,26.107312,34.78709,10.760239,7.797334,16.829701,26.118293,7.660912,17.491397,11.588566,13.148392,4.653553,23.012349,5.424488,31.753242,720.050972,12.00085
3,4,18.512683,18.879517,15.349706,23.813715,17.05545,25.469016,24.337117,10.025541,29.916698,20.048934,4.397469,1.603845,22.807137,17.078687,16.632295,18.124797,34.618378,11.376382,14.701248,25.333763,10.037575,9.382363,16.218424,12.099131,19.658309,10.428985,8.241396,12.284158,14.485385,26.107312,34.78709,10.760239,7.797334,16.829701,26.118293,7.660912,17.491397,11.588566,13.148392,4.653553,23.012349,5.424488,31.753242,720.050972,12.00085
3,5,18.512683,19.204452,16.481729,25.935811,18.482985,27.600764,26.374125,10.788331,33.934979,22.622182,4.961877,1.809696,25.734396,19.270709,18.767023,20.451085,44.177834,13.465437,16.80101,27.903521,10.451817,9.716697,16.919538,13.467498,26.159527,13.146253,8.715252,12.990461,15.318252,27.608406,35.978646,10.931454,7.921404,17.097493,27.9087,8.186067,18.690431,13.053775,14.810818,5.241928,25.921932,6.110337,35.767987,795.395302,13.256588
3,6,18.512683,19.099321,16.51798,25.846983,18.669493,27.879278,26.640261,10.711582,34.081378,22.571393,4.950737,1.805633,25.676619,19.227444,18.724888,20.40517,42.961484,13.153142,16.800944,27.628317,10.315988,9.577124,16.695893,13.532568,26.559588,12.944708,8.588619,12.801709,15.095677,27.207254,36.165206,11.066514,8.019274,17.308735,30.050425,8.814269,20.124743,15.786664,17.911554,6.339358,31.348849,7.389574,43.256236,818.765259,13.646088
3,7,18.685585,19.077342,16.899385,26.835264,20.278059,30.281361,28.93559,13.475953,40.987787,25.41766,5.575029,2.033325,28.914458,21.652037,21.086109,22.978275,44.635457,14.475048,19.49885,33.596692,12.797236,11.209795,19.804446,18.652721,35.688772,17.718977,13.663257,20.365678,24.015051,43.282827,60.103394,17.970876,13.022473,28.107598,65.145101,19.108098,43.627616,38.372964,43.537979,15.409207,76.200283,17.961987,105.143811,1216.229413,20.27049
3,8,18.708098,21.56111,19.524591,34.160502,27.778739,41.482175,39.638615,19.103093,47.001597,27.277818,5.98303,2.182131,31.030524,23.236613,22.629268,24.65991,50.51576,18.36633,24.735273,39.585947,15.296179,13.748035,26.181691,24.243103,45.779153,24.734935,18.719131,27.901678,32.901444,59.298959,79.754061,24.166676,17.512218,37.798226,74.221539,21.770362,49.706098,40.125587,45.526506,16.112997,79.680609,18.782372,109.946086,1443.068769,24.051146
3,9,18.512683,19.574373,17.742532,30.252934,23.725439,35.429355,33.854796,19.808061,50.259908,27.905819,6.120773,2.232369,31.744921,23.771575,23.150248,25.22764,46.638335,15.121731,20.98886,31.938798,11.921221,11.027199,19.859795,18.045313,35.623972,18.417058,12.55447,18.712983,22.066206,39.770383,56.974082,17.087786,12.382548,26.726389,62.969278,18.469894,42.170469,37.561842,42.61768,15.083489,74.589573,17.58231,102.921297,1239.136387,20.652273
3,10,18.743939,19.300201,17.092942,26.586147,19.492641,29.10849,27.814844,12.470499,41.093744,26.293028,5.767029,2.103351,29.910253,22.397719,21.812301,23.769633,45.990035,13.99463,18.494782,30.282321,10.973961,10.286321,18.307744,14.97012,30.533086,15.096587,9.835304,14.659947,17.286897,31.156535,40.727009,11.964673,8.670119,18.713513,34.43955,10.10167,23.064136,21.902127,24.850162,8.795109,43.492817,10.252159,60.012908,942.610983,15.710183
3,11,18.917332,19.42232,17.075805,26.866401,19.558668,29.207088,27.90906,11.463002,37.627308,26.139969,5.733458,2.091107,29.736138,22.267336,21.685326,23.631263,45.904744,14.527458,18.48119,30.5782,11.174195,10.533283,18.727097,15.471938,31.729099,15.794861,10.346098,15.421308,18.184688,32.774644,39.761665,11.655241,8.445891,18.229542,30.777445,9.027516,20.611627,18.202071,20.652077,7.309299,36.145318,8.520201,49.874571,908.192848,15.136547
3,12,18.512683,19.312239,17.121854,26.93264,20.269547,30.268649,28.923443,12.823875,39.278338,27.23044,5.972638,2.178341,30.976628,23.196253,22.589964,24.617079,47.489228,14.72604,19.827054,33.204011,12.211731,12.005864,20.146232,16.966944,38.182523,18.66757,11.01014,16.411091,19.351833,34.878212,42.368743,12.144463,8.800403,18.994716,34.672836,10.170096,23.220367,24.751927,28.083546,9.939487,49.151895,11.586121,67.8215,1006.989184,16.783153
3,13,18.696818,19.418777,17.200642,29.059885,23.097804,34.492104,32.959198,14.158629,40.29301,30.192598,6.622348,2.415303,34.346301,25.719568,25.047326,27.294953,60.326728,18.581605,25.204281,47.481137,18.853876,18.21995,29.358841,23.774237,45.540797,21.455611,13.295305,19.817229,23.368324,42.117219,48.246008,13.687905,9.918847,21.408758,44.096407,12.93418,29.531324,30.985911,35.156626,12.442831,61.531217,14.504184,84.902922,1207.757524,20.129292
3,14,19.169938,20.115604,19.694843,39.68546,35.878278,53.57727,51.196178,17.182951,44.388939,36.503484,8.006558,2.920152,41.525398,31.095497,30.282742,33.00017,91.173144,28.730716,32.574109,61.515674,25.249315,24.786638,41.227516,30.469185,51.278895,25.963693,16.968442,25.292199,29.824367,53.753079,66.862062,19.203251,13.915505,30.035112,73.349893,21.514694,49.122357,41.209051,46.755805,16.548078,81.83213,19.28953,112.91483,1615.582732,26.926379
3,15,18.512683,19.909774,20.183036,39.356454,39.820911,59.46483,56.822081,18.282702,48.458929,60.828228,13.34187,4.866047,69.196583,51.816533,50.462184,54.990418,125.147544,35.399304,39.493484,72.135674,29.770443,28.576544,45.637687,33.903182,53.079253,26.933597,19.303913,28.77332,33.929278,61.151446,75.961078,21.87447,15.851186,34.213069,88.884523,26.071249,59.525885,49.154442,55.770648,19.738662,97.609932,23.008686,134.685592,1961.897354,32.698289
3,16,18.512683,20.31652,19.869385,44.771934,60.414681,90.217644,86.208172,19.41214,53.169977,96.007506,21.05798,7.680267,109.215598,81.784005,79.646385,86.793469,147.292138,48.198122,52.106605,79.667445,32.456938,30.151301,46.847589,34.292018,54.197967,27.485745,18.94844,28.243472,33.304485,60.025369,77.063386,20.544743,14.887609,32.133291,100.269813,29.410736,67.150603,56.332066,63.914383,22.620938,111.863118,26.368457,154.352636,2365.207759,39.420129
3,17,18.512683,19.886889,19.325718,40.349351,58.420477,87.239686,83.362561,19.89446,53.942568,103.287526,22.654757,8.262643,117.497157,87.985491,85.68578,93.37481,154.068728,45.827782,53.195556,80.958146,32.466098,30.986008,51.876262,35.806432,55.406656,27.842075,19.468297,29.018341,34.218206,61.672186,79.929108,20.310065,14.71755,31.766239,100.35684,29.436262,67.208885,58.499057,66.373052,23.491124,116.166287,27.382803,160.290298,2428.4209,40.473682
3,18,18.512683,19.356533,18.126642,39.049473,55.560055,82.968198,79.280908,20.506803,54.600191,93.995775,20.616734,7.519336,106.927106,80.070311,77.977483,84.974807,148.477731,49.671641,50.147526,76.531373,30.93125,30.20368,50.35421,35.594592,54.583199,26.84435,18.924837,28.208291,33.263,59.9506,73.149069,19.733357,14.299643,30.864232,77.8955,22.847993,52.166546,46.30855,52.541698,18.595853,91.958615,21.676553,126.887708,2202.654635,36.710911
3,19,18.512683,19.614222,17.542778,29.194113,25.68503,38.355625,36.651016,18.780374,50.527842,60.356953,13.238502,4.828347,68.660473,51.415077,50.071222,54.564373,113.713012,32.885174,37.379371,67.777257,27.279683,25.138369,47.602322,33.25953,48.504758,22.651248,15.981358,23.820908,28.089432,50.626169,58.452313,15.506024,11.236335,24.252413,52.869128,15.507359,35.406407,34.085792,38.673753,13.687632,67.686902,15.955207,93.39675,1609.423236,26.823721
3,20,18.593524,19.713478,17.435962,27.350195,20.099444,30.014633,28.680716,13.88783,39.638547,28.744578,6.304744,2.299466,32.699071,24.486072,23.84607,25.985901,64.390916,18.069622,23.350381,48.090802,18.764856,16.881621,31.885673,25.231346,41.642637,18.678145,12.411258,18.499519,21.814491,39.316712,48.111632,13.722766,9.944109,21.463282,44.884392,13.165308,30.059037,26.486285,30.051348,10.635942,52.595947,12.397956,72.573724,1144.899938,19.081666
3,21,18.512683,19.225251,17.054927,27.189517,19.641984,29.331504,28.027947,10.984998,34.906671,23.877644,5.237246,1.910129,27.162575,20.340173,19.808534,21.586057,45.502296,13.062878,16.724748,30.313846,11.356972,10.631947,19.204567,15.666375,31.390854,14.881368,9.535185,14.212607,16.759397,30.205811,39.092353,11.547908,8.368113,18.061665,32.251735,9.459949,21.598958,17.617018,19.988275,7.074363,34.983531,8.246344,48.271498,880.808401,14.68014
3,22,18.512683,19.109784,16.758316,26.097692,18.703817,27.930534,26.689239,10.556406,34.105831,23.131296,5.073545,1.850423,26.31355,19.704397,19.189376,20.911338,44.401296,13.243003,16.569323,28.588335,10.632599,10.037163,17.540092,14.350426,28.957533,13.858985,8.9064,13.275375,15.654221,28.213929,37.690812,11.205676,8.120117,17.526393,28.253203,8.287115,18.921145,13.993978,15.877573,5.61948,27.788969,6.550436,38.34419,817.045994,13.617433
3,23,18.512683,19.069303,16.677069,26.096412,18.473316,27.586325,26.360328,10.548009,33.544429,22.227521,4.875314,1.778124,25.285439,18.934516,18.439617,20.0943,43.023547,12.977766,16.305803,27.319558,10.211523,9.52379,16.604509,13.203212,25.965585,12.76064,8.457036,12.605579,14.864402,26.790422,36.47506,11.035527,7.99682,17.26027,27.912207,8.187096,18.69278,13.081594,14.842381,5.253099,25.977174,6.123359,35.844212,787.797656,13.129961
4,0,18.512683,18.879517,15.349706,23.813715,17.05545,25.469016,24.337117,10.025541,29.916698,20.048934,4.397469,1.603845,22.807137,17.078687,16.632295,18.124797,34.618378,11.376382,14.701248,25.333763,10.037575,9.382363,16.218424,12.099131,19.658309,10.428985,8.241396,12.284158,14.485385,26.107312,34.78709,10.760239,7.797334,16.829701,26.118293,7.660912,17.491397,11.588566,13.148392,4.653553,23.012349,5.424488,31.753242,720.050972,12.00085
4,1,18.512683,18.879517,15.349706,23.813715,17.05545,25.469016,24.337117,10.025541,29.916698,20.048934,4.397469,1.603845,22.807137,17.078687,16.632295,18.124797,34.618378,11.376382,14.701248,25.333763,10.037575,9.382363,16.218424,12.099131,19.658309,10.428985,8.241396,12.284158,14.485385,26.107312,34.78709,10.760239,7.797334,16.829701,26.118293,7.660912,17.491397,11.588566,13.148392,4.653553,23.012349,5.424488,31.753242,720.050972,12.00085
4,2,18.512683,18.879517,15.349706,23.813715,17.05545,25.469016,24.337117,10.025541,29.916698,20.048934,4.397469,1.603845,22.807137,17.078687,16.632295,18.124797,34.618378,11.376382,14.701248,25.333763,10.037575,9.382363,16.218424,12.099131,19.658309,10.428985,8.241396,12.284158,14.485385,26.107312,34.78709,10.760239,7.797334,16.829701,26.118293,7.660912,17.491397,11.588566,13.148392,4.653553,23.012349,5.424488,31.753242,720.050972,12.00085
4,3,18.512683,18.879517,15.349706,23.813715,17.05545,25.469016,24.337117,10.025541,29.916698,20.048934,4.397469,1.603845,22.807137,17.078687,16.632295,18.124797,34.618378,11.376382,14.701248,25.333763,10.037575,9.382363,16.218424,12.099131,19.658309,10.428985,8.241396,12.284158,14.485385,26.107312,34.78709,10.760239,7.797334,16.829701,26.118293,7.660912,17.491397,11.588566,13.148392,4.653553,23.012349,5.424488,31.753242,720.050972,12.00085
4,4,18.512683,18.879517,15.349706,23.813715,17.05545,25.469016,24.337117,10.025541,29.916698,20.048934,4.397469,1.603845,22.807137,17.078687,16.632295,18.124797,34.618378,11.376382,14.701248,25.333763,10.037575,9.382363,16.218424,12.099131,19.658309,10.428985,8.241396,12.284158,14.485385,26.107312,34.78709,10.760239,7.797334,16.829701,26.118293,7.660912,17.491397,11.588566,13.148392,4.653553,23.012349,5.424488,31.753242,720.050972,12.00085
4,5,18.512683,19.216311,16.553713,26.079795,18.459654,27.565924,26.340833,10.81419,33.931512,22.723274,4.98405,1.817783,25.849395,19.356823,18.850886,20.542474,44.313017,13.647242,17.043196,27.995796,10.473869,9.744701,16.991318,13.52138,26.360244,13.164107,8.735552,13.02072,15.353933,27.672714,35.981928,10.920343,7.913353,17.080115,28.743102,8.43081,19.24923,13.06838,14.827389,5.247793,25.950935,6.117174,35.808006,798.975647,13.316261
4,6,18.512683,19.089502,16.55911,25.922279,18.629663,27.819799,26.583425,10.863692,34.111735,22.739601,4.987632,1.819089,25.867969,19.370732,18.864432,20.557235,43.059719,13.182434,16.915947,27.689686,10.3181,9.597966,16.747225,13.732989,26.854995,13.041149,8.751043,13.043809,15.38116,27.721785,36.197612,11.025156,7.989304,17.244048,29.550362,8.667593,19.789851,15.430858,17.507858,6.19648,30.642298,7.223025,42.281312,818.082342,13.634706
4,7,18.512683,19.067368,16.876252,26.655068,19.728535,29.460753,28.151451,13.53584,41.321918,25.101595,5.505704,2.00804,28.554911,21.382797,20.823907,22.692544,44.570438,14.533333,19.703012,32.541611,12.336604,10.664953,18.88742,18.46281,34.495737,16.720447,12.527907,18.673389,22.019518,39.686236,56.234911,16.993767,12.314418,26.579338,69.813013,20.47727,46.753712,37.353496,42.38129,14.999825,74.175844,17.484785,102.350419,1193.114869,19.885248
4,8,18.512683,22.095812,20.414888,35.51611,26.938585,40.227568,38.439766,18.815073,52.456289,27.72149,6.080343,2.217623,31.535233,23.614554,22.997331,25.061001,49.994455,17.738493,23.434655,38.583129,14.729021,12.935425,22.814438,23.761834,45.164989,22.533035,17.764336,26.478514,31.223261,56.274335,80.53759,24.584902,17.815282,38.452357,86.623848,25.408157,58.011913,40.627408,46.095872,16.314511,80.677115,19.017269,111.3211,1461.561593,24.35936
4,9,18.512683,19.701445,18.061814,30.238983,23.1093,34.509271,32.975602,17.135662,51.606901,27.375823,6.004526,2.189971,31.142012,23.320098,22.710572,24.748509,46.51165,15.01063,20.759875,31.737218,11.780096,10.963039,19.220566,17.479978,36.090862,18.730023,13.060878,19.467806,22.956287,41.374595,56.408501,16.895357,12.243105,26.425417,62.737646,18.401952,42.015345,36.483122,41.393764,14.650314,72.447473,17.077372,99.965552,1225.631595,20.427193
4,10,18.512683,19.206438,17.004656,26.449541,19.458135,29.056962,27.765606,12.462226,41.98324,26.471938,5.80627,2.117663,30.113776,22.550123,21.960722,23.931371,45.214921,13.602697,17.913818,30.390604,11.035662,10.369122,17.597323,14.810587,30.545386,15.305884,10.442798,15.565444,18.354652,33.080972,40.65659,12.04126,8.725617,18.8333,36.208316,10.620477,24.248676,22.800554,25.869517,9.155885,45.276896,10.672704,62.474642,956.665654,15.944428
4,11,18.73522,19.211131,16.895758,26.314696,19.270942,28.777425,27.498492,11.743805,37.765263,26.615969,5.837862,2.129185,30.277622,22.672816,22.080208,24.06158,45.172015,13.91847,18.321996,30.204878,11.055691,10.481809,18.058501,15.228519,31.59251,15.538175,10.248834,15.276332,18.013733,32.466527,39.324962,11.485892,8.323174,17.96467,30.952004,9.078717,20.728529,19.4534,22.071835,7.811788,38.630182,9.105935,53.303274,913.700326,15.228339
4,12,18.512683,19.321311,17.198079,27.219201,20.096394,30.010079,28.676365,13.644497,40.081376,27.759657,6.088715,2.220676,31.578651,23.647067,23.028994,25.095506,46.720958,14.567226,19.340675,33.700883,12.494969,12.260587,20.797883,18.82603,38.124557,18.442332,12.141955,18.098112,21.341154,38.463608,42.865923,12.270647,8.891841,19.192075,37.075074,10.874711,24.829144,26.418553,29.9745,10.608744,52.461447,12.366251,72.388136,1039.717226,17.32862
4,13,18.512683,19.38253,17.347127,29.263622,25.208005,37.643281,35.97033,15.654527,42.338258,30.498819,6.689514,2.4398,34.694649,25.980422,25.301362,27.571784,56.697832,18.11512,23.039133,46.609756,18.730247,18.046561,29.949774,26.462788,46.202342,21.319462,14.426028,21.502622,25.355726,45.699155,51.59584,14.726336,10.67134,23.032931,48.748296,14.298653,32.64669,31.460464,35.695054,12.633394,62.473576,14.726318,86.203221,1245.565372,20.759423
4,14,18.512683,20.150751,19.118177,39.69099,39.916098,59.606973,56.957907,16.404405,44.237391,38.423241,8.427631,3.073726,43.709262,32.730842,31.875343,34.735683,93.943717,28.240497,33.855769,61.866689,25.242377,24.711412,46.060139,32.331354,51.228656,24.434625,17.649082,26.306723,31.020686,55.909229,69.58409,20.173463,14.618563,31.552585,76.758686,22.514547,51.405222,44.422189,50.401432,17.838359,88.212717,20.793567,121.718987,1690.366465,28.172774
4,15,18.512683,20.01357,18.522785,41.076426,45.616467,68.119372,65.091996,19.058086,51.335125,64.353238,14.115034,5.148036,73.206541,54.819313,53.38648,58.177126,119.851229,34.095717,42.823823,70.620664,29.629744,28.916312,54.36078,36.340421,56.022105,28.725313,20.277625,30.22468,35.640711,64.235997,84.537106,24.174046,17.517558,37.809752,97.307817,28.541935,65.166957,49.258179,55.888348,19.780319,97.815931,23.057244,134.969836,2058.142427,34.302374
4,16,18.512683,20.136214,18.737414,43.414105,55.268898,82.533413,78.865445,18.761288,52.09715,96.67824,21.205097,7.733923,109.978608,82.35537,80.202816,87.399831,141.658692,35.03203,43.698374,77.913646,32.545022,31.241275,51.270066,34.985113,55.530524,28.435451,20.258889,30.196754,35.60778,64.176645,78.866261,21.90425,15.872766,34.259646,96.462193,28.2939,64.600644,51.22151,58.115944,20.568722,101.714676,23.976259,140.34946,2292.636987,38.210616
4,17,18.512683,19.561313,17.463886,40.538107,52.846537,78.916083,75.408878,19.9602,53.895345,103.391438,22.677549,8.270956,117.615364,88.074008,85.771984,93.468749,147.96289,48.010506,51.583771,76.545985,31.286422,29.463885,52.840325,35.187225,53.832551,27.327284,19.482772,29.039917,34.243647,61.71804,76.224982,20.047201,14.527068,31.355103,95.877665,28.122449,64.209186,54.348398,61.663712,21.824368,107.923988,25.439923,148.917287,2345.37963,39.08966
4,18,18.512683,19.414976,17.674795,36.823091,46.202234,68.994102,65.927851,19.745862,53.44571,94.048169,20.628226,7.523527,106.986708,80.114943,78.020948,85.022173,143.70686,48.36406,51.80975,74.25637,30.166512,28.742557,52.09688,35.803266,53.600132,26.659188,20.196256,30.103397,35.497694,63.978236,74.67803,20.849466,15.108424,32.609897,80.378616,23.57633,53.829486,45.172309,51.252519,18.13958,89.702291,21.144691,123.774352,2164.283147,36.071386
4,19,18.706651,19.204911,16.916689,27.988604,25.27315,37.740563,36.063289,16.564005,50.32564,61.720239,13.537521,4.937405,70.21131,52.576392,51.202183,55.796821,115.802799,36.507807,40.41596,67.624819,27.220852,23.6812,40.543616,32.030843,46.54352,22.054649,16.758964,24.979963,29.45618,53.089489,61.342611,16.767695,12.150596,26.225746,52.501537,15.399538,35.160232,32.151382,36.47897,12.910842,63.845588,15.049729,88.096371,1603.556871,26.725948
4,20,18.512683,19.208528,16.987935,26.951445,20.477567,30.579286,29.220275,15.32064,42.801319,33.013901,7.241164,2.640997,37.55574,28.122895,27.387836,29.845489,72.821968,25.77817,32.761724,53.940759,20.710136,17.972121,32.130159,26.668437,42.277103,19.125584,13.845445,20.637237,24.335272,43.859968,51.508619,14.388186,10.426301,22.504042,47.434777,13.913377,31.767028,28.507607,32.344742,11.447633,56.60985,13.344116,78.112248,1245.040309,20.750672
4,21,18.512683,19.200529,17.251737,27.994189,20.257916,30.251281,28.906847,11.880889,35.833891,25.011215,5.48588,2.00081,28.452097,21.305807,20.748929,22.610838,48.196544,14.642095,18.803955,34.663565,13.40731,12.766375,23.798859,18.499232,35.445336,16.456635,10.528617,15.69336,18.50549,33.352831,42.461889,12.317844,8.926042,19.265895,34.904753,10.238121,23.375682,20.688543,23.473228,8.307777,41.082905,9.684093,56.687626,961.88014,16.031336
4,22,18.512683,19.318451,17.485705,27.817199,19.927215,29.757443,28.434956,11.83906,34.446515,23.173193,5.082734,1.853775,26.361212,19.740087,19.224133,20.949214,44.429648,13.538196,17.444856,29.317793,11.033363,10.664123,19.022953,15.103971,31.75618,15.128944,9.301055,13.863626,16.347881,29.464128,39.211938,11.419896,8.27535,17.861448,29.983013,8.794496,20.079596,15.533437,17.624243,6.237671,30.845996,7.271041,42.562382,856.040799,14.267347
4,23,18.512683,19.523467,17.758703,27.35662,19.161435,28.613898,27.342233,10.661035,33.054241,22.326927,4.897117,1.786077,25.398522,19.019196,18.522084,20.184166,43.064438,12.801331,16.358074,27.490393,10.266703,9.610315,17.013739,13.562522,26.931737,13.237541,8.667088,12.918671,15.233598,27.455832,36.76367,11.002774,7.973086,17.209042,28.094071,8.240439,18.814574,13.38683,15.188702,5.375671,26.583306,6.266237,36.680574,800.309362,13.338489
5,0,18.512683,18.879517,15.349706,23.813715,17.05545,25.469016,24.337117,10.025541,29.916698,20.048934,4.397469,1.603845,22.807137,17.078687,16.632295,18.124797,34.618378,11.376382,14.701248,25.333763,10.037575,9.382363,16.218424,12.099131,19.658309,10.428985,8.241396,12.284158,14.485385,26.107312,34.78709,10.760239,7.797334,16.829701,26.118293,7.660912,17.491397,11.588566,13.148392,4.653553,23.012349,5.424488,31.753242,720.050972,12.00085
5,1,18.512683,18.879517,15.349706,23.813715,17.05545,25.469016,24.337117,10.025541,29.916698,20.048934,4.397469,1.603845,22.807137,17.078687,16.632295,18.124797,34.618378,11.376382,14.701248,25.333763,10.037575,9.382363,16.218424,12.099131,19.658309,10.428985,8.241396,12.284158,14.485385,26.107312,34.78709,10.760239,7.797334,16.829701,26.118293,7.660912,17.491397,11.588566,13.148392,4.653553,23.012349,5.424488,31.753242,720.050972,12.00085
5,2,18.512683,18.879517,15.349706,23.813715,17.05545,25.469016,24.337117,10.025541,29.916698,20.048934,4.397469,1.603845,22.807137,17.078687,16.632295,18.124797,34.618378,11.376382,14.701248,25.333763,10.037575,9.382363,16.218424,12.099131,19.658309,10.428985,8.241396,12.284158,14.485385,26.107312,34.78709,10.760239,7.797334,16.829701,26.118293,7.660912,17.491397,11.588566,13.148392,4.653553,23.012349,5.424488,31.753242,720.050972,12.00085
5,3,18.512683,18.879517,15.349706,23.813715,17.05545,25.469016,24.337117,10.025541,29.916698,20.048934,4.397469,1.603845,22.807137,17.078687,16.632295,18.124797,34.618378,11.376382,14.701248,25.333763,10.037575,9.382363,16.218424,12.099131,19.658309,10.428985,8.241396,12.284158,14.485385,26.107312,34.78709,10.760239,7.797334,16.829701,26.118293,7.660912,17.491397,11.588566,13.148392,4.653553,23.012349,5.424488,31.753242,720.050972,12.00085
5,4,18.512683,18.879517,15.349706,23.813715,17.05545,25.469016,24.337117,10.025541,29.916698,20.048934,4.397469,1.603845,22.807137,17.078687,16.632295,18.124797,34.618378,11.376382,14.701248,25.333763,10.037575,9.382363,16.218424,12.099131,19.658309,10.428985,8.241396,12.284158,14.485385,26.107312,34.78709,10.760239,7.797334,16.829701,26.118293,7.660912,17.491397,11.588566,13.148392,4.653553,23.012349,5.424488,31.753242,720.050972,12.00085
5,5,18.512683,19.236734,16.538472,26.037673,18.54427,27.692281,26.461574,10.813975,34.023308,22.802419,5.00141,1.824114,25.939429,19.424243,18.916544,20.614024,44.263452,13.545516,16.964896,28.037319,10.489521,9.762585,17.00152,13.539937,26.369919,13.155967,8.731772,13.015085,15.347288,27.660738,36.106408,10.925672,7.917214,17.088449,28.620344,8.394804,19.167019,13.171803,14.944732,5.289324,26.156309,6.165585,36.091388,800.307719,13.338462
5,6,18.512683,19.136581,16.55247,25.921711,18.634432,27.82692,26.59023,10.742234,34.040879,22.824118,5.006169,1.82585,25.964112,19.442727,18.934545,20.63364,43.399044,13.496717,17.251489,27.768895,10.341857,9.632434,16.686359,13.493541,26.646775,12.996786,8.564163,12.765257,15.052694,27.129784,35.779021,10.898022,7.897177,17.045202,27.843244,8.166868,18.646596,14.301744,16.226765,5.743068,28.400125,6.694499,39.187484,804.644911,13.410748
5,7,18.512683,19.101585,16.761495,26.127147,19.122797,28.556199,27.287098,11.429751,38.043267,24.010094,5.266298,1.920724,27.313248,20.453001,19.918414,21.705796,43.389792,13.131615,17.297758,28.722869,10.579064,9.876838,16.8733,14.028789,29.358675,14.526783,9.360515,13.952254,16.45239,29.652487,44.071291,13.466324,9.75828,21.062192,45.031913,13.208579,30.157831,32.24217,36.581978,12.9473,64.025873,15.092226,88.345135,1018.723818,16.97873
5,8,18.691616,19.521218,17.466125,28.394164,21.140278,31.568918,30.165925,16.456259,49.42813,26.592348,5.832681,2.127295,30.250751,22.652694,22.060612,24.040225,44.980082,13.509969,18.069239,30.280374,11.077005,10.381473,17.470626,15.245296,32.977761,16.972317,11.310308,16.858505,19.87942,35.829093,56.527353,17.858007,12.940683,27.931063,69.796447,20.472411,46.742617,36.738908,41.683979,14.753028,72.955408,17.197103,100.666418,1197.494132,19.958236
5,9,18.512683,19.334037,17.092078,26.990781,19.900399,29.717398,28.396691,14.707389,49.024947,26.590148,5.832198,2.127119,30.248249,22.650821,22.058787,24.038237,45.89904,14.175711,18.657045,31.114057,11.41925,10.677448,18.893147,15.640323,32.811626,16.382582,10.388695,15.484801,18.259558,32.909582,45.33859,13.48775,9.773806,21.095702,45.110677,13.231681,30.21058,31.452763,35.686317,12.630302,62.458284,14.722713,86.182121,1071.316113,17.855269
5,10,18.512683,19.258429,17.023671,26.491508,19.333298,28.870542,27.587471,12.242834,39.5695,25.518122,5.597064,2.041361,29.028741,21.737615,21.169451,23.069096,45.696094,15.442196,20.467957,30.901311,11.28284,10.436089,19.217031,16.171413,32.176337,15.83111,10.705195,15.956558,18.815851,33.912201,39.953766,11.588236,8.397337,18.124742,33.974278,9.965198,22.752543,21.204789,24.058961,8.515083,42.108056,9.925742,58.102166,942.734466,15.712241
5,11,18.512683,19.261003,17.185345,27.30775,20.018062,29.893104,28.564588,13.460493,40.591704,27.586433,6.05072,2.206819,31.381596,23.499506,22.88529,24.938906,46.249372,14.81298,20.056096,32.054585,11.887052,11.530001,20.762845,17.714858,36.470372,17.454602,11.564946,17.238054,20.326981,36.635743,41.106756,11.812378,8.55976,18.475314,34.597927,10.148124,23.1702,22.447083,25.468468,9.013944,44.574979,10.507247,61.506112,989.490781,16.491513
5,12,18.512683,19.325107,17.179033,28.184248,23.364196,34.889909,33.339324,15.299348,42.110127,29.736394,6.522286,2.378808,33.827335,25.330951,24.668866,26.882531,52.164092,17.35127,23.244987,40.086303,16.1769,16.493554,29.692162,23.905628,44.440588,20.738868,13.604208,20.277663,23.911264,43.095771,47.08392,13.38115,9.696559,20.928974,47.466846,13.922783,31.788504,30.96386,35.131607,12.433976,61.487429,14.493862,84.842501,1190.356375,19.839273
5,13,18.954005,19.595222,17.466217,31.993766,29.483814,44.028375,42.071657,15.791574,42.810791,32.699724,7.172253,2.615864,37.198341,27.855264,27.1272,29.561465,70.325927,22.734554,29.214769,54.836763,22.557124,21.324884,40.950331,31.54335,48.518706,23.285922,16.824685,25.077924,29.571695,53.297684,62.9295,18.045796,13.076763,28.224778,71.06686,20.845044,47.593412,39.630376,44.964639,15.914138,78.697227,18.550569,108.589181,1484.618133,24.743636
5,14,18.512683,19.820958,17.698365,33.981091,32.380994,48.354753,46.20576,17.689837,45.066501,36.558857,8.018703,2.924582,41.588388,31.142666,30.328678,33.050228,94.85835,36.055241,38.178376,63.707812,26.744889,24.687021,47.705607,35.651554,55.704383,28.708581,22.189923,33.075044,39.001838,70.293826,84.359902,24.495467,17.750474,38.312476,91.293491,26.777837,61.139168,46.376404,52.618685,18.623101,92.093358,21.708315,127.073631,1782.507798,29.708463
5,15,18.512683,19.434303,17.987668,36.209852,37.265663,55.649061,53.175894,18.015065,47.109664,55.688403,12.214517,4.454879,63.349653,47.438172,46.198263,50.343873,120.100223,37.964133,43.940113,72.448823,30.125998,28.010295,56.365555,38.466681,57.526235,30.64773,23.314969,34.751974,40.979261,73.857777,85.168645,24.071808,17.443472,37.649845,103.469089,30.349135,69.293156,49.008234,55.60476,19.67995,97.319595,22.940247,134.284975,2017.830291,33.630505
5,16,18.512683,19.174967,18.794449,43.311507,40.984493,61.202415,58.482444,19.36981,52.307046,87.97246,19.295599,7.037491,100.075142,74.93935,72.980631,79.529562,135.919158,40.0251,43.886228,77.398442,31.778746,28.468393,55.708805,37.422797,54.073748,27.538278,19.716778,29.388714,34.654946,62.459333,70.421424,19.333392,14.009811,30.23866,93.230443,27.345976,62.436344,48.2425,54.735958,19.372458,95.799016,22.581815,132.186826,2142.344138,35.705736
5,17,18.512683,19.159282,17.679413,38.438417,33.472549,49.98478,47.763345,18.740354,52.086893,93.048586,20.40898,7.443564,105.84961,79.263449,77.19171,84.118523,135.807783,38.735332,42.157881,75.037423,30.666027,28.323459,50.206993,35.120075,52.0641,25.300034,18.011177,26.846442,31.657118,57.056284,65.881702,17.434982,12.634141,27.269426,81.25089,23.832182,54.413647,48.401509,54.91637,19.436311,96.114773,22.656245,132.622519,2067.016963,34.450283
5,18,18.512683,19.206714,17.680443,34.612036,29.023254,43.340617,41.414464,16.81733,50.819291,73.237438,16.063666,5.858741,83.312971,62.38732,60.756678,66.208691,126.294234,43.008022,51.302407,70.910281,28.475231,24.927261,45.862308,33.489768,48.227341,23.246285,17.384483,25.912326,30.555616,55.071025,60.808014,17.501314,12.682208,27.373173,68.47063,20.083528,45.854719,45.159771,51.238293,18.134545,89.677394,21.138822,123.739998,1865.781334,31.096356
5,19,18.512683,19.239785,16.961288,26.775331,19.873916,29.67785,28.358901,15.586223,45.366568,40.766474,8.941589,3.261176,46.374862,34.726926,33.819255,36.854032,91.17389,30.366241,41.102294,60.163607,23.396499,20.776963,36.382459,29.564663,45.624246,21.142001,15.340819,22.866157,26.963597,48.597053,57.56116,16.177189,11.72269,25.302157,56.639181,16.613176,37.931209,34.451218,39.088364,13.834374,68.412556,16.126259,94.398034,1426.814915,23.780249
5,20,18.512683,19.252319,17.21803,27.528885,19.974597,29.828199,28.502567,12.789656,41.083211,27.420803,6.014392,2.193569,31.19318,23.358414,22.747886,24.789172,57.367339,21.32451,28.456858,43.895501,17.153641,15.48669,26.39201,22.804179,40.634357,18.86811,12.772298,19.037665,22.449069,40.460425,49.91946,14.261715,10.334655,22.306234,46.744407,13.71088,31.304687,28.200816,31.996656,11.324437,56.000631,13.20051,77.271625,1146.086928,19.101449
5,21,18.512683,19.346083,17.292878,27.099139,19.444449,29.036525,27.746078,11.061351,35.787225,24.752252,5.42908,1.980094,28.157507,21.085209,20.534096,22.376728,45.87566,13.694075,18.037794,31.54019,12.074338,11.286446,19.788364,16.78382,33.904101,15.762872,10.202864,15.207812,17.932935,32.320903,42.259321,12.304524,8.91639,19.245062,38.094932,11.173851,25.512141,22.974765,26.067177,9.225842,45.622841,10.75425,62.951989,959.156636,15.985944
5,22,18.512683,19.699008,17.375039,27.085191,19.178509,28.639394,27.366596,10.891671,34.893341,23.711087,5.200714,1.896805,26.973106,20.198292,19.670362,21.435486,44.985959,13.092962,16.88382,29.20618,10.979066,10.234189,18.298012,15.342289,30.892974,14.767245,9.612092,14.32724,16.894572,30.449439,39.431012,11.625158,8.424092,18.18249,32.298225,9.473585,21.630092,18.940851,21.490296,7.605967,37.612372,8.866016,51.898864,886.172343,14.769539
5,23,18.512683,19.347051,16.811408,26.171466,18.779621,28.043733,26.797407,10.592789,33.416498,23.031418,5.051638,1.842433,26.199932,19.619316,19.106519,20.821046,43.897432,12.855364,16.332454,27.923501,10.518443,9.888896,17.988451,14.003084,28.213749,13.761608,8.87101,13.222626,15.592019,28.101821,36.91443,11.093301,8.038685,17.350632,28.558132,8.376556,19.125355,14.094655,15.991801,5.659908,27.988891,6.597562,38.620049,813.725373,13.56209
6,0,18.512683,18.879517,15.349706,23.813715,17.05545,25.469016,24.337117,10.025541,29.916698,20.048934,4.397469,1.603845,22.807137,17.078687,16.632295,18.124797,34.618378,11.376382,14.701248,25.333763,10.037575,9.382363,16.218424,12.099131,19.658309,10.428985,8.241396,12.284158,14.485385,26.107312,34.78709,10.760239,7.797334,16.829701,26.118293,7.660912,17.491397,11.588566,13.148392,4.653553,23.012349,5.424488,31.753242,720.050972,12.00085
6,1,18.512683,18.879517,15.349706,23.813715,17.05545,25.469016,24.337117,10.025541,29.916698,20.048934,4.397469,1.603845,22.807137,17.078687,16.632295,18.124797,34.618378,11.376382,14.701248,25.333763,10.037575,9.382363,16.218424,12.099131,19.658309,10.428985,8.241396,12.284158,14.485385,26.107312,34.78709,10.760239,7.797334,16.829701,26.118293,7.660912,17.491397,11.588566,13.148392,4.653553,23.012349,5.424488,31.753242,720.050972,12.00085
6,2,18.512683,18.879517,15.349706,23.813715,17.05545,25.469016,24.337117,10.025541,29.916698,20.048934,4.397469,1.603845,22.807137,17.078687,16.632295,18.124797,34.618378,11.376382,14.701248,25.333763,10.037575,9.382363,16.218424,12.099131,19.658309,10.428985,8.241396,12.284158,14.485385,26.107312,34.78709,10.760239,7.797334,16.829701,26.118293,7.660912,17.491397,11.588566,13.148392,4.653553,23.012349,5.424488,31.753242,720.050972,12.00085
6,3,18.512683,18.879517,15.349706,23.813715,17.05545,25.469016,24.337117,10.025541,29.916698,20.048934,4.397469,1.603845,22.807137,17.078687,16.632295,18.124797,34.618378,11.376382,14.701248,25.333763,10.037575,9.382363,16.218424,12.099131,19.658309,10.428985,8.241396,12.284158,14.485385,26.107312,34.78709,10.760239,7.797334,16.829701,26.118293,7.660912,17.491397,11.588566,13.148392,4.653553,23.012349,5.424488,31.753242,720.050972,12.00085
6,4,18.512683,18.879517,15.349706,23.813715,17.05545,25.469016,24.337117,10.025541,29.916698,20.048934,4.397469,1.603845,22.807137,17.078687,16.632295,18.124797,34.618378,11.376382,14.701248,25.333763,10.037575,9.382363,16.218424,12.099131,19.658309,10.428985,8.241396,12.284158,14.485385,26.107312,34.78709,10.760239,7.797334,16.829701,26.118293,7.660912,17.491397,11.588566,13.148392,4.653553,23.012349,5.424488,31.753242,720.050972,12.00085
6,5,18.512683,19.209107,16.500572,25.764602,18.351341,27.404179,26.186277,10.780037,33.764435,22.563949,4.949105,1.805038,25.668151,19.221103,18.718713,20.398441,44.586292,13.518291,16.894538,27.925604,10.471349,9.738501,17.007987,13.408543,25.755571,12.953049,8.66325,12.91295,15.226851,27.443671,35.942219,10.926601,7.917887,17.089903,28.723095,8.424942,19.235831,13.230811,15.011683,5.313019,26.273486,6.193206,36.253073,796.839936,13.280666
6,6,18.512683,19.201435,16.541663,25.806178,18.265477,27.275958,26.063754,10.6715,33.41437,22.596994,4.956353,1.807681,25.705742,19.249252,18.746127,20.428314,43.506041,13.200222,16.597681,27.491597,10.305909,9.603032,16.775778,13.279778,25.6795,12.789208,8.54323,12.734055,15.0159,27.063471,35.468173,10.853947,7.865239,16.976267,28.096079,8.241028,18.815919,13.112854,14.877849,5.265652,26.03925,6.137991,35.929866,789.508997,13.158483
6,7,18.512683,19.201703,16.644604,25.864191,18.313755,27.348052,26.132644,10.653661,33.37362,22.371683,4.906934,1.789657,25.449435,19.057321,18.559213,20.224627,43.129089,13.155018,16.708193,27.530981,10.262856,9.552882,16.596706,13.297765,26.010455,12.842929,8.529508,12.713602,14.991782,27.020002,35.427286,10.848899,7.861581,16.968372,27.85565,8.170506,18.654904,13.170315,14.943044,5.288726,26.153354,6.164888,36.087311,788.340387,13.139006
6,8,18.512683,19.120308,16.585752,25.761522,18.433744,27.527233,26.303862,10.67379,33.985075,22.453566,4.924894,1.796207,25.542582,19.127072,18.627141,20.298651,43.125295,13.232129,16.936342,27.736981,10.282198,9.574669,16.686685,13.481485,26.489028,12.960128,8.564259,12.7654,15.052861,27.130086,35.655183,10.884788,7.887588,17.024504,27.643572,8.108301,18.512875,13.541854,15.364592,5.437923,26.891149,6.338802,37.105346,794.088105,13.234802
6,9,18.512683,19.096349,16.621729,25.804412,18.652812,27.854367,26.616457,10.648427,34.107364,22.765738,4.993364,1.82118,25.897701,19.392996,18.886114,20.580863,43.431095,13.496344,17.260131,28.08772,10.31739,9.603857,17.086427,13.818515,27.162655,13.195908,8.755294,13.050146,15.388632,27.735252,36.179693,10.994611,7.96717,17.196274,28.004074,8.214042,18.754303,14.825891,16.821462,5.953546,29.440966,6.939846,40.623672,812.557472,13.542625
6,10,18.512683,19.092835,16.698319,25.931764,18.827584,28.115355,26.865847,11.47203,38.284589,24.031549,5.271003,1.92244,27.337654,20.471277,19.936212,21.725192,43.725717,13.800122,17.813304,28.478323,10.434704,9.72219,16.896933,13.893944,28.309998,13.707508,8.950281,13.340783,15.731348,28.352937,37.595406,11.241005,8.145718,17.58165,30.531905,8.955495,20.447189,18.892753,21.435724,7.586652,37.51686,8.843502,51.767073,868.195357,14.469923
6,11,18.512683,19.344573,17.218678,26.549627,19.084114,28.498434,27.2319,14.035153,40.793809,26.745158,5.866198,2.13952,30.424584,22.782866,22.187381,24.17837,44.25021,14.14763,18.582753,29.511615,10.974912,10.255529,17.722008,15.220068,31.739425,15.346997,10.117458,15.08051,17.782822,32.050351,40.656663,12.069907,8.746376,18.878106,41.631288,12.211121,27.880436,26.911686,30.534009,10.806768,53.440702,12.597082,73.739346,998.478826,16.641314
6,12,18.512683,19.144097,16.806197,26.741784,20.365671,30.412191,29.060606,14.950061,41.148559,28.345619,6.217238,2.267551,32.245226,24.146219,23.5151,25.625232,46.529258,16.851473,21.917861,33.236388,12.539395,11.521298,18.772476,17.422548,34.726891,16.735694,11.378671,16.960402,19.999576,36.045654,45.183779,13.320067,9.652296,20.833435,48.486422,14.221841,32.471313,31.71384,35.982534,12.735141,62.976724,14.84492,86.897483,1103.461414,18.391024
6,13,18.512683,19.369132,17.330566,27.27326,20.653544,30.842074,29.471384,15.544549,41.714506,29.095557,6.381727,2.327544,33.098336,24.785054,24.137237,26.303197,48.044216,17.197694,22.534426,35.163551,13.163933,11.847778,19.553868,18.371512,36.112432,17.897319,12.484943,18.609349,21.944001,39.550131,48.883048,14.376661,10.41795,22.486017,52.570135,15.419659,35.206172,33.129825,37.589112,13.30375,65.78856,15.507728,90.777352,1154.771472,19.246191
6,14,18.512683,19.58797,17.627519,28.081514,22.017354,32.878661,31.417461,15.921829,42.051709,29.6661,6.506868,2.373185,33.74737,25.27107,24.610551,26.818983,48.810286,16.74186,21.557905,36.712767,14.072347,12.851612,20.825183,19.928505,38.218889,18.728927,12.935775,19.281334,22.736402,40.978291,50.142767,14.638617,10.607774,22.895732,59.325717,17.401179,39.730379,38.212252,43.355636,15.344671,75.881146,17.88676,104.703454,1231.596994,20.526617
6,15,18.512683,19.791922,18.557033,34.374794,27.358282,40.854303,39.038648,15.767225,41.822291,30.624508,6.717082,2.449854,34.83763,26.087491,25.405632,27.685412,54.531134,16.659328,22.564707,42.981768,16.864601,15.646439,29.562842,25.299365,42.665016,20.189839,14.299195,21.313571,25.1328,45.29737,49.688959,14.580782,10.565864,22.805274,54.108013,15.870743,36.236087,34.499036,39.142619,13.853576,68.507513,16.148642,94.529058,1273.428931,21.223816
6,16,18.512683,20.486404,18.825636,33.626443,27.733605,41.414776,39.574212,16.2884,42.409561,32.307674,7.086262,2.584502,36.752355,27.521296,26.801961,29.20704,67.115916,22.266491,28.338613,50.686548,20.355236,18.688415,33.750266,26.488089,43.88331,20.619886,14.004932,20.87496,24.615592,44.365195,46.739709,13.786288,9.99014,21.562635,51.787976,15.19024,34.682361,34.832601,39.521082,13.987524,69.1699,16.30478,95.443043,1320.184538,22.003076
6,17,18.512683,20.36972,20.1074,37.338709,29.399589,43.902601,41.951472,14.892006,42.10747,35.140565,7.70762,2.811123,39.974977,29.934494,29.152085,31.768053,73.813239,22.78824,29.498741,52.961482,21.568084,19.506521,39.182105,29.833762,44.934841,20.947589,15.154401,22.588292,26.635941,48.006511,50.134383,14.882389,10.784422,23.277007,53.076007,15.56804,35.544954,35.957407,40.797288,14.439206,71.403518,16.83129,98.525067,1393.711294,23.228522
6,18,18.512683,20.826695,21.411901,38.670697,27.794568,41.505813,39.661202,13.859215,40.746879,33.052714,7.249677,2.644102,37.599893,28.155958,27.420035,29.880577,72.248213,23.217857,29.62918,53.511633,21.366089,19.022416,36.00125,29.469094,43.998096,20.3452,14.957805,22.295258,26.290397,47.383731,48.034414,13.955213,10.112551,21.826845,51.633676,15.144981,34.579026,33.188346,37.655509,13.32725,65.90477,15.535121,90.937702,1340.564232,22.342737
6,19,18.512683,20.727554,19.13245,32.610232,24.395176,36.429478,34.810471,13.274977,39.130162,27.375394,6.004432,2.189936,31.141524,23.319733,22.710216,24.748122,57.411411,17.38247,22.523047,44.6356,17.245021,14.674713,26.339426,24.418161,39.950983,18.400141,13.471121,20.079291,23.677346,42.674174,46.148615,13.553722,9.821612,21.198887,48.620021,14.261028,32.560784,31.073682,35.256212,12.478077,61.705513,14.545269,85.143421,1185.762288,19.762705
6,20,18.512683,21.988147,22.236799,35.908238,23.93623,35.74413,34.155582,11.633379,35.524829,24.880199,5.457144,1.990329,28.303056,21.1942,20.640239,22.492395,46.559091,13.127159,17.046407,32.215681,12.159147,11.150273,20.576344,17.606941,33.068722,15.754647,10.976095,16.360347,19.291995,34.770366,43.20051,13.022953,9.436994,20.368731,38.932017,11.419382,26.072737,24.075094,27.31561,9.667695,47.807852,11.269302,65.966943,1013.816614,16.896944
6,21,18.512683,20.841008,21.088881,34.078033,21.906749,32.713493,31.259633,11.258224,35.193781,24.157309,5.298587,1.932501,27.480716,20.578407,20.040541,21.838883,45.067082,13.623867,17.472543,29.411594,11.062827,10.391743,18.264216,15.415027,30.130502,14.379411,9.597065,14.304841,16.868159,30.401835,40.075025,12.049065,8.731273,18.845507,33.851878,9.929296,22.670572,19.88006,22.555924,7.98312,39.477436,9.305651,54.472345,924.397293,15.406622
6,22,18.512683,20.6958,20.876618,33.888896,21.908808,32.716569,31.262572,11.192428,35.281689,23.773847,5.21448,1.901825,27.044499,20.251754,19.722426,21.492222,45.0403,13.116201,16.915118,29.526199,11.035082,10.252908,18.34937,15.516326,30.17391,14.423821,9.447742,14.082269,16.605704,29.928807,39.803996,11.959643,8.666474,18.705646,34.120487,10.008083,22.850459,21.015018,23.843648,8.438878,41.731214,9.836913,57.582185,928.713517,15.478559
6,23,18.512683,19.553847,18.36598,29.909048,20.386407,30.443157,29.090196,10.995257,34.736826,23.159913,5.079821,1.852713,26.346104,19.728774,19.213116,20.937208,43.862813,12.912817,16.47062,28.148864,10.502527,9.8268,16.771198,13.924201,27.815076,13.368868,8.877109,13.231717,15.602739,28.121142,36.810959,11.177513,8.099709,17.482344,29.360263,8.611833,19.662541,15.3743,17.443686,6.173768,30.529985,7.196551,42.126339,837.797332,13.963289