weekdate,hour,769097,763727,759289,717045,768598,717043,716063,717041,717040,763743,717036,763330,717033,718103,717031,717029,717026,773647,764244,718414,717019,717015,717012,718099,763341,716032,763325,737292,718411,764059,737269,763490,737258,737242,764050,737232,759259,total/sec,total/min
0,0,42.802836,7.181769,28.78241,10.624384,2.925771,14.569488,17.168971,16.615773,10.080637,6.765513,18.639118,34.68186,12.961322,13.18708,14.050924,12.975179,7.448437,10.931155,19.478816,28.284291,25.792967,19.369953,25.830638,34.364604,18.59929,17.352399,16.479431,28.222514,20.067479,45.144187,5.339989,13.895206,42.641727,4.178429,20.116803,15.296869,36.677787,719.526006,11.9921
0,1,42.802836,7.181769,28.78241,10.624384,2.925771,14.569488,17.168971,16.615773,10.080637,6.765513,18.639118,34.68186,12.961322,13.18708,14.050924,12.975179,7.448437,10.931155,19.478816,28.284291,25.792967,19.369953,25.830638,34.364604,18.59929,17.352399,16.479431,28.222514,20.067479,45.144187,5.339989,13.895206,42.641727,4.178429,20.116803,15.296869,36.677787,719.526006,11.9921
0,2,42.802836,7.181769,28.78241,10.624384,2.925771,14.569488,17.168971,16.615773,10.080637,6.765513,18.639118,34.68186,12.961322,13.18708,14.050924,12.975179,7.448437,10.931155,19.478816,28.284291,25.792967,19.369953,25.830638,34.364604,18.59929,17.352399,16.479431,28.222514,20.067479,45.144187,5.339989,13.895206,42.641727,4.178429,20.116803,15.296869,36.677787,719.526006,11.9921
0,3,42.802836,7.181769,28.78241,10.624384,2.925771,14.569488,17.168971,16.615773,10.080637,6.765513,18.639118,34.68186,12.961322,13.18708,14.050924,12.975179,7.448437,10.931155,19.478816,28.284291,25.792967,19.369953,25.830638,34.364604,18.59929,17.352399,16.479431,28.222514,20.067479,45.144187,5.339989,13.895206,42.641727,4.178429,20.116803,15.296869,36.677787,719.526006,11.9921
0,4,42.802836,7.181769,28.78241,10.624384,2.925771,14.569488,17.168971,16.615773,10.080637,6.765513,18.639118,34.68186,12.961322,13.18708,14.050924,12.975179,7.448437,10.931155,19.478816,28.284291,25.792967,19.369953,25.830638,34.364604,18.59929,17.352399,16.479431,28.222514,20.067479,45.144187,5.339989,13.895206,42.641727,4.178429,20.116803,15.296869,36.677787,719.526006,11.9921
0,5,42.802836,7.181769,29.54147,11.199943,3.045778,15.305709,17.712124,16.975656,10.298975,6.912048,19.042826,35.687032,13.194916,13.523471,14.409351,13.306164,7.660954,12.722439,23.064573,31.846187,28.123741,21.120313,28.164816,35.865784,19.616017,18.593338,17.000021,30.455803,23.339367,53.164512,5.969808,14.659695,44.987799,4.408319,21.991809,16.679225,38.750812,768.3254,12.805423
0,6,42.802836,7.181769,29.406193,11.095097,3.023673,15.210507,17.604861,16.931905,10.272431,6.894234,18.993747,35.537862,13.321789,13.503299,14.387857,13.286316,7.587389,12.631887,23.207096,31.81927,28.0298,21.049766,28.070738,35.483797,19.205035,17.917535,16.893032,30.022309,22.689726,51.697557,5.837637,14.381062,44.132726,4.324531,21.586179,16.368599,38.482377,760.872424,12.681207
0,7,42.802836,7.181769,29.360385,11.059821,3.012926,15.11194,17.502019,16.834807,10.213523,6.854698,18.884826,35.554003,13.198829,13.41508,14.293859,13.199515,7.56051,12.613705,23.540708,31.957114,27.95221,20.991498,27.993035,35.497176,18.952008,17.781905,16.858294,30.064077,22.720388,51.770303,5.822544,14.328441,43.971243,4.308707,21.563036,16.350413,38.391321,759.469472,12.657825
0,8,42.802836,7.181769,29.352173,11.05351,3.016652,15.101613,17.45748,16.877239,10.239266,6.871975,18.932424,35.704771,13.246005,13.352532,14.227214,13.137972,7.593453,12.70152,23.837351,32.105775,27.941306,20.983308,27.982114,35.569017,18.962929,17.759385,16.857685,29.847015,22.587318,51.609941,5.855185,14.347458,44.029602,4.314426,21.657748,16.517067,38.673312,760.288346,12.671472
0,9,42.802836,7.181769,29.429488,11.11308,3.038433,15.170899,17.425427,16.859187,10.228314,6.864625,18.912174,35.835196,13.168987,13.345871,14.220117,13.131419,7.685787,12.836406,24.285267,32.660528,28.251805,21.216486,28.293067,36.093166,19.204879,17.54429,16.814375,30.1076,22.829129,51.89996,6.042529,14.528279,44.584508,4.3688,21.958399,17.068053,39.539785,766.54092,12.775682
0,10,42.802836,7.181769,29.740801,11.356292,3.112739,15.433599,17.858514,17.441301,10.581477,7.101647,19.565174,36.32217,13.461375,13.437575,14.317829,13.221649,8.426893,13.769176,25.570365,33.427549,29.161499,21.899647,29.20409,40.038951,21.670439,20.217659,16.944911,30.649474,23.279184,53.091293,6.308635,15.409529,47.288894,4.633801,23.693601,19.655753,43.882337,801.160427,13.352674
0,11,42.802836,7.181769,29.690382,11.316534,3.143145,15.63026,18.223538,18.093826,10.977358,7.367338,42.185534,37.067886,14.316645,13.50827,14.393155,13.291208,8.928841,14.964416,27.795876,36.41024,33.641394,25.26395,33.690527,45.608666,24.684957,23.030085,17.150596,31.249091,24.455388,58.448162,7.564453,18.439243,56.586507,5.544867,30.528801,25.658329,54.019607,902.85368,15.047561
0,12,42.802836,7.181769,30.076119,11.624422,3.292777,16.439771,19.622344,19.741588,11.97704,8.038264,22.145573,39.348142,15.574824,13.628347,14.521097,13.409355,9.508457,15.59153,29.92676,43.20344,43.103446,32.369744,43.166399,49.861647,23.170013,18.955803,17.531607,32.000256,24.764593,58.675244,7.287648,17.448906,53.547352,5.247062,34.892217,27.525269,61.401426,938.603087,15.643385
0,13,42.802836,7.181769,30.816726,12.240451,3.389793,17.024098,21.370901,22.458323,13.625259,9.144448,25.193132,45.521804,18.705434,14.008576,14.926234,13.783475,11.394784,18.116174,33.486071,51.704192,51.461476,38.646441,51.536636,52.579736,21.654059,17.473539,17.307917,31.625185,24.935866,57.753481,6.920139,17.108729,52.503415,5.144768,35.345036,27.759366,65.42925,1002.079519,16.701325
0,14,42.802836,7.181769,31.888984,13.195318,3.621819,18.102854,22.849186,24.643617,14.951057,10.034243,27.644535,48.400651,20.188495,14.76021,15.727105,14.523031,12.542629,19.691653,34.469371,54.06073,55.620315,41.769638,55.701549,53.966103,21.925386,19.248152,17.315374,31.629145,24.953075,57.371673,6.780688,16.709496,51.278244,5.024714,37.362696,28.414996,62.03647,1038.387807,17.306463
0,15,42.802836,7.181769,32.51066,13.786363,3.721744,18.350981,23.524122,25.654087,15.564099,10.44568,28.778052,47.772032,19.783106,15.295806,16.297787,15.05002,12.434729,19.375361,33.294492,54.571531,57.295838,43.027919,57.379519,51.036442,27.622654,25.770839,17.41075,31.743278,24.800243,56.969156,6.788344,16.50415,50.648078,4.962965,36.62078,27.937662,57.979633,1050.693507,17.511558
0,16,42.802836,7.181769,32.314161,13.5964,3.743093,18.299247,23.569738,25.073762,15.212021,10.209387,28.127059,46.396361,18.836351,16.319804,17.388863,16.057564,10.65654,17.182632,29.512899,45.207381,46.083628,34.607795,46.150933,48.881948,25.949525,19.928146,17.414375,31.342871,24.220919,55.259561,6.3613,15.510561,47.598943,4.664183,33.80086,25.771865,50.926099,972.16138,16.20269
0,17,42.802836,7.181769,31.552627,12.887312,3.692524,17.890305,21.47737,21.831031,13.244686,8.889031,24.489452,40.719382,16.165941,14.093287,15.016493,13.866824,8.943431,14.979936,27.155645,35.292442,31.793555,23.876263,31.83999,44.874442,24.28757,22.659339,18.060583,31.96924,23.979817,53.917238,6.127239,14.932674,45.825518,4.490406,29.142614,22.818114,45.971084,868.73801,14.478967
0,18,42.802836,7.181769,30.258297,11.772856,3.22042,15.850118,18.542402,18.431181,11.182028,7.5047,20.675594,36.998049,13.788037,13.984891,14.900997,13.76017,7.894255,13.360909,25.243001,33.415647,28.953288,19.4874,26.718178,37.852739,19.474482,17.398558,17.582507,31.200377,23.279562,52.805623,5.958825,14.518302,44.553889,4.3658,25.745396,20.224549,42.259967,793.147599,13.219127
0,19,42.802836,7.181769,29.755187,11.367663,3.10672,15.454191,17.624082,17.176819,10.421019,6.993956,20.826808,36.288525,13.330429,13.57391,14.463095,13.355793,7.714224,13.104404,24.702343,33.200235,28.772916,21.607829,28.814939,36.418284,18.682117,17.679952,17.157022,30.220639,23.053148,52.232076,5.914052,14.497092,44.488801,4.359422,22.781275,17.927166,40.062371,777.113109,12.951885
0,20,42.802836,7.181769,29.852398,11.444808,3.130837,15.532073,17.649187,17.137897,10.397405,6.978108,19.224824,36.465862,13.40677,13.556929,14.445,13.339084,7.745201,13.159911,24.750598,33.373588,29.002332,21.780116,29.044691,36.430238,20.364186,18.75935,17.115956,30.31806,23.290365,52.750358,5.963257,14.582214,44.750024,4.385019,22.541217,17.174529,39.212176,779.039173,12.983986
0,21,42.802836,7.181769,29.836725,11.432334,3.118188,15.535501,17.646813,17.145353,10.401928,6.981144,19.233187,36.513536,13.444753,13.603454,14.494574,13.384863,7.75818,13.224201,24.622407,33.533232,29.132762,21.878066,29.175311,36.252965,19.166461,17.782624,17.135031,30.262697,23.234559,52.53158,5.956397,14.588115,44.768131,4.386794,22.121999,16.791834,38.870856,775.93116,12.932186
0,22,42.802836,7.181769,29.511814,11.176872,3.049863,15.240817,17.460462,16.871745,10.235933,6.869738,18.926262,35.875787,13.218886,13.404008,14.282062,13.188621,7.585601,12.833416,23.995979,32.626829,28.823023,19.457402,26.19275,35.784874,19.347163,18.088466,16.901918,30.004775,23.082153,52.390417,5.893129,14.491241,44.470846,4.357663,22.18966,16.820046,38.667559,763.302385,12.721706
0,23,42.802836,7.181769,29.415316,11.102136,3.019341,15.134417,17.463908,16.812129,10.199764,6.845464,18.859385,35.616722,13.163727,13.454748,14.336126,13.238545,7.570932,12.790302,23.491504,31.672241,27.91909,20.966625,27.959866,35.443697,20.19273,19.280443,16.762755,29.687975,22.841047,52.156191,5.841656,14.401951,44.196832,4.330812,21.975115,16.651493,38.463657,763.243247,12.720721
1,0,42.802836,7.181769,28.78241,10.624384,2.925771,14.569488,17.168971,16.615773,10.080637,6.765513,18.639118,34.68186,12.961322,13.18708,14.050924,12.975179,7.448437,10.931155,19.478816,28.284291,25.792967,19.369953,25.830638,34.364604,18.59929,17.352399,16.479431,28.222514,20.067479,45.144187,5.339989,13.895206,42.641727,4.178429,20.116803,15.296869,36.677787,719.526006,11.9921
1,1,42.802836,7.181769,28.78241,10.624384,2.925771,14.569488,17.168971,16.615773,10.080637,6.765513,18.639118,34.68186,12.961322,13.18708,14.050924,12.975179,7.448437,10.931155,19.478816,28.284291,25.792967,19.369953,25.830638,34.364604,18.59929,17.352399,16.479431,28.222514,20.067479,45.144187,5.339989,13.895206,42.641727,4.178429,20.116803,15.296869,36.677787,719.526006,11.9921
1,2,42.802836,7.181769,28.78241,10.624384,2.925771,14.569488,17.168971,16.615773,10.080637,6.765513,18.639118,34.68186,12.961322,13.18708,14.050924,12.975179,7.448437,10.931155,19.478816,28.284291,25.792967,19.369953,25.830638,34.364604,18.59929,17.352399,16.479431,28.222514,20.067479,45.144187,5.339989,13.895206,42.641727,4.178429,20.116803,15.296869,36.677787,719.526006,11.9921
1,3,42.802836,7.181769,28.78241,10.624384,2.925771,14.569488,17.168971,16.615773,10.080637,6.765513,18.639118,34.68186,12.961322,13.18708,14.050924,12.975179,7.448437,10.931155,19.478816,28.284291,25.792967,19.369953,25.830638,34.364604,18.59929,17.352399,16.479431,28.222514,20.067479,45.144187,5.339989,13.895206,42.641727,4.178429,20.116803,15.296869,36.677787,719.526006,11.9921
1,4,42.802836,7.181769,28.78241,10.624384,2.925771,14.569488,17.168971,16.615773,10.080637,6.765513,18.639118,34.68186,12.961322,13.18708,14.050924,12.975179,7.448437,10.931155,19.478816,28.284291,25.792967,19.369953,25.830638,34.364604,18.59929,17.352399,16.479431,28.222514,20.067479,45.144187,5.339989,13.895206,42.641727,4.178429,20.116803,15.296869,36.677787,719.526006,11.9921
1,5,42.802836,7.181769,30.217532,11.73947,3.264972,16.902249,19.435419,18.402224,11.164461,7.49291,20.643111,38.190439,14.094016,14.956103,15.935831,14.715776,8.250616,13.746052,25.845115,35.807123,30.457785,22.873129,30.502269,37.076122,20.40556,18.783946,17.293104,31.276759,23.997269,54.324577,6.108197,14.916437,45.775689,4.485523,22.419457,16.946161,39.689939,808.119947,13.468666
1,6,42.802836,7.181769,34.970715,16.444215,4.740932,25.888204,32.531518,35.903308,21.782208,14.618898,40.275348,65.561846,24.265099,30.736052,32.749474,30.242159,13.027868,20.390376,37.601225,55.028394,47.84272,35.928835,47.912595,42.53351,23.536886,20.090178,17.585191,32.055547,24.240102,54.501533,6.252799,15.006677,46.05262,4.51266,22.204298,16.809444,39.76358,1083.571619,18.059527
1,7,42.802836,7.181769,33.314873,14.595909,3.823703,21.15202,27.664337,32.382531,19.646185,13.185329,36.325837,103.755711,42.608637,36.603972,39.001783,36.015788,24.144208,37.32974,66.171713,121.818097,104.987749,78.843499,105.141084,57.659102,42.079193,30.410559,19.464108,36.198667,26.284353,57.831934,7.054873,16.975117,52.093384,5.104589,22.414998,16.945514,39.826679,1478.84038,24.64734
1,8,42.802836,7.181769,31.356845,12.711672,3.426715,18.36504,22.184926,23.741568,14.403792,9.666952,26.632641,93.330274,46.961462,54.450683,58.017577,53.575724,25.486274,39.308671,67.025178,132.600757,116.342366,87.370568,116.512285,63.464213,34.348985,32.04624,26.291668,48.791044,32.784604,70.580096,9.808344,23.012766,70.621773,6.920171,22.5102,17.137964,39.817064,1601.591707,26.693195
1,9,42.802836,7.181769,30.764226,12.195661,3.30363,17.370944,19.959878,20.964276,12.718834,8.536111,23.517151,75.043809,36.287712,37.81115,40.28804,37.203569,21.650966,32.803318,58.172221,111.265829,103.885023,78.015377,104.036748,63.282121,34.250431,31.954293,25.387719,49.447109,35.301995,75.937768,10.662706,23.98307,73.599451,7.211952,22.406123,16.978831,39.802486,1445.985133,24.099752
1,10,42.802836,7.181769,30.549226,12.014051,3.367475,17.275354,20.958357,20.887927,12.672513,8.505023,23.431504,54.548049,23.122876,20.472436,21.813521,20.143467,13.485328,21.153324,39.45286,61.199927,59.00535,44.311725,59.091528,54.86412,25.445282,19.963725,19.084455,35.754013,26.362431,59.617701,7.315509,17.624687,54.086791,5.299922,23.123997,17.65789,40.814546,1044.461495,17.407692
1,11,42.802836,7.181769,30.420888,11.907015,3.412316,17.333501,20.292543,19.693634,11.947947,8.018738,22.091779,42.59265,17.13421,14.358015,15.298563,14.127298,10.316685,16.878331,30.296052,42.49028,41.133448,30.890319,41.193524,50.759965,27.473015,25.631233,17.813092,32.61326,24.69914,55.894047,6.657676,15.630476,47.966938,4.700242,24.369815,18.938484,42.886865,907.846589,15.130777
1,12,42.802836,7.181769,30.379342,11.872581,3.32487,16.935581,19.440113,19.149422,11.617779,7.797149,21.481297,40.375064,15.869097,14.337143,15.276324,14.106761,9.217817,15.127649,29.183868,41.224554,39.957425,30.007151,40.015783,49.693345,26.895724,25.092643,17.690709,32.12856,24.556164,55.910896,6.563937,15.6828,48.12751,4.715976,25.496427,20.295607,44.64536,894.177033,14.902951
1,13,42.802836,7.181769,30.816926,11.737239,3.257862,16.483915,19.120851,18.682389,10.336438,6.765513,19.904917,39.311214,15.453837,14.912288,14.050924,15.476911,8.974126,14.979819,28.742266,39.398474,37.650227,27.586574,38.375349,47.135684,24.87308,17.674897,17.651695,31.914827,24.421876,55.189106,6.467537,15.574249,43.107997,4.209932,25.520812,20.001645,44.78403,860.530031,14.342167
1,14,42.802836,7.181769,30.281224,11.791678,3.303181,16.477908,19.045671,18.720587,11.357609,7.622539,21.000242,39.961465,15.78649,18.812403,20.044744,18.510109,9.326334,15.398151,28.399853,39.801995,38.554327,28.953455,38.610636,45.572974,24.66564,23.012063,17.663941,32.101016,24.523224,54.962283,6.374601,15.468448,47.469706,4.651519,25.132598,19.522032,43.840199,886.70545,14.778424
1,15,42.802836,7.181769,30.255878,11.770873,3.330772,16.682636,19.050068,18.784777,11.396552,7.648675,21.072248,40.188827,15.170876,14.429632,15.374871,14.197764,8.968552,14.618774,27.152239,39.136668,37.795791,28.383811,37.850993,43.700726,23.652316,22.066672,17.6727,32.230203,24.716785,54.466262,6.238461,15.077964,46.271386,4.534096,24.552954,19.60523,44.232168,862.263805,14.371063
1,16,42.802836,7.181769,30.892447,12.305363,3.545061,17.322801,20.060222,19.863622,12.051077,8.087953,22.282467,40.405827,15.333583,14.891625,15.867129,14.652334,8.915051,14.48581,26.369113,35.430818,31.886138,23.945791,31.932708,40.898818,22.135828,20.651849,17.676056,31.525331,24.186536,53.743018,6.10548,14.792678,45.395897,4.448308,23.211395,18.195782,42.588355,836.066876,13.934448
1,17,42.802836,7.181769,36.421378,18.301406,4.865949,21.322349,24.593957,25.947658,15.742206,10.565215,29.107372,48.900101,18.721672,20.682163,22.036986,20.349824,9.73075,15.493371,27.703901,36.686771,32.358971,24.300878,32.406231,42.946624,23.24417,21.685888,17.61712,31.301024,24.028424,53.932217,6.087899,14.767892,45.319833,4.440854,22.673529,17.704064,42.772259,914.745511,15.245759
1,18,42.802836,7.181769,38.241073,21.025314,5.362775,22.485609,25.654527,27.305679,16.566105,11.118166,30.630763,52.774963,20.553531,21.711136,23.133364,21.362263,9.978251,16.194225,29.850623,43.815446,41.791477,31.384484,41.852514,48.133069,22.54069,19.537617,17.889621,32.057749,24.665137,54.602719,6.258543,14.880634,45.665818,4.474757,22.739487,18.054024,41.543336,975.820094,16.263668
1,19,42.802836,7.181769,31.657468,12.982458,3.565681,17.141148,19.564107,19.451347,11.800954,7.920085,21.819988,40.165067,15.66417,16.189668,17.250203,15.929519,8.776312,14.70711,27.087106,39.968431,35.03071,26.307296,35.081873,41.901737,22.678642,21.158272,17.441033,30.709548,23.517035,53.257806,6.057979,14.71921,45.170437,4.426215,22.397695,17.354087,39.463086,848.298088,14.138301
1,20,42.802836,7.181769,29.60405,11.248789,3.071701,15.377186,17.610708,17.033492,10.334063,6.935597,19.107705,36.243904,13.315081,13.514872,14.400189,13.297704,7.68538,13.026182,24.424421,33.132024,28.763201,21.600534,28.80521,36.369409,19.684358,18.364724,17.062266,30.098581,23.129047,52.644669,5.94401,14.573231,44.722457,4.382318,22.127575,16.814214,38.654097,773.087554,12.884793
1,21,42.802836,7.181769,29.534385,11.194427,3.05689,15.327358,17.571156,16.993399,10.309739,6.919272,19.062729,36.160148,13.31861,13.539629,14.426567,13.322062,7.623683,12.88504,24.255856,32.808543,28.635979,21.504993,28.677802,36.080766,19.528135,18.218975,17.010667,29.986024,23.096735,52.661914,5.956636,14.606394,44.824229,4.392291,22.219494,16.896169,38.736942,771.328243,12.855471
1,22,42.802836,7.181769,29.540662,11.199314,3.05713,15.304227,17.571115,16.95731,10.287844,6.904578,19.022246,35.90573,13.259663,13.525597,14.411616,13.308256,7.604429,12.872705,24.000757,32.416733,28.388967,21.319493,28.43043,35.71446,19.329878,18.034008,16.887076,29.824699,22.977179,52.506636,5.904705,14.51594,44.546642,4.36509,22.042962,16.761271,38.5467,767.230653,12.787178
1,23,42.802836,7.181769,29.452843,11.131139,3.030774,15.238904,17.592769,16.933511,10.273406,6.894888,18.995549,35.765526,13.217614,13.507073,14.391878,13.290029,7.593515,12.761258,23.544226,31.592197,27.914929,20.9635,27.955699,35.569819,19.251593,17.960972,16.822785,29.700312,22.821932,52.406398,5.876694,14.453767,44.355845,4.346394,21.973419,16.691231,38.395422,762.652415,12.710874
2,0,42.802836,7.181769,28.78241,10.624384,2.925771,14.569488,17.168971,16.615773,10.080637,6.765513,18.639118,34.68186,12.961322,13.18708,14.050924,12.975179,7.448437,10.931155,19.478816,28.284291,25.792967,19.369953,25.830638,34.364604,18.59929,17.352399,16.479431,28.222514,20.067479,45.144187,5.339989,13.895206,42.641727,4.178429,20.116803,15.296869,36.677787,719.526006,11.9921
2,1,42.802836,7.181769,28.78241,10.624384,2.925771,14.569488,17.168971,16.615773,10.080637,6.765513,18.639118,34.68186,12.961322,13.18708,14.050924,12.975179,7.448437,10.931155,19.478816,28.284291,25.792967,19.369953,25.830638,34.364604,18.59929,17.352399,16.479431,28.222514,20.067479,45.144187,5.339989,13.895206,42.641727,4.178429,20.116803,15.296869,36.677787,719.526006,11.9921
2,2,42.802836,7.181769,28.78241,10.624384,2.925771,14.569488,17.168971,16.615773,10.080637,6.765513,18.639118,34.68186,12.961322,13.18708,14.050924,12.975179,7.448437,10.931155,19.478816,28.284291,25.792967,19.369953,25.830638,34.364604,18.59929,17.352399,16.479431,28.222514,20.067479,45.144187,5.339989,13.895206,42.641727,4.178429,20.116803,15.296869,36.677787,719.526006,11.9921
2,3,42.802836,7.181769,28.78241,10.624384,2.925771,14.569488,17.168971,16.615773,10.080637,6.765513,18.639118,34.68186,12.961322,13.18708,14.050924,12.975179,7.448437,10.931155,19.478816,28.284291,25.792967,19.369953,25.830638,34.364604,18.59929,17.352399,16.479431,28.222514,20.067479,45.144187,5.339989,13.895206,42.641727,4.178429,20.116803,15.296869,36.677787,719.526006,11.9921
2,4,42.802836,7.181769,28.78241,10.624384,2.925771,14.569488,17.168971,16.615773,10.080637,6.765513,18.639118,34.68186,12.961322,13.18708,14.050924,12.975179,7.448437,10.931155,19.478816,28.284291,25.792967,19.369953,25.830638,34.364604,18.59929,17.352399,16.479431,28.222514,20.067479,45.144187,5.339989,13.895206,42.641727,4.178429,20.116803,15.296869,36.677787,719.526006,11.9921
2,5,42.802836,7.181769,30.162821,11.694818,3.273797,17.073627,19.774958,18.739524,11.369097,7.630249,21.021485,38.75459,14.292973,15.294562,16.296461,15.048796,8.342823,13.799263,26.136665,35.988454,30.540654,22.935362,30.585259,37.152734,20.10832,18.760264,17.276376,31.327192,23.958024,54.105171,6.091887,14.934492,45.831097,4.490953,22.490169,17.018144,40.006551,812.292217,13.538204
2,6,42.802836,7.181769,39.396638,19.597609,5.927925,30.949858,38.842452,45.533038,14.102714,9.464887,26.075948,73.574777,26.625696,31.740626,18.769814,14.692923,14.007461,21.536615,40.618129,54.130107,48.473441,36.402492,48.544237,44.332286,23.994137,22.385577,17.571901,32.093768,24.261127,54.590349,6.267197,15.073196,43.485714,4.233099,22.404521,16.97205,39.990298,1076.647212,17.94412
2,7,42.802836,7.181769,35.246971,16.779277,4.63217,24.771533,36.764895,53.305953,32.340232,21.704805,59.797157,134.039667,54.198286,78.123304,83.240916,76.867953,36.24186,44.563076,78.639701,126.892568,107.2524,80.544203,107.409044,61.626688,33.354455,31.118382,20.425883,37.484347,26.973171,59.540474,7.365239,17.625453,54.089142,5.300152,22.626424,17.094271,40.085509,1778.050166,29.634169
2,8,42.802836,7.181769,31.329007,12.686911,3.458375,18.317946,23.642901,29.431706,17.855946,11.983829,33.015682,134.445195,61.056335,87.717518,93.463617,86.307999,43.070357,51.383505,80.825454,122.091498,108.039804,81.135526,108.197597,71.263294,24.908046,23.468338,30.564734,54.532753,35.275251,73.794712,10.348174,25.0039,76.732182,7.518926,22.675298,17.670367,40.554546,1803.751834,30.062531
2,9,42.802836,7.181769,31.709453,13.029922,3.500395,17.647181,21.845628,23.171916,14.058189,9.435005,25.99362,95.294913,50.593595,62.969142,67.094053,61.957301,39.023677,45.945649,74.201492,118.065434,107.062891,80.401886,107.219257,72.563651,39.27391,36.640999,30.345591,54.713799,37.98197,82.952546,11.748941,26.691489,81.911072,8.026401,22.70991,17.396326,40.3873,1683.549109,28.059152
2,10,42.802836,7.181769,32.367102,13.014571,3.720197,19.305843,24.25513,25.702569,10.887152,7.306797,20.130367,73.252626,31.786755,27.986382,14.050924,20.714332,20.239094,28.531795,51.384326,78.285002,75.217908,56.487002,75.327765,60.755309,32.882835,30.678379,20.27674,38.094649,29.092687,67.237925,9.154555,21.481522,48.639363,4.250098,22.995632,17.347356,40.586183,1203.411477,20.056858
2,11,42.802836,7.181769,31.367105,12.720811,3.674275,18.894535,22.382618,22.753492,13.804335,9.264633,25.524244,49.201644,20.309174,20.693439,22.049001,20.360919,12.266403,19.152935,35.338173,56.009685,56.735916,42.60743,56.81878,55.458664,21.646884,20.195684,17.918341,32.871275,24.778389,55.458976,6.487702,15.646065,48.014778,4.70493,23.105957,17.85254,41.47541,1007.529747,16.792162
2,12,42.802836,7.181769,30.781363,12.210262,3.532541,17.837876,21.021276,21.125983,12.81694,8.601954,23.698549,45.391952,18.451413,18.28314,19.480811,17.989351,11.578508,19.35762,34.685134,52.881171,55.224084,41.472078,55.30474,54.640314,29.573192,27.590614,18.070716,32.383451,24.440217,54.792784,6.322719,15.142163,46.468399,4.553401,23.614526,18.832747,42.872061,991.008655,16.516811
2,13,42.802836,7.181769,30.57771,11.923514,3.348936,16.948318,20.319202,20.302611,10.36856,6.765513,19.589031,44.584832,17.44193,15.302728,14.050924,14.793512,10.825003,17.299534,31.596592,45.70018,45.420371,20.418047,26.956067,50.851945,19.587263,18.438204,18.236016,32.602458,24.313842,54.415943,6.274771,15.062473,43.081333,4.217826,23.929149,19.359574,42.923247,867.811764,14.463529
2,14,42.802836,7.181769,30.977908,11.922987,3.339024,16.836515,19.519868,19.603638,10.75361,6.765513,20.187515,43.602683,17.641022,15.578176,14.050924,15.246613,10.544524,17.232729,30.572112,47.402861,49.374021,23.022036,33.343334,49.657962,22.101945,17.689339,18.249155,32.901241,24.543822,54.105483,6.204927,15.029357,44.470115,5.494755,23.254188,18.546908,42.12322,881.874635,14.697911
2,15,42.802836,7.181769,30.82188,11.874865,3.32478,16.495759,18.883233,18.768466,11.386656,7.642034,21.053951,40.703634,15.606411,15.393423,16.401798,15.146069,9.440944,15.811599,27.459377,41.407761,41.866535,31.440851,41.927681,44.509553,24.09008,22.475089,18.114305,33.452876,25.245312,54.535214,6.177668,14.959895,48.776343,7.010715,23.526027,18.863752,43.336442,887.915583,14.798593
2,16,42.802836,7.181769,31.087876,12.47461,3.55554,17.337505,20.706971,21.066552,12.780884,8.577755,23.631881,41.247864,15.682566,15.579998,16.600595,15.329645,9.110611,14.883175,26.675483,36.164537,33.006167,24.786908,33.054372,41.280916,22.342632,20.844789,18.021877,32.968409,24.670908,53.71418,6.096912,14.836699,45.53099,4.461546,23.019718,17.833827,43.086745,852.036248,14.200604
2,17,42.802836,7.181769,36.900204,18.971655,5.430911,23.056948,26.353509,28.288133,17.162151,11.518196,31.732853,49.593276,18.80572,19.416524,20.688439,19.104523,10.268532,15.868096,27.987236,38.367151,35.465045,26.633472,35.516842,45.834266,24.80706,23.144002,18.253011,32.876663,24.551604,53.937494,6.095562,14.806938,45.439659,4.452596,22.868413,17.904876,44.045199,946.131364,15.768856
2,18,42.802836,7.181769,39.939667,24.075501,6.257574,24.544321,27.942146,30.520085,18.516255,12.426989,34.236595,56.223449,22.072839,19.964431,21.272238,19.643626,10.971763,16.594096,32.178221,49.294816,49.13342,36.898122,49.20518,54.229904,29.351064,27.383378,19.77779,34.77663,25.528412,55.672396,6.272103,15.072533,46.254718,4.532463,24.044166,19.155686,43.174975,1057.122157,17.618703
2,19,42.802836,7.181769,32.888652,14.160289,4.021313,18.849124,21.081631,21.09123,12.795855,8.587803,23.659563,42.857462,16.604641,16.441013,17.518012,16.176825,9.164282,14.784584,27.642613,41.427593,36.998842,27.785319,37.052879,46.037988,24.917321,23.246871,18.439665,32.602737,24.240759,53.944602,6.155831,14.975354,45.956496,4.503241,23.260849,18.451289,41.116396,889.423529,14.823726
2,20,42.802836,7.181769,29.777719,11.385496,3.111948,15.509268,17.633615,17.091648,10.369346,6.959277,19.172943,36.413031,13.393006,13.663249,14.558285,13.443696,7.668673,12.858449,24.555847,33.28292,28.976598,21.760791,29.018919,36.498603,19.754282,18.429961,17.114327,30.161711,23.153374,52.698696,5.977525,14.611829,44.840907,4.393925,22.184567,16.884765,38.727992,776.021793,12.933697
2,21,42.802836,7.181769,29.646362,11.281939,3.077661,15.327229,17.514509,16.959288,10.289045,6.905383,19.024465,36.288092,13.337499,13.59723,14.487941,13.378738,7.702627,13.04065,24.145262,32.96184,28.805098,21.631997,28.847168,36.123079,19.551036,18.24034,17.037652,30.001482,23.084542,52.514386,5.961147,14.59381,44.785611,4.388506,22.124778,16.954448,38.671008,772.266453,12.871108
2,22,42.802836,7.181769,29.5585,11.213214,3.057062,15.316342,17.602072,17.030892,10.332486,6.934539,19.104788,36.004432,13.255174,13.513148,14.398351,13.296007,7.643843,12.809377,23.885621,32.753979,28.617731,21.491289,28.659528,35.86721,19.412551,18.111139,16.95374,29.853346,22.942786,52.403703,5.938676,14.5421,44.626922,4.372957,22.004292,16.775479,38.506564,768.774445,12.812907
2,23,42.802836,7.181769,29.44683,11.126486,3.037577,15.248871,17.583098,16.956426,10.287308,6.904218,19.021255,35.865336,13.202598,13.467955,14.350198,13.25154,7.610288,12.662851,23.290728,31.782124,28.000818,21.028001,28.041713,35.767237,19.358442,18.060658,16.837083,29.681066,22.775641,52.32434,5.900527,14.491106,44.470431,4.357622,21.913167,16.671768,38.422185,763.182097,12.719702
3,0,42.802836,7.181769,28.78241,10.624384,2.925771,14.569488,17.168971,16.615773,10.080637,6.765513,18.639118,34.68186,12.961322,13.18708,14.050924,12.975179,7.448437,10.931155,19.478816,28.284291,25.792967,19.369953,25.830638,34.364604,18.59929,17.352399,16.479431,28.222514,20.067479,45.144187,5.339989,13.895206,42.641727,4.178429,20.116803,15.296869,36.677787,719.526006,11.9921
3,1,42.802836,7.181769,28.78241,10.624384,2.925771,14.569488,17.168971,16.615773,10.080637,6.765513,18.639118,34.68186,12.961322,13.18708,14.050924,12.975179,7.448437,10.931155,19.478816,28.284291,25.792967,19.369953,25.830638,34.364604,18.59929,17.352399,16.479431,28.222514,20.067479,45.144187,5.339989,13.895206,42.641727,4.178429,20.116803,15.296869,36.677787,719.526006,11.9921
3,2,42.802836,7.181769,28.78241,10.624384,2.925771,14.569488,17.168971,16.615773,10.080637,6.765513,18.639118,34.68186,12.961322,13.18708,14.050924,12.975179,7.448437,10.931155,19.478816,28.284291,25.792967,19.369953,25.830638,34.364604,18.59929,17.352399,16.479431,28.222514,20.067479,45.144187,5.339989,13.895206,42.641727,4.178429,20.116803,15.296869,36.677787,719.526006,11.9921
3,3,42.802836,7.181769,28.78241,10.624384,2.925771,14.569488,17.168971,16.615773,10.080637,6.765513,18.639118,34.68186,12.961322,13.18708,14.050924,12.975179,7.448437,10.931155,19.478816,28.284291,25.792967,19.369953,25.830638,34.364604,18.59929,17.352399,16.479431,28.222514,20.067479,45.144187,5.339989,13.895206,42.641727,4.178429,20.116803,15.296869,36.677787,719.526006,11.9921
3,4,42.802836,7.181769,28.78241,10.624384,2.925771,14.569488,17.168971,16.615773,10.080637,6.765513,18.639118,34.68186,12.961322,13.18708,14.050924,12.975179,7.448437,10.931155,19.478816,28.284291,25.792967,19.369953,25.830638,34.364604,18.59929,17.352399,16.479431,28.222514,20.067479,45.144187,5.339989,13.895206,42.641727,4.178429,20.116803,15.296869,36.677787,719.526006,11.9921
3,5,42.802836,7.181769,30.280544,11.791119,3.334044,17.334251,19.943779,18.962318,11.504264,7.720965,21.271408,38.973509,14.423771,14.728749,15.693583,14.492075,8.405169,13.989659,26.191507,36.099826,30.538593,22.933815,30.583195,37.072339,20.064808,18.719669,17.298521,31.346035,24.010039,54.163784,6.116804,14.952684,45.886924,4.496423,22.456118,17.213509,39.976698,812.955103,13.549252
3,6,42.802836,7.181769,37.328268,19.597699,5.853164,31.750575,39.899039,45.769933,27.768198,18.636332,51.343457,73.991891,26.983254,30.486766,32.483859,29.996879,14.4113,21.253434,40.568007,56.248469,50.718272,38.088312,50.792347,43.870672,23.744296,22.152486,17.702067,32.415584,24.340479,54.466766,6.278663,15.102327,46.34615,4.541422,22.308621,16.986944,39.874193,1164.08473,19.401412
3,7,42.802836,7.181769,28.78241,17.055705,4.608102,26.359675,37.983444,52.933498,11.017089,6.765513,24.121212,125.652135,50.999126,36.57899,14.050924,20.510256,35.295897,42.919133,76.925632,105.775836,90.80206,28.900108,34.782686,62.028422,21.539619,18.011758,20.31536,37.386062,27.17524,59.587872,7.482355,18.274331,44.800026,4.23246,22.532468,17.098413,40.281653,1323.550075,22.059168
3,8,42.802836,7.181769,28.78241,13.961347,3.582452,19.821892,24.832706,31.648412,10.080637,6.765513,18.639118,112.166443,51.01937,26.885203,14.050924,22.008531,36.426373,42.199202,75.704671,96.675429,95.349115,30.76776,37.415754,70.156515,22.61026,17.352399,29.830761,53.073631,33.852443,71.045112,9.849083,23.452672,42.641727,4.178429,22.648682,17.340902,40.349925,1307.150408,21.78584
3,9,42.802836,7.181769,31.64957,12.975264,3.392168,18.190104,22.556975,24.947153,15.135209,10.157835,27.985033,105.774925,47.382083,61.442732,65.467653,60.455419,40.34965,49.695238,71.927679,131.702954,118.192959,88.760323,118.365581,72.549265,39.266124,36.633735,30.375712,54.911992,36.848721,79.010066,11.006987,24.957744,76.59054,7.505046,22.759887,17.277333,40.789502,1726.973766,28.782896
3,10,42.802836,7.181769,28.78241,13.498717,3.690313,19.429105,25.304775,28.029932,10.080637,6.765513,19.896422,82.488029,35.243524,23.886374,14.050924,14.106687,21.046561,29.549386,53.074275,75.633382,71.936312,22.319288,31.856182,61.151701,20.823961,18.924483,19.751913,36.766733,28.101933,64.302134,8.321549,19.748104,42.641727,4.178429,22.904769,17.477255,40.962341,1086.710385,18.11184
3,11,42.802836,7.181769,31.083439,12.820413,3.591221,18.455235,23.111835,23.835615,10.505878,6.765513,20.522897,53.097615,22.816755,19.314902,15.912962,15.347027,13.711996,21.192452,37.163427,53.415923,53.586327,25.070782,34.504192,57.31187,21.952831,18.440357,17.93371,32.477094,24.805818,56.113149,6.678101,16.060877,46.507095,4.230822,23.397873,18.276759,41.940438,951.937805,15.86563
3,12,42.802836,7.181769,31.088091,12.474797,3.47798,17.548812,21.221558,21.30751,12.927071,8.675867,23.902181,44.768837,18.568298,19.664955,20.953144,19.348962,12.772342,20.70761,34.208762,52.043285,52.003883,39.053777,52.079835,54.390985,29.438247,27.464715,17.970858,32.702176,24.829288,55.212513,6.421645,15.401788,47.265138,4.631473,24.409743,19.969812,44.242322,993.132865,16.552214
3,13,42.802836,7.181769,31.00029,12.201474,3.419066,16.97881,19.858003,19.41574,11.266609,6.765513,22.389508,42.371364,16.954936,17.718794,14.050924,15.338211,11.595281,18.034786,31.239565,43.039721,41.520461,23.365772,30.554795,52.340286,21.21129,18.299172,18.275401,33.100829,24.69866,54.492152,6.350628,15.353912,42.880278,4.620485,23.685038,19.270921,43.106307,876.749587,14.612493
3,14,42.802836,7.181769,31.239098,12.164137,3.366113,16.670118,20.143893,20.665207,12.135615,8.14469,22.438777,44.143065,17.955945,18.189391,14.050924,16.11781,11.469447,17.708112,31.88207,46.508905,46.88914,35.212717,46.957622,49.905763,27.010692,25.199903,18.366784,33.656291,24.957623,54.452821,6.286847,15.217525,43.418911,4.222485,23.039819,18.173556,41.970379,929.9168,15.498613
3,15,42.802836,7.181769,30.644308,12.094009,3.34675,16.651686,19.952396,20.253943,12.287881,8.246881,22.720318,42.948653,16.676556,16.130766,17.187442,15.871563,10.433614,16.014976,29.161893,46.288712,47.157098,35.413948,47.225972,46.756013,25.305941,23.609438,18.825465,34.355381,25.326802,54.495855,6.203297,15.018262,46.088171,4.516143,22.999664,18.403508,42.865514,921.463424,15.357724
3,16,42.802836,7.181769,31.297836,12.659247,3.619422,17.701448,20.89345,21.622993,13.118472,8.804323,24.256082,43.796814,17.022143,19.436754,20.709995,19.124428,9.974962,15.518551,27.512875,37.940468,35.072489,26.338671,35.123712,44.011353,23.820438,22.223523,18.960406,33.998969,24.849927,53.837312,6.128727,14.89362,45.705669,4.478662,22.861431,17.934203,43.259857,888.493837,14.808231
3,17,42.802836,7.181769,38.033681,20.689241,5.825658,23.575791,26.700967,29.447158,17.86532,11.990121,33.033015,51.680883,20.029738,25.343686,27.003872,24.936442,10.609619,16.50308,28.814104,39.193373,36.473076,27.390481,36.526345,47.790142,25.865647,24.131621,18.443656,33.69612,24.963551,53.974234,6.12452,14.890355,45.695649,4.47768,23.147185,18.112118,44.044878,987.007612,16.450127
3,18,42.802836,7.181769,40.156999,24.508719,6.719402,24.92692,27.6641,30.107367,18.265863,12.258941,33.773619,56.700284,22.393617,24.731301,26.351371,24.333898,10.981134,17.118377,31.15295,45.162459,43.552017,32.706611,43.615625,53.406742,28.905541,26.967722,18.878324,33.980216,25.379247,55.071813,6.279075,15.208514,46.672018,4.573354,24.171797,19.573952,43.601603,1049.836097,17.497268
3,19,42.802836,7.181769,33.449232,14.736423,4.245068,19.312831,21.726211,21.905806,13.290052,8.919477,24.573333,42.81021,16.956656,20.385586,21.720982,20.058013,9.446713,15.059234,27.652625,38.736298,34.889799,26.201475,34.940756,44.94491,24.32571,22.694922,18.052456,31.962575,24.296693,54.863373,6.375893,15.47194,47.480422,4.652569,22.914758,18.305308,41.213483,898.556397,14.97594
3,20,42.802836,7.181769,30.435583,11.339667,3.10594,15.478584,17.613273,17.067651,10.221625,6.765513,19.455135,36.645404,13.445741,13.615407,14.050924,13.206589,7.773464,13.06656,24.619104,33.056789,28.82173,19.845514,27.032063,36.503884,19.115437,17.642373,17.144733,30.294893,23.270588,52.794333,6.023616,14.70104,42.641727,4.178429,22.31512,17.037755,38.9533,769.264093,12.821068
3,21,42.802836,7.181769,29.622947,11.263582,3.082201,15.397216,17.566232,16.98577,10.305111,6.916166,19.054172,36.448853,13.398079,13.525062,14.411046,13.30773,7.677841,12.906965,24.40468,32.969845,28.668985,21.529779,28.710856,36.217063,19.601903,18.287798,17.139402,30.138019,23.055935,52.749023,6.028067,14.659677,44.987741,4.408313,22.149858,16.823344,38.689164,773.07303,12.884551
3,22,42.802836,7.181769,29.554205,11.209866,3.075797,15.402183,17.573132,17.028199,10.330852,6.933442,19.101767,36.153006,13.295292,13.497023,14.381171,13.280142,7.743903,13.217797,24.05508,32.716329,28.536285,21.430125,28.577963,36.03782,19.504891,18.197289,17.039001,30.102189,22.956914,52.42912,5.949146,14.550574,44.652927,4.375505,22.027753,16.742944,38.614551,770.258788,12.837646
3,23,42.802836,7.181769,29.599875,11.245523,3.083649,15.366034,17.748527,17.307176,10.500105,7.047034,19.414716,35.838022,13.213148,13.433051,14.313008,13.217197,7.58434,12.736229,23.514333,32.046739,28.147366,21.138055,28.188475,35.597376,19.266507,17.974887,16.873612,29.865819,22.839764,52.375517,5.915082,14.517589,44.551703,4.365586,21.944203,16.687895,38.508915,765.951662,12.765861
4,0,42.802836,7.181769,28.78241,10.624384,2.925771,14.569488,17.168971,16.615773,10.080637,6.765513,18.639118,34.68186,12.961322,13.18708,14.050924,12.975179,7.448437,10.931155,19.478816,28.284291,25.792967,19.369953,25.830638,34.364604,18.59929,17.352399,16.479431,28.222514,20.067479,45.144187,5.339989,13.895206,42.641727,4.178429,20.116803,15.296869,36.677787,719.526006,11.9921
4,1,42.802836,7.181769,28.78241,10.624384,2.925771,14.569488,17.168971,16.615773,10.080637,6.765513,18.639118,34.68186,12.961322,13.18708,14.050924,12.975179,7.448437,10.931155,19.478816,28.284291,25.792967,19.369953,25.830638,34.364604,18.59929,17.352399,16.479431,28.222514,20.067479,45.144187,5.339989,13.895206,42.641727,4.178429,20.116803,15.296869,36.677787,719.526006,11.9921
4,2,42.802836,7.181769,28.78241,10.624384,2.925771,14.569488,17.168971,16.615773,10.080637,6.765513,18.639118,34.68186,12.961322,13.18708,14.050924,12.975179,7.448437,10.931155,19.478816,28.284291,25.792967,19.369953,25.830638,34.364604,18.59929,17.352399,16.479431,28.222514,20.067479,45.144187,5.339989,13.895206,42.641727,4.178429,20.116803,15.296869,36.677787,719.526006,11.9921
4,3,42.802836,7.181769,28.78241,10.624384,2.925771,14.569488,17.168971,16.615773,10.080637,6.765513,18.639118,34.68186,12.961322,13.18708,14.050924,12.975179,7.448437,10.931155,19.478816,28.284291,25.792967,19.369953,25.830638,34.364604,18.59929,17.352399,16.479431,28.222514,20.067479,45.144187,5.339989,13.895206,42.641727,4.178429,20.116803,15.296869,36.677787,719.526006,11.9921
4,4,42.802836,7.181769,28.78241,10.624384,2.925771,14.569488,17.168971,16.615773,10.080637,6.765513,18.639118,34.68186,12.961322,13.18708,14.050924,12.975179,7.448437,10.931155,19.478816,28.284291,25.792967,19.369953,25.830638,34.364604,18.59929,17.352399,16.479431,28.222514,20.067479,45.144187,5.339989,13.895206,42.641727,4.178429,20.116803,15.296869,36.677787,719.526006,11.9921
4,5,42.802836,7.181769,30.307059,11.812923,3.276869,16.998227,19.82725,19.020894,11.539802,7.744816,21.337118,39.035287,14.417378,15.733116,16.763743,15.480303,8.420695,13.869048,26.323417,36.290385,30.747794,23.09092,30.792702,37.233782,20.152186,18.80119,17.35529,31.342978,23.936496,54.057061,6.113263,14.927507,45.809662,4.488852,22.486708,17.032116,39.816734,816.368176,13.606136
4,6,42.802836,7.181769,37.868062,20.425943,5.967674,31.610753,38.192211,45.477715,27.590912,18.517349,51.015655,70.91993,26.275569,35.239579,37.548013,34.67332,15.159026,23.301968,41.28913,59.780169,52.966828,39.776927,53.044186,44.96587,24.337055,22.705506,17.628832,32.140291,24.264832,54.514301,6.292477,15.099456,46.337341,4.540559,22.344835,16.943265,39.957062,1188.697206,19.81162
4,7,42.802836,7.181769,35.309042,16.855705,4.627583,24.967685,34.861745,50.884529,30.871177,20.718864,57.080871,120.131797,48.248783,64.539512,68.767292,63.502436,34.343319,41.172908,71.649294,122.874563,103.472226,77.705375,103.623348,59.846196,32.390792,30.219323,19.356014,35.942373,26.445814,58.941839,7.292582,17.42073,53.460887,5.23859,22.598047,17.164342,40.234176,1672.744364,27.879073
4,8,42.802836,7.181769,33.493156,12.848162,3.513027,18.331731,22.558382,26.523326,10.445397,7.010317,19.31356,113.323658,53.866489,40.664741,14.050924,21.921609,41.493128,50.717384,75.054932,112.926382,101.114491,75.934768,101.26217,67.591135,36.582615,34.130128,26.868129,48.813563,33.111552,71.359625,10.000355,24.100744,49.56744,4.229916,22.974522,17.580218,40.642432,1493.904713,24.898412
4,9,42.802836,7.181769,31.311474,12.671342,3.348303,17.229813,19.906031,21.88071,13.274826,8.909259,24.545181,86.809432,44.683415,43.549489,46.402279,42.849699,37.699476,46.342991,70.387868,122.245223,109.820281,82.472625,109.980674,67.367216,37.879009,38.686206,28.077277,53.090639,35.857518,76.224952,11.006763,25.56733,78.461242,7.688355,22.668262,17.113898,40.053485,1586.047148,26.434119
4,10,42.802836,7.181769,31.752763,13.069612,3.784623,19.386714,24.036319,25.859787,15.688896,10.529436,29.008801,71.61746,32.228056,30.601147,32.605732,30.109422,20.872269,27.077954,49.811181,67.464344,66.016347,49.576831,66.112765,58.908482,22.243425,19.220751,19.305415,36.229226,26.832426,60.948532,7.929223,18.847586,57.839632,5.66766,23.085627,17.599154,40.879748,1182.731951,19.712199
4,11,42.802836,7.181769,31.272077,13.441806,3.918683,20.10411,24.471102,25.761046,10.444323,6.765513,20.122297,54.805566,23.532266,21.881444,14.050924,15.813695,13.803823,20.931231,38.053736,49.161264,47.489409,21.944515,32.985836,54.838003,21.608026,17.846188,17.854545,32.446729,24.549265,55.072933,6.4494,15.370228,42.641727,4.178429,23.008792,18.051153,41.793238,936.447927,15.607465
4,12,42.802836,7.181769,31.025967,12.791786,3.6811,18.781418,22.290938,23.027745,13.970721,9.376302,25.831893,49.290967,20.531502,16.929472,18.038468,17.472809,12.606326,19.994066,35.134212,49.230347,50.093283,37.618958,50.166445,55.423733,29.997205,27.986201,17.863205,32.31341,24.415004,54.86355,6.413681,15.34385,47.087338,4.614051,24.374806,19.919553,43.90515,992.390067,16.539834
4,13,42.802836,7.181769,30.969426,12.599708,3.548973,18.063612,21.616084,21.845779,10.817407,6.765513,20.115245,46.138058,18.818572,16.675125,16.861109,12.975179,10.859218,18.331073,33.261185,50.484582,47.550805,19.369953,25.830638,52.181311,18.59929,18.204526,18.233718,32.620167,24.489759,54.717936,6.366367,15.347171,43.517733,4.214058,24.020452,18.907168,42.997856,887.899361,14.798323
4,14,42.802836,7.181769,30.874075,12.289579,3.474874,17.694654,21.238282,21.981278,13.33584,8.950208,24.657996,46.416124,19.19279,16.792051,17.892046,16.522223,12.446381,20.263646,32.700146,51.316513,51.129665,38.397258,51.20434,50.932457,27.566374,25.718332,18.333002,33.516055,24.949606,54.48438,6.293764,15.179458,46.582852,4.564617,23.22913,18.672057,42.961991,971.738649,16.195644
4,15,42.802836,7.181769,30.257489,11.772193,3.275328,16.580788,19.375215,19.636611,11.913352,7.99552,22.027813,42.401807,17.151812,15.710955,16.74013,15.458498,10.995197,17.544896,30.41619,51.397526,54.791259,41.147036,54.871282,48.587685,26.297304,24.53434,18.968378,35.090073,25.833684,54.820817,6.25366,15.09168,46.313476,4.538221,23.670222,19.762398,45.104964,956.312404,15.93854
4,16,42.802836,7.181769,31.562183,12.895952,3.641153,17.667107,21.20137,22.350835,13.560046,9.100682,25.072554,43.564506,17.178672,16.055744,17.107505,15.797747,9.79726,15.860023,28.192382,43.1665,45.103828,33.871987,45.169702,45.731214,24.751285,23.091966,18.48004,34.417176,25.476394,54.102567,6.153625,15.033709,46.135574,4.520788,22.968157,18.428761,44.088034,921.281633,15.354694
4,17,42.802836,7.181769,39.274632,22.813805,6.004599,24.084758,26.928273,30.758891,18.661137,12.524225,34.504481,54.069155,20.794225,26.168887,27.883129,25.748383,10.555137,16.43479,29.397632,39.146391,37.396159,28.083696,37.450776,48.930925,26.483077,24.707659,18.827464,34.402165,25.25245,54.00075,6.142713,14.925447,45.80334,4.488233,24.09339,19.468081,44.945886,1011.139346,16.852322
4,18,42.802836,7.181769,41.727158,27.991843,6.633332,25.201418,28.401623,31.892268,19.348746,12.985706,35.775872,57.306682,22.281186,21.797076,23.224934,21.446822,10.406619,16.595095,31.491101,40.811754,39.636432,29.766092,39.694321,51.88977,28.084504,26.201727,19.191968,34.635589,25.679822,55.500168,6.437326,15.583114,47.821595,4.686,26.86036,21.122814,44.983138,1043.07858,17.384643
4,19,42.802836,7.181769,35.553315,16.758676,4.715192,20.57348,22.560918,23.291249,11.234827,6.765513,21.255272,44.780878,17.641137,16.117626,14.050924,14.265016,8.910133,13.6712,28.101389,36.3423,32.194889,21.993007,28.786724,45.22667,20.512163,18.685809,18.339638,32.670615,24.789708,55.580611,6.538285,15.947049,43.016827,4.375234,26.785254,20.471889,42.61517,865.103192,14.418387
4,20,42.802836,7.181769,29.868246,11.457436,3.140593,15.601953,17.677261,17.19275,10.430684,7.000443,19.286356,36.647658,13.522226,13.645962,14.539866,13.426687,7.789382,13.151975,24.871837,33.335139,28.93033,21.726044,28.972583,36.906658,19.975135,18.636008,17.193537,30.383096,23.4997,53.292192,6.074288,14.886411,45.683547,4.476494,23.999008,18.349952,40.212089,785.768131,13.096136
4,21,42.802836,7.181769,29.688514,11.315064,3.092478,15.37187,17.663131,17.217308,10.445583,7.010442,19.313905,36.538216,13.372294,13.685302,14.581783,13.465395,7.706722,12.935756,24.498351,33.208993,28.957881,21.746735,29.000175,36.351815,19.674836,18.355841,17.093467,30.098926,23.085078,52.577025,5.996216,14.642216,44.934159,4.403062,22.235693,16.918553,38.750079,775.917469,12.931958
4,22,42.802836,7.181769,29.824274,11.422433,3.122638,15.471254,17.680249,17.232846,10.455009,7.016769,19.331334,36.611146,13.358807,13.52376,14.409659,13.306449,7.667017,12.898531,24.20989,33.55236,29.236083,21.955658,29.278782,36.21327,19.59985,18.285882,16.974408,30.042989,22.999117,52.362017,5.955716,14.583671,44.754495,4.385457,22.049578,16.751174,38.579979,775.087156,12.918119
4,23,42.802836,7.181769,29.528994,11.190232,3.051028,15.257774,17.560748,17.011923,10.320978,6.926815,19.08351,36.133853,13.266027,13.549919,14.437531,13.332187,7.624471,12.917497,23.716111,33.484249,29.323902,22.021608,29.36673,35.707058,19.325871,18.030271,16.857291,29.810338,22.857471,52.16134,5.906469,14.49746,44.489929,4.359533,21.879798,16.623271,38.519238,770.11603,12.835267
5,0,42.802836,7.181769,28.78241,10.624384,2.925771,14.569488,17.168971,16.615773,10.080637,6.765513,18.639118,34.68186,12.961322,13.18708,14.050924,12.975179,7.448437,10.931155,19.478816,28.284291,25.792967,19.369953,25.830638,34.364604,18.59929,17.352399,16.479431,28.222514,20.067479,45.144187,5.339989,13.895206,42.641727,4.178429,20.116803,15.296869,36.677787,719.526006,11.9921
5,1,42.802836,7.181769,28.78241,10.624384,2.925771,14.569488,17.168971,16.615773,10.080637,6.765513,18.639118,34.68186,12.961322,13.18708,14.050924,12.975179,7.448437,10.931155,19.478816,28.284291,25.792967,19.369953,25.830638,34.364604,18.59929,17.352399,16.479431,28.222514,20.067479,45.144187,5.339989,13.895206,42.641727,4.178429,20.116803,15.296869,36.677787,719.526006,11.9921
5,2,42.802836,7.181769,28.78241,10.624384,2.925771,14.569488,17.168971,16.615773,10.080637,6.765513,18.639118,34.68186,12.961322,13.18708,14.050924,12.975179,7.448437,10.931155,19.478816,28.284291,25.792967,19.369953,25.830638,34.364604,18.59929,17.352399,16.479431,28.222514,20.067479,45.144187,5.339989,13.895206,42.641727,4.178429,20.116803,15.296869,36.677787,719.526006,11.9921
5,3,42.802836,7.181769,28.78241,10.624384,2.925771,14.569488,17.168971,16.615773,10.080637,6.765513,18.639118,34.68186,12.961322,13.18708,14.050924,12.975179,7.448437,10.931155,19.478816,28.284291,25.792967,19.369953,25.830638,34.364604,18.59929,17.352399,16.479431,28.222514,20.067479,45.144187,5.339989,13.895206,42.641727,4.178429,20.116803,15.296869,36.677787,719.526006,11.9921
5,4,42.802836,7.181769,28.78241,10.624384,2.925771,14.569488,17.168971,16.615773,10.080637,6.765513,18.639118,34.68186,12.961322,13.18708,14.050924,12.975179,7.448437,10.931155,19.478816,28.284291,25.792967,19.369953,25.830638,34.364604,18.59929,17.352399,16.479431,28.222514,20.067479,45.144187,5.339989,13.895206,42.641727,4.178429,20.116803,15.296869,36.677787,719.526006,11.9921
5,5,42.802836,7.181769,30.156979,11.690061,3.278994,16.93709,19.640856,18.924152,11.481109,7.705425,21.228595,38.746921,14.259427,14.771748,15.739399,14.534383,8.310073,13.855121,26.191093,36.325857,30.747155,23.09044,30.792061,37.23731,20.154096,18.802971,17.4295,31.508353,24.014507,53.990263,6.113495,14.964079,45.921894,4.49985,22.415568,17.009861,39.871519,812.32481,13.538747
5,6,42.802836,7.181769,33.658619,14.958551,4.784877,25.031445,31.923544,36.456315,22.117712,14.844068,40.895696,64.013252,24.049605,28.792304,30.678397,28.329645,13.941999,20.224123,39.101988,55.275495,48.682023,36.559133,48.753124,43.918789,23.770339,22.176782,17.83373,32.428782,24.350856,54.429061,6.287128,15.097294,46.330704,4.539909,22.347815,16.986001,40.050163,1083.603873,18.060065
5,7,42.802836,7.181769,32.065116,13.359846,3.701819,19.901127,24.330218,27.575185,16.729612,11.227902,30.933087,84.875636,36.393514,52.253209,55.676153,51.41356,31.020679,35.429749,64.406358,100.979647,88.899575,66.761633,89.029414,58.684905,31.762262,29.632929,18.785951,34.73674,25.524663,56.91946,6.886998,16.493774,50.616234,4.959845,22.587923,17.132831,40.253122,1401.925281,23.365421
5,8,42.802836,7.181769,32.926623,12.628481,3.364602,17.056347,19.491032,20.309129,10.301381,6.913663,19.047274,78.332667,38.043816,59.418045,22.027026,21.64723,30.648613,33.491304,64.921552,110.143534,102.98137,77.336753,103.131775,63.511037,34.374328,32.069883,22.878715,42.455012,30.224873,66.687363,9.157572,22.137713,53.992975,4.347274,22.894224,17.512837,40.502529,1396.893157,23.281553
5,9,42.802836,7.181769,30.857693,12.275524,3.350196,16.995853,19.68426,20.000777,12.134288,8.143799,22.436323,70.14949,31.337259,46.009917,49.023882,45.270591,23.69703,30.003709,54.224328,75.847079,75.550317,56.736633,75.660659,62.496574,33.825267,31.557631,22.306507,41.681375,31.479703,72.267349,10.342397,24.292619,74.549399,7.305036,22.809586,17.283247,40.760824,1322.331726,22.038862
5,10,42.802836,7.181769,31.157961,12.535915,3.574819,18.343206,22.411028,23.245073,14.102572,9.464792,26.075686,60.235155,25.765163,32.299551,34.415393,31.780535,16.532726,25.266807,43.079662,69.064087,71.659983,53.815077,71.764643,57.098762,30.903787,28.832007,17.871763,32.767396,25.177675,57.212506,7.064004,17.154811,52.644832,5.158625,22.957311,17.562772,41.206627,1160.187317,19.336455
5,11,42.802836,7.181769,31.157211,12.535257,3.526975,17.75719,21.663377,22.393364,13.585849,9.117998,25.120262,48.68774,20.461592,18.723536,19.950056,18.422671,12.919359,21.52369,36.115804,55.316489,61.442294,46.141817,61.532031,55.244546,29.900223,27.895721,17.836164,32.637118,24.705591,55.083269,6.463805,15.415782,47.308083,4.635681,23.582783,18.886792,43.024668,1030.699393,17.178323
5,12,42.802836,7.181769,31.29548,12.657158,3.632932,18.093785,21.45858,22.130941,13.426639,9.011147,24.825884,45.658988,18.871533,17.09129,18.210887,16.816653,12.082193,20.113317,34.139538,52.432677,55.664201,41.802595,55.745499,53.689446,29.05855,27.110474,17.869675,32.592734,24.68671,55.241925,6.480069,15.542533,47.69706,4.673797,25.302444,20.598029,45.605859,1001.295827,16.688264
5,13,42.802836,7.181769,30.914036,12.083435,3.494992,17.557344,21.097192,21.788828,11.763655,6.765513,24.15075,45.246455,18.747497,18.026878,14.050924,18.351084,12.246812,19.024913,32.62017,43.702239,46.113957,29.270751,29.000797,52.716962,20.016216,18.48782,18.046475,32.963096,24.753933,54.808725,6.398544,15.436153,43.616064,4.228771,24.962855,20.374953,46.047483,908.860877,15.147681
5,14,42.802836,7.181769,31.53376,12.870271,3.751584,18.630093,22.429232,23.540169,14.281605,9.584948,26.406717,48.345859,19.967803,18.154543,19.34379,17.86282,13.178757,20.180177,33.132817,50.799144,54.611797,41.012264,54.691559,51.489544,33.207175,24.390922,20.794741,37.33438,25.766265,54.853967,6.333583,15.206478,46.665771,4.572742,23.961485,19.23277,44.014021,1012.118158,16.868636
5,15,42.802836,7.181769,30.966472,12.369178,3.487989,17.417956,20.942462,21.711041,13.17189,8.840174,24.354851,45.696821,18.148793,15.108008,16.097686,14.865239,11.506979,18.047395,31.267993,46.800211,49.130437,64.662735,67.668595,47.925262,43.610337,30.163673,19.664028,35.320789,25.726037,54.832067,6.266592,15.084244,46.290658,4.535985,24.455939,20.677146,49.584778,1026.385045,17.106417
5,16,42.802836,7.181769,31.902295,13.207673,3.755434,18.244487,21.678732,22.950047,13.923583,9.344665,25.744734,44.183451,17.348098,15.364643,16.371133,15.117751,10.480298,16.971304,28.30044,38.495884,35.971272,27.013637,36.023808,44.990249,19.866271,17.567718,19.091641,34.550399,25.253822,53.828046,6.14031,14.928954,45.814103,4.489288,22.804654,18.445933,44.860134,885.009496,14.750158
5,17,42.802836,7.181769,35.412928,16.984579,4.83684,21.217759,24.207008,26.004382,15.77662,10.588312,29.171004,46.406366,18.224806,19.165298,20.420757,18.857334,10.681165,17.103992,28.240945,37.122368,32.819994,24.647097,32.867928,44.705405,37.139628,27.606089,18.358718,33.325827,24.607472,53.524247,6.082954,14.806214,45.437437,4.452378,22.72275,18.27467,42.258529,934.044405,15.567407
5,18,42.802836,7.181769,34.03298,15.365541,4.499697,20.129294,23.042328,24.092674,14.616804,9.809913,27.026502,42.645082,16.765019,18.433678,19.641211,18.137471,9.409618,15.244524,27.845247,37.766035,33.740588,25.338442,33.789866,46.63203,32.500007,27.31206,17.851233,31.994758,24.215937,53.753607,6.154122,14.946165,45.866919,4.494463,23.248008,18.941303,42.078743,911.346474,15.189108
5,19,42.802836,7.181769,31.758606,13.074976,3.621436,17.190197,19.890746,20.177741,12.241651,8.215854,22.634837,38.298489,14.284237,16.809247,17.910368,16.539142,8.149146,13.682806,25.724768,35.280002,30.672895,23.034672,30.717693,38.66938,20.92918,19.526094,17.499325,31.035094,23.625564,53.282582,6.098019,14.858777,45.598743,4.468185,23.904223,18.950801,41.443145,829.783226,13.82972
5,20,42.802836,7.181769,29.821463,11.4202,3.138392,15.574313,17.759719,17.324759,10.510773,7.054194,19.434441,36.944843,13.576724,13.727507,14.626753,13.506922,7.734537,13.090282,25.020463,33.880416,29.970234,22.506989,30.014006,37.355632,24.572344,21.74834,17.249321,30.417294,23.316355,52.890171,6.037976,14.717408,45.164907,4.425673,23.015383,17.962312,40.116648,795.612299,13.260205
5,21,42.802836,7.181769,29.645779,11.281482,3.104804,15.428606,17.561099,17.0327,10.333583,6.935275,19.106817,36.68487,13.509137,13.448259,14.329212,13.232161,7.67062,12.934854,24.65398,33.198384,29.018327,21.792128,29.060709,36.599575,20.235697,18.910243,17.19415,30.35206,23.246324,52.694889,6.016412,14.680306,45.051049,4.414516,22.825406,17.462939,39.496839,779.127796,12.985463
5,22,42.802836,7.181769,29.659803,11.292491,3.102046,15.378944,17.557838,17.058039,10.348956,6.945592,19.135241,36.433807,13.399411,13.5665,14.455198,13.348502,7.724016,13.029511,24.525349,33.099866,28.867446,21.67882,28.909607,36.379897,18.889904,17.650069,17.227943,30.422963,23.214884,52.520954,5.974135,14.613915,44.847307,4.394552,22.212618,16.967848,38.970854,773.789431,12.896491
5,23,42.802836,7.181769,29.470284,11.144645,3.059525,15.256612,17.444576,16.871375,10.235709,6.869587,18.925846,35.966631,13.253001,13.336711,14.210357,13.122406,7.825111,13.419518,24.020425,32.244411,28.31794,20.63923,27.565515,35.964224,19.465058,18.160127,16.977145,30.046897,22.933865,52.185118,5.918005,14.506255,44.516919,4.362177,22.036586,16.769835,38.715455,765.741686,12.762361
6,0,42.802836,7.181769,28.78241,10.624384,2.925771,14.569488,17.168971,16.615773,10.080637,6.765513,18.639118,34.68186,12.961322,13.18708,14.050924,12.975179,7.448437,10.931155,19.478816,28.284291,25.792967,19.369953,25.830638,34.364604,18.59929,17.352399,16.479431,28.222514,20.067479,45.144187,5.339989,13.895206,42.641727,4.178429,20.116803,15.296869,36.677787,719.526006,11.9921
6,1,42.802836,7.181769,28.78241,10.624384,2.925771,14.569488,17.168971,16.615773,10.080637,6.765513,18.639118,34.68186,12.961322,13.18708,14.050924,12.975179,7.448437,10.931155,19.478816,28.284291,25.792967,19.369953,25.830638,34.364604,18.59929,17.352399,16.479431,28.222514,20.067479,45.144187,5.339989,13.895206,42.641727,4.178429,20.116803,15.296869,36.677787,719.526006,11.9921
6,2,42.802836,7.181769,28.78241,10.624384,2.925771,14.569488,17.168971,16.615773,10.080637,6.765513,18.639118,34.68186,12.961322,13.18708,14.050924,12.975179,7.448437,10.931155,19.478816,28.284291,25.792967,19.369953,25.830638,34.364604,18.59929,17.352399,16.479431,28.222514,20.067479,45.144187,5.339989,13.895206,42.641727,4.178429,20.116803,15.296869,36.677787,719.526006,11.9921
6,3,42.802836,7.181769,28.78241,10.624384,2.925771,14.569488,17.168971,16.615773,10.080637,6.765513,18.639118,34.68186,12.961322,13.18708,14.050924,12.975179,7.448437,10.931155,19.478816,28.284291,25.792967,19.369953,25.830638,34.364604,18.59929,17.352399,16.479431,28.222514,20.067479,45.144187,5.339989,13.895206,42.641727,4.178429,20.116803,15.296869,36.677787,719.526006,11.9921
6,4,42.802836,7.181769,28.78241,10.624384,2.925771,14.569488,17.168971,16.615773,10.080637,6.765513,18.639118,34.68186,12.961322,13.18708,14.050924,12.975179,7.448437,10.931155,19.478816,28.284291,25.792967,19.369953,25.830638,34.364604,18.59929,17.352399,16.479431,28.222514,20.067479,45.144187,5.339989,13.895206,42.641727,4.178429,20.116803,15.296869,36.677787,719.526006,11.9921
6,5,42.802836,7.181769,29.773555,11.382198,3.096943,15.899341,18.270109,17.310549,10.502151,7.048408,19.4185,36.267226,13.353125,14.063822,14.985098,13.837832,7.777678,12.991445,24.061923,33.237367,28.95597,21.745299,28.998261,36.309782,19.511196,18.236576,17.312786,31.226775,23.86615,54.400678,6.116534,14.981487,45.975316,4.505085,22.305815,16.872124,39.335728,783.917437,13.065291
6,6,42.802836,7.181769,29.681685,11.30969,3.08623,15.698254,18.045347,17.173918,10.419259,6.992775,19.265231,36.280224,13.323634,13.722855,14.621796,13.502345,7.72627,12.875241,24.541585,33.585542,28.936429,21.730624,28.978691,36.08227,20.605137,19.198816,16.993759,30.625924,23.232185,52.855599,6.010028,14.65443,44.971642,4.406735,21.807596,16.556652,39.028373,778.511376,12.97519
6,7,42.802836,7.181769,29.684199,11.311668,3.095066,15.662314,17.973714,17.254428,10.468103,7.025556,19.355544,36.74626,13.566039,13.738898,14.63889,13.51813,7.951812,13.241367,25.364847,34.538238,29.483584,22.141526,29.526645,36.616156,24.603785,22.723983,16.998083,30.757697,23.332836,53.001042,6.071454,14.69626,45.100009,4.419314,21.850896,16.598896,39.197691,792.239535,13.203992
6,8,42.802836,7.181769,29.676972,11.305984,3.110356,15.622359,17.91641,17.32501,10.510925,7.054296,19.434722,37.489739,14.034419,13.671145,14.566699,13.451466,8.472573,14.125182,26.784817,36.479459,32.270935,24.234765,32.318067,38.735215,20.964813,19.559338,16.989138,30.79828,23.382179,53.108574,6.109501,14.726902,45.194043,4.428528,22.000762,16.71477,39.281797,801.834745,13.363912
6,9,42.802836,7.181769,29.791274,11.396238,3.155989,15.774661,18.166573,17.757809,10.7735,7.23052,19.920224,38.188889,15.037023,13.784874,14.687877,13.563367,9.210048,15.273107,27.832037,38.515343,36.142948,27.142563,36.195736,43.373949,23.048735,19.025192,17.104616,31.037248,23.539031,53.131232,6.165833,14.847094,45.562891,4.464671,22.280483,17.043465,39.800458,829.950103,13.832502
6,10,42.802836,7.181769,29.94082,11.51545,3.16157,15.774693,18.416295,18.203633,11.043977,7.412048,20.420337,38.903287,15.634872,13.610823,14.502425,13.392112,10.169856,17.383044,30.608494,43.865476,42.510314,31.924315,42.572401,48.652718,23.771564,18.426575,17.2704,31.382237,23.940707,53.776984,6.377141,15.519888,47.627566,4.666987,23.28505,18.712262,42.415889,876.776815,14.612947
6,11,42.802836,7.181769,30.205221,11.729407,3.242482,16.103669,18.932206,19.057473,11.561994,7.75971,21.378151,39.994509,16.378409,13.737022,14.636891,13.516284,10.848169,18.166337,31.65257,46.046506,43.246919,32.477488,43.310081,49.914939,21.925386,17.588589,17.340772,31.480896,24.433906,56.396102,6.897027,16.717135,51.301687,5.027012,29.427368,24.161597,50.822813,917.401332,15.290022
6,12,42.802836,7.181769,30.693945,12.135975,3.376041,16.621226,20.091271,20.971692,12.723333,8.53913,23.525469,41.353869,16.925894,13.85438,14.761937,13.631756,10.956232,17.986354,31.443701,46.808896,45.175597,33.925883,45.241576,51.976576,22.203148,17.579514,17.40905,31.602042,24.740172,57.421115,7.028649,17.086862,52.436308,5.138192,33.905448,26.662782,55.848932,951.767552,15.862793
6,13,42.802836,7.181769,31.365696,12.719555,3.632431,17.930418,21.939257,24.073863,14.605392,9.802254,27.0054,45.482699,18.662922,15.587619,16.608715,15.337144,11.591851,19.079638,34.038652,52.438727,52.019503,39.065507,52.095478,54.356076,29.419352,27.447088,17.251312,31.306482,24.527577,57.194464,6.879734,16.705918,51.267264,5.023638,36.519337,27.673395,56.841108,1027.480071,17.124668
6,14,42.802836,7.181769,31.359618,12.714141,3.664812,18.323535,23.0752,25.339421,15.373195,10.317557,28.425069,47.668552,19.314567,15.709283,16.738349,15.456853,13.427782,19.7127,34.586176,51.716718,51.827434,38.921267,51.903128,53.545738,22.653085,18.222899,17.188149,31.173634,24.30647,56.429155,6.733694,16.456087,50.500582,4.948512,36.555358,27.840807,54.7177,1016.831832,16.947197
6,15,42.802836,7.181769,31.842805,13.152555,3.70785,18.308235,22.29795,23.858816,14.474925,9.714692,26.764166,46.640392,19.244183,17.373982,18.512097,17.094802,13.505889,19.711909,33.023003,55.88426,58.570789,43.98538,58.656333,51.072754,31.136101,23.434108,17.251124,31.282461,24.417704,55.664925,6.60025,16.189587,49.682744,4.868373,36.538425,27.991999,53.777056,1046.217229,17.436954
6,16,42.802836,7.181769,32.133019,13.423884,3.91064,18.458669,21.632099,22.936917,13.915617,9.339319,25.730005,43.266355,17.87239,25.78108,27.469918,25.366808,11.214448,17.126438,29.78004,47.64797,49.341628,37.054482,49.413692,48.247218,30.219349,22.429302,17.344808,31.332367,24.391174,55.258182,6.387914,15.512592,47.605177,4.664793,35.033423,27.143815,51.581181,1009.951318,16.832522
6,17,42.802836,7.181769,31.439269,12.785295,3.708307,17.941662,21.553426,22.72209,13.785283,9.251847,25.489018,40.188976,15.669306,18.255181,19.45102,17.961841,9.391144,14.903937,27.429666,36.736959,35.083888,26.347232,35.135129,46.357211,25.090095,23.408063,17.689899,31.329306,24.036296,54.310216,6.221968,15.182242,46.591395,4.565454,31.117321,24.629848,48.141904,903.886299,15.064772
6,18,42.802836,7.181769,31.359687,12.714203,3.515659,16.82384,19.759021,20.197227,12.253472,8.223788,22.656696,37.916711,14.12502,14.86326,15.836905,14.624424,8.41671,13.747492,25.974758,34.536169,30.215177,22.690936,30.259307,40.704851,22.030847,20.553905,17.64445,31.139424,23.905066,54.107454,6.229956,15.236281,46.757229,4.581704,29.458806,23.238833,46.395024,842.678897,14.044648
6,19,42.802836,7.181769,30.666162,12.112467,3.347885,16.144574,18.445415,18.439002,11.186774,7.507885,20.684368,37.277931,13.79307,13.878697,14.787846,13.655682,7.894702,13.24917,25.381148,34.243548,29.421292,22.094746,29.464263,37.634822,25.0892,22.763908,17.337885,30.499802,23.551864,53.489077,6.087936,14.864617,45.616665,4.469941,26.391385,20.822997,43.517596,815.798927,13.596649
6,20,42.802836,7.181769,30.088213,11.634214,3.148332,15.547062,18.000562,17.668542,10.719342,7.194173,19.820087,36.897017,13.761568,13.418458,14.297459,13.202839,7.726636,13.027222,24.9528,33.307717,29.017993,21.791877,29.060374,37.189423,20.128177,18.77879,17.213362,30.325096,23.477742,53.283867,6.054978,14.703884,45.123407,4.421607,25.010533,19.233194,41.272956,790.484108,13.174735
6,21,42.802836,7.181769,29.868434,11.457586,3.133205,15.488105,17.646612,17.25088,10.465951,7.024112,19.351565,36.624463,13.47752,13.603214,14.494318,13.384626,7.795848,13.040367,24.734312,33.407841,29.209747,21.93588,29.252408,36.90423,19.973822,18.634783,17.249205,30.547886,23.33513,52.774352,6.043996,14.686331,45.06954,4.416328,23.022166,17.665153,39.73974,782.694261,13.044904
6,22,42.802836,7.181769,30.290905,11.799634,3.265529,15.896068,18.320237,18.027289,10.936991,7.340246,20.222519,36.99298,13.655503,13.607423,14.498803,13.388768,8.019465,13.159058,24.82337,33.818976,29.327535,22.024336,29.370368,37.209662,20.318305,18.621354,17.196395,30.431614,23.237472,52.548533,6.021631,14.654752,44.97263,4.406832,22.25072,16.977825,39.191582,786.809915,13.113499
6,23,42.802836,7.181769,29.691428,11.317357,3.080681,15.302071,17.741162,17.263663,10.473706,7.029317,19.365904,36.152385,13.344029,13.382439,14.259081,13.167399,7.739134,13.015493,24.326602,33.345646,29.084316,21.841685,29.126794,36.519309,19.9436,18.983485,16.980464,30.017844,22.979076,52.217904,5.938963,14.504866,44.512656,4.36176,22.046105,16.752059,38.729332,774.52232,12.908705