weekdate,hour,717450,717461,717468,717484,717486,717489,717490,717493,717495,764853,768066,768477,769359,769373,769403,716331,716339,717446,717453,717458,717462,717466,717472,717479,717481,769345,769388,716328,717488,760013,764766
0,0,60.43518447,65.36801867,67.55793801,65.60893436,63.42632301,66.91618717,65.79044268,65.81190741,58.35858781,59.07211791,68.46408104,66.87819805,64.7188063,67.853559,62.49701454,57.14047007,51.78392561,50.82275358,56.47963897,62.53368361,64.19439675,66.34933204,69.05831874,68.9285273,66.63325416,64.33798102,62.04270789,61.46196124,61.46196124,61.46196124,61.46196124
0,1,67.17150999,68.19168454,68.08482978,65.91049333,63.85996653,66.84356993,66.0174235,65.6342257,55.96601463,60.02082813,68.61414888,66.98446946,64.80819802,68.05916307,67.33446084,66.60975861,65.88505637,64.10593596,66.01546194,68.5592311,67.9030019,68.16294125,68.85488749,68.57602124,67.19381338,65.81160551,64.42939764,62.71403686,62.71403686,62.71403686,62.71403686
0,2,67.19087531,67.79102129,67.94660717,66.08356562,64.0767829,66.52660268,65.78575245,65.4176365,56.57230226,60.30170532,68.56211492,66.72515186,64.12986189,67.93911245,67.00219029,66.06526813,65.12834596,63.67542516,65.02625495,67.54604237,67.24362116,67.80418695,68.42457193,68.02074714,66.83439528,65.64804343,64.46169158,62.62843025,62.62843025,62.62843025,62.62843025
0,3,67.61542665,67.36836117,66.86428169,65.49982162,63.31099691,65.5602843,64.84231382,64.24827527,58.03421528,61.12690877,68.03174363,65.64637648,62.92703265,66.9315827,66.8848898,66.8381969,66.79150401,66.05883267,67.30840895,68.27739178,67.70756063,67.85692051,67.68217933,67.06028135,66.66920731,66.27813328,65.88705924,64.49519971,64.49519971,64.49519971,64.49519971
0,4,67.75169841,66.662484,66.10769721,64.84834458,62.60247846,64.96328852,64.17439818,62.35555698,60.62895549,62.50745135,67.73410864,64.87583363,62.22205121,66.24554593,66.33287408,66.42020224,66.5075304,65.72630541,66.33073486,67.49303593,67.11858351,67.08030815,66.24170042,65.76034616,65.93480373,66.1092613,66.28371887,65.67407773,65.67407773,65.67407773,65.67407773
0,5,67.44598499,66.46324355,66.14632042,65.18158792,63.09802638,65.33332712,64.5060163,62.90918224,59.75959468,62.1079283,67.61269522,64.48502557,62.80164382,66.54734039,66.60560722,66.66387405,66.72214087,66.189007,66.50111009,67.31712194,66.77501463,66.92262152,67.10296501,66.76510417,66.60529744,66.44549071,66.28568398,65.57503112,65.57503112,65.57503112,65.57503112
0,6,67.80022581,66.93426541,66.75698165,66.37025076,64.44030315,66.54174866,66.03005358,64.81167577,58.80987473,61.23882266,68.14554214,65.80634078,64.74046841,67.2950999,67.45065202,67.60620413,67.76175625,67.36180663,67.3507634,68.27619182,67.77346381,67.82867886,67.85066636,67.75348754,67.49325478,67.23302202,66.97278925,66.17234393,66.17234393,66.17234393,66.17234393
0,7,68.71988431,68.13481517,68.04544161,66.91732849,65.12030269,67.11765319,66.77156787,66.02009208,58.81003125,61.73228186,68.46813542,66.45386851,65.46708197,68.19425412,68.11543503,68.03661593,67.95779684,67.03897498,67.56401231,68.62615931,68.37493424,68.49830946,68.777286,68.58297772,68.28829944,67.99362115,67.69894287,67.04632071,67.04632071,67.04632071,67.04632071
0,8,68.58238111,68.38559216,68.25999386,66.49814671,64.57574659,67.12225136,67.31325572,66.16680411,63.9178032,63.91539742,68.44619402,66.18322364,65.06339567,68.42527618,68.23828243,68.05128868,67.86429492,66.57342448,67.12538131,68.98623133,68.51698355,68.70323903,68.91172507,68.89475835,68.50722549,68.11969263,67.73215977,67.2001182,67.2001182,67.2001182,67.2001182
0,9,64.28975182,67.58411513,67.86590091,65.76483139,63.31373497,66.63497482,67.64908415,66.65746576,61.62956933,59.38065924,68.19845477,65.72607041,63.93253374,68.15113939,64.9397731,61.7284068,58.5170405,56.4589977,61.5229937,67.86627466,68.26897792,68.45153003,68.98751799,68.93726706,67.87880582,66.82034459,65.76188335,65.14315052,65.14315052,65.14315052,65.14315052
0,10,51.04924989,62.88224581,66.92978054,64.21931503,61.97710764,66.27115462,65.69183596,65.7459002,56.00307219,52.56715812,67.7010845,64.63215096,61.8038724,67.24410023,57.63516458,48.02622892,38.41729326,37.96094367,47.45810141,60.45610922,66.05481289,67.96658942,68.86160812,68.7419824,67.10697592,65.47196943,63.83696295,63.23337879,63.23337879,63.23337879,63.23337879
0,11,39.65737004,52.29743926,65.04279645,63.92820406,61.28666297,65.89299688,61.43578267,59.83772762,49.6669147,48.52397974,67.46627467,61.35216428,59.58460799,67.21521824,54.9945356,42.77385296,30.55317032,32.13204213,36.88636156,48.88317035,57.62850144,64.5278358,68.26773107,68.70930971,66.91156276,65.11381581,63.31606886,62.7088352,62.7088352,62.7088352,62.7088352
0,12,32.83533402,45.44046884,62.41762983,63.96992324,61.68013325,66.16493681,56.14917781,50.24894091,45.18005101,47.63865857,67.64850501,60.85976988,58.33870582,66.71382443,53.09581801,39.4778116,25.85980518,27.91528218,29.63032786,42.19204293,50.68589349,61.18480681,67.86213249,68.44253976,66.58101368,64.7194876,62.85796152,62.32297056,62.32297056,62.32297056,62.32297056
0,13,29.50788506,41.47849705,60.32988526,63.81951938,61.58462915,66.21938185,54.87551943,47.5430936,41.87217807,46.21884625,67.72671281,60.50910989,57.45476882,66.07964959,51.66462487,37.24960015,22.83457544,24.87347277,24.41946891,33.22735599,40.57651966,56.79114545,66.88447736,68.15824038,66.31162188,64.46500339,62.61838489,62.09546024,62.09546024,62.09546024,62.09546024
0,14,29.65348783,42.2209336,61.78422293,64.26994498,62.25592414,66.09306449,53.84167217,48.18296389,42.0219987,45.89079716,67.66770311,62.06504545,57.90573768,66.75644333,52.10426871,37.45209409,22.79991947,25.69675735,25.17971244,35.25753863,45.01239257,55.82212821,65.12417801,68.68514673,66.67439218,64.66363763,62.65288309,62.31474405,62.31474405,62.31474405,62.31474405
0,15,33.76898345,46.13425333,62.09295699,64.31969358,62.34512487,65.94837201,55.05258577,51.12283872,42.6990333,46.30330886,68.08399612,62.46088384,60.60330591,66.36715182,52.57237029,38.77758876,24.98280723,27.52866464,27.18811289,38.90309219,47.6532388,58.24988289,64.33724724,68.28820958,66.43559862,64.58298766,62.7303767,62.01488741,62.01488741,62.01488741,62.01488741
0,16,32.75126111,46.16705995,62.67748498,63.52560558,61.29873852,65.96090635,56.21097274,56.38905569,45.6017602,46.24467055,67.75367297,60.46635954,58.91713133,66.4794693,52.74242153,39.00537375,25.26832598,27.29003382,28.80199124,37.89982777,47.89173205,59.67495248,67.56404124,68.0322966,66.14387326,64.25544992,62.36702658,62.3280185,62.3280185,62.3280185,62.3280185
0,17,33.18109506,46.57899618,60.75377219,59.72584575,57.62238126,64.54079702,56.55059964,58.00686698,47.42385082,45.33364139,66.52848485,59.31537677,60.16805872,64.61416009,51.62967799,38.64519589,25.66071378,27.26533061,27.76807331,38.95847126,49.69446513,57.85263785,56.50773712,63.31463641,62.10501183,60.89538726,59.68576268,60.16169014,60.16169014,60.16169014,60.16169014
0,18,37.76311064,49.95836541,60.97192552,59.03627993,56.91449127,65.16613201,58.65739989,60.00553367,47.57443648,46.69216723,67.3047102,60.01902233,57.03725405,64.22160314,52.64505465,41.06850617,29.49195769,30.50982431,32.54883996,45.40469612,55.4044678,57.01163561,51.50119848,59.99682828,59.37395843,58.75108858,58.12821872,58.06701518,58.06701518,58.06701518,58.06701518
0,19,42.65761499,54.4740378,63.96199013,61.36685972,59.40507246,65.76513008,61.69592545,63.07709324,50.35001648,48.23174514,67.90141922,62.39125817,61.3608123,66.10691889,54.65454247,43.20216605,31.74978963,34.73672156,38.33754512,48.3527803,54.53404442,60.33011993,63.45711065,66.46552609,64.50412752,62.54272896,60.58133039,58.874894,58.874894,58.874894,58.874894
0,20,44.43017667,56.58289024,65.08436448,62.56958793,60.09139584,65.37009688,63.75265198,61.73244279,51.09004012,49.14712508,67.44655648,62.59608265,61.85624416,67.28820076,55.81219575,44.33619074,32.86018573,34.42320461,43.82775756,56.49315677,59.17193347,63.70170707,67.90558399,67.22709841,64.68169324,62.13628807,59.5908829,60.70716175,60.70716175,60.70716175,60.70716175
0,21,48.5664828,56.76664588,63.80940877,61.96718774,59.69522316,65.49559163,64.89153999,65.30081566,53.94920134,50.51736274,67.60514022,65.5275142,63.75063436,66.73041078,56.47704872,46.22368665,35.97032458,37.13439049,46.08929512,55.19409223,54.65629727,60.84627771,67.55506717,67.18010579,64.78535282,62.39059985,59.99584688,61.01409022,61.01409022,61.01409022,61.01409022
0,22,54.96611451,57.61904224,63.75651474,64.11497572,61.73724092,66.08726503,65.77219682,65.68206401,60.39872685,57.29938262,68.02673135,66.08335008,64.94454127,66.73369192,59.17524177,51.61679163,44.05834149,45.13225224,50.7912251,56.0184457,51.63898511,56.34326553,67.87544837,67.57644627,65.55748161,63.53851695,61.51955229,63.07005405,63.07005405,63.07005405,63.07005405
0,23,62.9130049,64.56026222,66.75947003,65.07169318,62.88613064,66.3160325,66.31680487,65.66321416,64.18832694,62.50970826,68.42112528,66.63213054,64.8823779,67.38072235,63.81148076,60.24223917,56.67299758,55.93425009,59.87908173,63.24252895,62.89197351,64.66604761,67.80776144,67.6357493,66.46692744,65.29810558,64.12928372,64.78993141,64.78993141,64.78993141,64.78993141
1,0,67.80602769,67.46921705,67.38537105,65.32799167,63.23480379,65.95415397,65.54413872,64.66635394,64.34558719,64.01731859,68.28914124,65.89594605,63.75494508,67.37461624,66.6334073,65.89219836,65.15098941,63.71067082,65.92766009,67.51806587,67.46405292,67.66611454,67.80768057,67.47140231,67.07184343,66.67228454,66.27272566,66.00908176,66.00908176,66.00908176,66.00908176
1,1,67.64009559,66.78542931,66.68541022,64.66633074,61.68284567,64.24340841,64.53024182,63.629665,63.72539331,63.28314669,67.91984863,65.60625454,62.88236272,66.58101956,66.58846968,66.59591979,66.6033699,65.33402197,66.04338203,67.54725263,67.2656028,67.20803047,66.58030559,66.45542231,66.34194936,66.22847641,66.11500346,65.8191667,65.8191667,65.8191667,65.8191667
1,2,67.1716707,66.18428662,65.58803334,63.63264891,61.01617401,63.44085586,63.16061242,61.61234065,62.31838969,62.69700288,67.29447811,64.37184142,61.40311578,65.49423691,65.69668472,65.89913253,66.10158034,64.91214321,65.50290476,66.99627369,66.50995475,66.21132106,63.9125945,63.70919093,64.17657237,64.64395382,65.11133526,64.35840564,64.35840564,64.35840564,64.35840564
1,3,66.4349537,65.16667843,64.59120229,62.79664058,60.32369142,62.75866461,62.5854284,60.25384032,61.48858147,62.12748832,66.78882637,63.53709493,61.38815813,64.87795198,65.04895627,65.21996056,65.39096485,64.59441527,64.73998351,65.85599695,65.16393412,64.99902319,63.64419295,63.50130052,64.03683769,64.57237485,65.10791202,64.63347777,64.63347777,64.63347777,64.63347777
1,4,66.76417512,65.82806035,65.67655099,64.25440512,61.73467912,64.14304606,63.5146905,61.03960738,62.05313632,62.72518736,67.14678403,63.57501609,62.89571241,66.36620361,66.22493487,66.08366613,65.94239738,65.09479421,65.10405325,66.2632029,65.68884313,65.85181666,65.36296352,65.12305922,65.34316833,65.56327744,65.78338655,65.5674307,65.5674307,65.5674307,65.5674307
1,5,67.12336812,66.91039082,66.73582324,64.1128703,60.62291612,63.55733403,64.69175298,63.82841886,61.90773368,59.65325103,65.10840022,63.94052288,64.41912143,67.25800612,66.92938475,66.60076337,66.272142,65.44930488,65.89223755,67.19486547,66.91321598,67.05122751,66.56859114,66.21195874,66.04645728,65.88095581,65.71545435,64.94497736,64.94497736,64.94497736,64.94497736
1,6,49.27053993,57.51276835,63.49454151,57.1886138,46.76833099,46.19764554,52.7496906,56.46188434,48.64952709,40.7158949,53.0815349,54.9280792,60.02212312,65.24089774,58.13020802,51.0195183,43.90882859,45.82256033,48.92831384,53.97135977,59.4087765,63.50587481,65.33428876,65.36515426,63.78139625,62.19763824,60.61388024,55.34463268,55.34463268,55.34463268,55.34463268
1,7,31.85144363,39.57983225,52.36424656,45.35901375,31.58578134,27.53751948,29.47319489,34.07472131,33.99027778,29.41636758,42.4764814,39.66861086,46.87503404,58.59785406,49.19939414,39.80093421,30.40247428,33.49496256,30.96887025,32.89264794,39.12060644,49.54803423,62.39452339,65.60861409,62.96296866,60.31732323,57.67167781,46.95892572,46.95892572,46.95892572,46.95892572
1,8,25.39652696,33.475405,46.95791482,39.76043358,29.26379906,26.95860181,26.80465132,28.17560216,32.66679602,30.49529665,46.6306014,40.51559096,41.73364046,53.51104679,44.53586217,35.56067754,26.58549291,29.27939029,26.51801786,24.81773592,31.38377813,47.34136074,66.80238867,66.05918602,62.49174001,58.92429401,55.356848,43.70405755,43.70405755,43.70405755,43.70405755
1,9,35.13839658,48.14785015,54.3272999,42.21467193,33.88485708,32.7789888,31.69646403,30.05647921,32.47734205,33.18222216,51.87134604,40.87622744,47.13671553,57.55886393,48.28216414,39.00546434,29.72876454,31.54283425,37.59242243,47.6233214,54.66683198,62.11458766,62.83340259,65.21130166,61.42852007,57.64573848,53.86295688,44.93340655,44.93340655,44.93340655,44.93340655
1,10,41.35594801,52.71057881,59.03656698,52.97664773,46.17915279,48.12365803,46.74814894,46.14212398,42.70716335,40.53499626,59.64450138,53.26628808,56.58025942,61.45265768,52.07586791,42.69907813,33.32228835,33.92734053,41.43389472,52.50630074,57.81938726,62.97953622,63.54211407,64.23502434,61.80640534,59.37778634,56.94916734,51.79363198,51.79363198,51.79363198,51.79363198
1,11,41.63237817,52.86653739,61.92021918,59.53590088,56.1775643,61.44143527,53.63066697,51.79602779,45.08230466,45.22210627,64.98260139,58.65603607,57.99485748,64.96351769,54.0503109,43.1371041,32.22389731,33.52086078,37.37048956,47.59201431,56.4949122,60.76501559,61.025436,64.78467152,63.23182731,61.6789831,60.12613889,59.19455721,59.19455721,59.19455721,59.19455721
1,12,39.81861721,52.94310367,62.44628663,61.3226707,58.92038936,63.7289056,51.18721569,46.25328588,41.11031104,45.66217785,65.95501908,56.63758,56.53815669,65.47982842,53.04202312,40.60421781,28.1664125,29.8934191,33.97935098,46.68053189,55.39356007,59.91604752,62.41917608,66.20695429,64.38787808,62.56880186,60.74972564,60.20490726,60.20490726,60.20490726,60.20490726
1,13,37.05855184,50.43881673,62.34734342,61.78734481,59.44503651,64.00759218,49.90424113,39.49481963,38.91990987,46.1051117,66.18314923,54.04106235,55.39652929,65.89392081,53.72157986,41.54923891,29.37689796,31.09696795,32.48289868,43.70616538,52.85941722,60.19007459,63.81221256,66.41624251,64.5561715,62.69610048,60.83602947,59.94648256,59.94648256,59.94648256,59.94648256
1,14,30.76753887,44.64502856,61.80636326,61.91897963,60.17692061,65.04209089,49.50812307,34.97356601,33.43618175,46.1182389,66.35017846,50.97668546,51.58711329,65.42032815,52.10435026,38.78837236,25.47239446,27.11294003,26.13307847,36.28250765,47.90409326,58.91333663,63.66292284,66.42622655,64.55101409,62.67580163,60.80058917,60.66584335,60.66584335,60.66584335,60.66584335
1,15,25.30148679,37.18566736,58.01286744,60.78669185,58.47943647,63.89232488,47.81593289,29.12256005,31.11926403,48.05281328,66.41428474,46.03089181,46.7867579,63.44422265,50.4748703,37.50551794,24.53616558,25.32105096,24.28642316,29.15412234,35.39859828,49.79885628,57.38387342,65.07349988,62.77706693,60.48063397,58.18420102,57.61019275,57.61019275,57.61019275,57.61019275
1,16,23.38573611,36.30827694,57.73876574,60.59383552,58.33717699,64.54220288,47.59707083,28.41343985,35.61176993,52.9737823,66.55442632,48.02506808,45.64840157,63.65618215,49.73256519,35.80894823,21.88533128,23.71123547,23.65623006,28.25480468,38.14017037,52.56154159,56.33037522,66.288743,62.03367008,57.77859716,53.52352425,54.19623983,54.19623983,54.19623983,54.19623983
1,17,23.51056346,37.96907107,57.27923918,55.84785705,53.16242852,62.52632458,47.79199546,26.71970409,36.90340074,54.56219725,64.84914352,45.75641029,43.90554875,62.62912828,48.72391874,34.81870919,20.91349964,22.8904227,23.8524436,32.30496211,40.63142818,52.00698463,49.75137032,64.20448285,59.66976708,55.13505131,50.60033554,48.84785491,48.84785491,48.84785491,48.84785491
1,18,30.30066932,41.41259023,55.99678121,49.34277068,44.93375612,57.08772864,47.51855904,30.27953898,34.90272902,49.46933786,63.93845663,43.83881443,42.62125985,61.67250439,49.84893849,38.0253726,26.20180671,29.56660466,26.17323872,30.83801759,39.99390754,51.03985113,52.31708744,64.77474229,61.41503869,58.05533509,54.69563148,47.1788886,47.1788886,47.1788886,47.1788886
1,19,39.06131356,51.513319,62.14263617,57.58921475,55.94080736,63.5951045,53.0804394,47.75671764,45.70552109,51.94627267,66.54350363,55.26181909,55.79321174,65.63728931,53.91712999,42.19697066,30.47681133,32.79237217,31.60175207,38.35017082,46.9982981,58.45985277,62.2725344,65.85475988,63.53793219,61.22110449,58.9042768,56.89561624,56.89561624,56.89561624,56.89561624
1,20,55.23107705,63.56782691,65.9184601,63.12687255,60.78546121,65.4496225,62.86969891,63.21374464,58.9972035,58.8376448,67.63209075,65.23610058,63.89608621,67.25155354,59.11131808,50.97108261,42.83084714,40.65616234,51.63895093,63.26326477,64.25536474,65.15499788,66.44470997,66.24071521,64.63999097,63.03926672,61.43854248,61.74984181,61.74984181,61.74984181,61.74984181
1,21,63.41291978,66.00564931,66.43650843,63.25561663,60.82190618,65.54430828,65.37552436,63.89062322,60.90441225,60.11052507,67.74236534,65.10123986,63.84254115,67.40997593,63.66284732,59.9157187,56.16859009,53.1815776,59.81246677,66.47832872,65.38159443,65.94649515,68.00399354,67.63142361,66.03028257,64.42914152,62.82800048,64.14025654,64.14025654,64.14025654,64.14025654
1,22,64.76801763,66.14233874,66.50244553,63.95542838,61.38891503,65.40658451,65.64210891,64.17277532,62.87533053,61.38642341,67.66802742,65.20906711,63.95927666,67.33019042,65.11998574,62.90978106,60.69957638,56.8262377,61.34158128,66.44817531,65.53561411,66.05788774,67.58045899,67.48019478,66.09512831,64.71006185,63.32499538,64.5773019,64.5773019,64.5773019,64.5773019
1,23,65.15158387,65.16763156,66.04699997,64.24191495,61.78340794,65.02314811,64.35414382,62.48855965,63.70038918,62.83834139,67.61723715,64.42903353,62.55900206,66.70605863,65.28866491,63.87127118,62.45387745,60.98203227,62.91917746,64.9564184,63.90269397,65.05503595,66.82067901,66.41891632,65.91500418,65.41109204,64.90717991,64.95166843,64.95166843,64.95166843,64.95166843
2,0,66.19006483,65.8632256,65.86916979,63.96579198,61.4161079,63.97010835,63.59371428,61.14195704,63.40726404,63.43257831,67.08985953,63.77393812,61.58170767,66.02473286,65.66924961,65.31376637,64.95828312,63.29474123,64.27045656,66.04228348,65.70622622,65.91689889,65.4350132,65.40687344,65.42482156,65.44276967,65.46071779,64.45470772,64.45470772,64.45470772,64.45470772
2,1,65.36014348,65.11311233,64.48202119,62.79423122,60.02291105,62.41422191,62.03760409,59.36650269,61.22890434,62.42764662,66.32238198,62.96687092,60.22000683,64.5804666,64.72276393,64.86506127,65.0073586,63.32220176,64.14239747,65.81083886,65.39566645,65.22391789,63.93423089,64.12469224,64.46071092,64.79672959,65.13274827,64.26112546,64.26112546,64.26112546,64.26112546
2,2,64.85979852,64.30359067,63.56550089,61.82213408,58.95064698,61.34552471,60.84899031,57.88741243,60.02610293,61.50717922,65.80082664,62.20676587,59.36216715,63.98388388,64.20276643,64.42164899,64.64053154,63.35818908,63.68471241,64.87782439,64.31348837,64.08547396,62.52107649,62.5427735,63.21013661,63.87749973,64.54486284,63.7958493,63.7958493,63.7958493,63.7958493
2,3,64.54529171,63.54437813,62.85573903,61.38487958,58.683092,61.41232368,60.50482619,56.95090976,59.88298112,61.65353524,65.16091315,60.88965066,59.31820156,63.63118283,63.65927616,63.68736949,63.71546282,62.249504,62.52080455,63.82281483,63.45867329,63.44112291,62.78408111,63.28098059,63.44979618,63.61861176,63.78742735,63.49634676,63.49634676,63.49634676,63.49634676
2,4,65.09658577,64.49900053,63.79724046,62.57790534,60.2867123,62.92084786,61.89099374,59.19352957,60.82992792,62.12190764,65.91638059,61.78158912,61.42850035,64.76991985,64.60819102,64.4464622,64.28473337,63.40679065,63.77300029,64.68347438,64.15065218,64.38576745,64.12896939,63.9720872,64.25234602,64.53260485,64.81286367,64.42691002,64.42691002,64.42691002,64.42691002
2,5,66.53582015,66.07864391,66.0282109,63.7459886,60.13113186,63.1346123,64.26349137,63.39443681,61.81156762,59.27595237,64.62709059,63.21046206,64.01934308,66.98205073,66.40657163,65.83109254,65.25561344,63.99792243,65.06077686,66.71846879,65.79350547,65.93143946,66.39214779,65.99379474,65.79023787,65.58668099,65.38312412,64.49280565,64.49280565,64.49280565,64.49280565
2,6,44.95869186,52.97829748,61.09213527,55.8910988,44.05714039,41.80333361,49.03743027,55.39483829,48.51504435,36.89711896,50.30285957,51.23908557,56.90811979,63.71720995,56.3529084,48.98860686,41.62430531,43.43732036,44.60949662,50.88630754,54.83957912,59.01385349,66.13815359,66.05337265,63.87254091,61.69170916,59.51087742,54.53780706,54.53780706,54.53780706,54.53780706
2,7,24.84045704,33.43667076,48.36645262,42.3389916,27.85088632,22.7846786,23.93858714,22.80603724,25.42124609,24.47014582,37.82643167,26.03205279,37.8185075,55.55261278,45.21560023,34.87858769,24.54157514,27.84422651,22.92600396,25.70338825,33.34365813,45.42283716,62.63576938,65.99063747,62.69402002,59.39740256,56.1007851,45.23041534,45.23041534,45.23041534,45.23041534
2,8,18.51858919,25.15720934,41.3536618,36.46700189,24.24621371,20.21767852,20.50412453,18.83377081,24.39131814,24.77154848,41.1355579,26.1099965,33.01021015,47.92405825,38.9060447,29.88803115,20.8700176,24.00784118,17.84913223,15.53170146,23.65841109,38.25487145,66.28513864,65.98805034,61.74595809,57.50386585,53.26177361,40.95889176,40.95889176,40.95889176,40.95889176
2,9,24.631433,40.38057579,49.90121349,36.47592506,26.3115405,22.88262569,23.49592463,21.22370175,25.16816176,25.57782871,45.03307202,22.05867667,40.71752073,53.83765505,43.00886803,32.18008102,21.35129401,25.37712107,26.03422204,34.74939152,45.02380861,56.49417141,65.64797794,65.15231343,60.75982938,56.36734534,51.9748613,41.79971715,41.79971715,41.79971715,41.79971715
2,10,32.20549819,45.1338925,51.61926116,42.64037572,32.12006492,32.95963066,35.61587162,35.24174706,34.21784059,32.28221333,51.96032131,41.1024593,49.91030309,56.09446003,45.86087223,35.62728443,25.39369662,28.31369581,30.7426935,42.82527679,53.83825222,59.4715237,58.72094097,63.64348489,60.09514712,56.54680934,52.99847156,45.35942168,45.35942168,45.35942168,45.35942168
2,11,29.58367939,41.49263644,56.37178544,55.48690334,51.83190226,58.69853462,48.4685652,42.08787389,38.97760044,41.87838604,62.81145059,53.79618963,54.61332741,61.80562361,49.14869177,36.49175992,23.83482808,26.53352688,28.7920807,34.50589896,42.9080954,53.48391991,57.59699366,64.5359605,61.73492735,58.9338942,56.13286106,55.65096488,55.65096488,55.65096488,55.65096488
2,12,29.8118557,43.57897571,60.32237852,60.00399421,57.452334,62.41307633,47.73980561,33.83069595,33.50053141,43.68111971,64.70605409,45.67105487,48.76471874,63.68443785,50.09816696,36.51189607,22.92562517,25.72633406,24.02694526,32.72175052,44.7883981,54.4305607,58.07554423,64.11273021,62.42732273,60.74191525,59.05650777,59.18457509,59.18457509,59.18457509,59.18457509
2,13,27.9799197,40.68523412,59.66122939,61.05200285,58.26876395,62.1604618,46.08119346,32.24783651,32.58886117,43.97295781,65.19177781,46.3379975,48.80944308,64.06189195,50.74016012,37.41842829,24.09669646,26.69843195,22.79217181,28.88071024,39.99110691,50.68117373,64.12873152,65.93551612,63.97145673,62.00739734,60.04333796,60.53833269,60.53833269,60.53833269,60.53833269
2,14,22.73486874,33.48984149,56.67576069,61.10060592,58.89924704,64.05162348,46.99768172,28.68873148,30.38079364,45.13436146,66.12723241,45.95166359,46.77117729,63.59829258,49.19309261,34.78789264,20.38269267,23.29954677,18.09570111,21.0639435,31.19203754,42.60969543,59.01171965,65.97040927,63.43989375,60.90937822,58.37886269,58.99013746,58.99013746,58.99013746,58.99013746
2,15,18.40588975,22.1723424,47.69320191,60.14597437,57.86830668,64.37846736,45.85481244,28.4752433,31.162968,46.85334501,66.7908717,66.00224209,43.56285706,56.56740029,43.70253711,30.83767393,17.97281076,20.59573154,15.90910043,14.66077137,18.90439652,25.71245016,23.96445349,48.47028284,50.36811105,52.26593927,54.16376749,56.34891137,56.34891137,56.34891137,56.34891137
2,16,15.07231726,21.56524541,46.67872341,58.4166225,56.11687687,63.47202928,45.88637588,25.79413347,37.68251932,53.37415044,64.78126046,44.325562,39.15226097,51.84336302,39.43038178,27.01740054,14.6044193,16.58624071,13.96971386,15.29664026,21.68745761,27.20455367,27.8439907,47.67569065,47.46038991,47.24508917,47.02978843,49.70236997,49.70236997,49.70236997,49.70236997
2,17,13.76025414,20.70369898,44.0479088,51.4987558,47.1411642,58.74949865,44.16680164,26.94435265,39.6424266,54.19193918,62.50853825,42.5619099,34.76355604,46.44453661,35.2566226,24.06870859,12.88079457,14.72272989,12.37119846,13.16003866,19.39164948,28.52294676,26.10882247,48.96452412,47.24151612,45.51850811,43.79550011,42.04777449,42.04777449,42.04777449,42.04777449
2,18,18.97754538,24.07606429,43.04279859,43.57285111,33.38501098,43.48279039,38.68003073,28.34055707,35.93942557,46.41189182,59.86263378,38.41533291,34.66436698,45.4859385,36.33897234,27.19200619,18.04504003,21.28599033,15.93174028,16.2929478,24.99850103,33.39850372,26.23822641,45.02240851,46.31606926,47.60973,48.90339075,37.0762768,37.0762768,37.0762768,37.0762768
2,19,28.09936039,38.1611735,52.7274574,50.75732532,45.11974782,55.37399883,46.74149807,37.02126613,40.05522577,49.5072832,65.24551829,49.84547164,47.18181509,56.61634032,45.25684595,33.89735158,22.53785721,25.52589849,20.8647673,25.80601176,36.33031406,44.4989985,50.97157057,57.19121051,56.39265183,55.59409315,54.79553446,49.93618446,49.93618446,49.93618446,49.93618446
2,20,45.70585009,57.89304792,63.70600265,61.19186886,59.270015,65.09166815,57.45778541,55.74535501,54.60369458,55.60564106,67.43244494,63.58844511,62.29439376,65.11272897,54.1295803,43.14643162,32.16328295,33.00657374,41.02309702,52.90183375,57.23103451,58.96270321,56.19684641,59.41557598,59.28707159,59.1585672,59.03006282,59.8010458,59.8010458,59.8010458,59.8010458
2,21,58.50634157,63.67280847,65.948314,63.00121498,60.34297907,65.33341873,65.12383953,64.29325044,60.39388844,58.91921439,67.4133151,64.6034117,63.43055329,67.25550208,61.03867996,54.82185785,48.60503573,48.02662009,57.02821735,63.12131727,63.28747218,64.50361942,66.74203837,67.44532466,65.67516903,63.9050134,62.13485777,63.24522637,63.24522637,63.24522637,63.24522637
2,22,61.23784394,63.02596763,65.71933271,63.62212611,60.85926957,65.10059049,65.48282913,64.4448622,62.52161032,60.90715058,67.58419993,64.87046406,63.4621316,66.92632542,62.07367473,57.22102403,52.36837333,51.79536581,58.79732921,63.62795894,61.62623207,64.04915218,67.30777797,67.14772117,65.63626257,64.12480397,62.61334536,64.21804156,64.21804156,64.21804156,64.21804156
2,23,64.77770145,64.98839885,66.01682198,64.02112403,61.71316908,65.02166741,64.50316937,63.36576427,63.64781039,63.12624674,67.11167873,65.05782423,63.13867405,66.62028214,64.84937861,63.07847507,61.30757154,59.71359613,63.62251012,65.14183476,63.61309161,65.12676154,66.8238023,66.79800226,66.03714936,65.27629646,64.51544356,64.89508934,64.89508934,64.89508934,64.89508934
3,0,66.27916604,65.7297035,65.73637469,63.91137897,61.49989726,64.22923316,63.51129469,61.51492859,63.00092619,63.43662261,67.43027927,63.90482858,61.76491921,65.80788921,65.32607258,64.84425595,64.36243933,63.39977863,64.71798895,65.89755162,65.66648905,65.86224693,64.75175398,64.94293216,64.7874732,64.63201425,64.4765553,64.27131377,64.27131377,64.27131377,64.27131377
3,1,65.53572038,64.76372363,64.45635043,62.68674593,60.16395468,62.75445145,61.92429353,60.27864185,61.15959784,62.55431402,66.86777729,63.22010744,60.39771209,64.48670766,64.33804084,64.18937402,64.0407072,63.29286165,64.22778848,65.44528186,64.96946064,64.79333634,64.02433024,64.05744826,64.28411597,64.51078369,64.7374514,64.09558183,64.09558183,64.09558183,64.09558183
3,2,64.92504705,63.96283986,63.41877568,61.4708884,58.46482397,61.10775022,60.50544078,57.82512103,59.75195193,61.73081833,65.91032922,62.0966219,59.15810144,63.48110298,63.53426866,63.58743434,63.64060003,62.72403172,63.61863298,64.67944944,64.08035192,63.91616982,63.49532181,63.37531208,63.51739332,63.65947456,63.8015558,63.67169635,63.67169635,63.67169635,63.67169635
3,3,63.98208804,62.24568542,62.43180061,60.976824,58.29885894,61.10053736,60.38201992,57.03928836,59.22972271,61.32799272,65.53396861,61.22656936,59.59977911,62.94451205,63.00576783,63.06702362,63.1282794,62.30775341,62.43993056,63.3382483,62.74497338,62.88901128,62.30862779,62.17374132,62.49848223,62.82322314,63.14796405,62.95601979,62.95601979,62.95601979,62.95601979
3,4,65.09959409,63.65516093,63.83048418,62.63341998,60.16234936,62.79070381,62.02450034,59.33554033,60.4877114,61.96592681,65.94242487,61.11168936,61.77175144,64.36499623,64.05838341,63.75177059,63.44515777,62.30615647,63.01870756,64.4005599,63.89692427,64.00547405,63.94781186,63.83080405,63.96746019,64.10411634,64.24077248,64.07632918,64.07632918,64.07632918,64.07632918
3,5,66.38496051,66.15062282,66.00553723,63.48772192,59.980823,63.0277148,64.33026133,63.54867725,61.72774121,58.9668027,64.76077369,63.218107,64.20038505,66.7831766,66.25327326,65.72336992,65.19346657,63.8805437,64.96620954,66.74979109,65.97066886,66.30345341,66.36704112,66.25730869,65.93805137,65.61879405,65.29953672,64.4359032,64.4359032,64.4359032,64.4359032
3,6,46.80748679,56.38449783,63.36937945,55.88822901,43.36879368,41.20497345,48.31073727,54.0683998,48.5147372,36.82399865,49.91783232,48.31948605,58.80237079,65.18335626,56.83842364,48.49349103,40.14855841,43.26864485,45.20356819,52.51528742,57.76058851,62.97875407,66.60739707,65.60109856,63.69569442,61.79029027,59.88488613,53.64102644,53.64102644,53.64102644,53.64102644
3,7,26.62444712,37.05739979,51.11893143,42.26996743,27.17654274,22.45134975,23.67492288,24.56447398,30.06588201,24.03185113,38.56369268,28.46143212,43.08872322,58.55048598,46.97336292,35.39623985,23.81911679,28.69146569,25.34847819,31.27247644,37.71918003,49.60804319,65.77811441,66.13943032,62.96622604,59.79302176,56.61981748,45.11976354,45.11976354,45.11976354,45.11976354
3,8,18.07743307,27.41810028,43.40293846,36.87389475,25.16103387,21.47832477,21.37040382,21.60919031,26.52874569,24.82078831,40.88494175,29.02160743,42.66657048,51.06518268,40.41770319,29.7702237,19.12274421,23.37279996,17.72248839,17.44201941,26.70982729,39.59805373,63.01947509,66.27939335,62.05028049,57.82116763,53.59205478,43.41185255,43.41185255,43.41185255,43.41185255
3,9,27.21497671,42.52352104,49.93487008,36.91852979,26.76265825,23.92619155,23.91046217,20.4373532,24.27409405,25.45427569,43.62224372,21.33651891,41.21740347,53.55283513,42.55920822,31.56558132,20.57195442,24.48032771,23.77785321,36.58573298,48.85666116,60.91338181,65.29102426,65.06864788,60.69313142,56.31761497,51.94209852,43.82435006,43.82435006,43.82435006,43.82435006
3,10,31.3356465,43.50696323,51.20742182,43.12199345,33.37435377,33.94337568,34.68288177,31.238275,32.06354234,31.37306728,52.40364571,38.98468108,48.37113441,55.87033104,45.02659341,34.18285579,23.33911816,25.6280522,25.80946536,39.04739407,48.71318733,55.71592799,58.66009899,63.16124898,59.6037081,56.04616721,52.48862633,44.97035992,44.97035992,44.97035992,44.97035992
3,11,26.59461824,35.2035021,52.1343423,53.79719238,49.47543979,57.13261507,47.10525233,36.60905953,35.83932399,40.83719714,62.13750986,49.98956268,48.68607818,58.69252124,47.72643006,36.76033888,25.7942477,28.09874929,26.1591347,30.76522024,38.28318311,47.60230643,58.56620842,63.83592737,61.33656268,58.83719798,56.33783329,56.58010718,56.58010718,56.58010718,56.58010718
3,12,24.2234358,34.50341878,55.65203776,59.33042235,56.2152548,62.1652773,47.21674851,33.80113695,33.72816667,43.28118263,64.85526072,50.10421081,51.34055114,62.36522845,48.70883922,35.05244998,21.39606075,23.84189162,18.8669955,24.15768732,33.72451506,45.35939197,51.98017668,61.22080257,60.22619466,59.23158676,58.23697885,58.25262977,58.25262977,58.25262977,58.25262977
3,13,23.24726712,33.2207493,55.94449132,60.88200882,58.3639963,63.29563193,46.28964221,30.63222369,30.89617705,44.08505461,65.63736233,48.34492875,49.01901267,61.38859888,48.75178179,36.11496471,23.47814763,25.81639252,22.2486953,24.13519598,31.86843688,42.04954604,50.19843779,63.9623533,62.28626094,60.61016859,58.93407623,60.14328898,60.14328898,60.14328898,60.14328898
3,14,20.20162275,27.457834,52.51077751,60.7755976,58.51537493,64.14983684,45.94736189,26.10586112,27.74404321,44.8845956,65.63311877,44.39104951,43.38580163,59.01220415,46.80680094,34.60139773,22.39599453,24.67793547,18.92916008,19.6285531,27.45901725,32.62156145,44.95688546,55.73290967,56.25019467,56.76747968,57.28476468,57.48695804,57.48695804,57.48695804,57.48695804
3,15,17.38136624,19.76912247,45.28151693,58.98847619,56.7135291,63.50293453,45.17142076,25.2546199,28.92483235,46.69625286,66.1248204,46.07285831,37.81127829,53.06908752,40.96787477,28.86666203,16.76544928,18.8736067,14.86386608,12.67775739,15.91538886,18.81897818,28.04110963,44.03295156,46.21123884,48.38952613,50.56781341,53.36772693,53.36772693,53.36772693,53.36772693
3,16,13.22971602,17.20446287,42.70449596,56.45969772,54.04972653,61.60675465,44.38304943,26.75823291,38.15127868,53.90123897,64.58068206,41.84114885,36.15141861,48.95746065,36.94779986,24.93813906,12.92847827,14.6971232,13.04186411,12.29972828,15.69001062,19.38443106,32.17784447,45.40456068,44.85312118,44.30168168,43.75024218,45.51297662,45.51297662,45.51297662,45.51297662
3,17,11.72568745,15.9226831,39.67011456,48.93097877,46.89958609,58.84143194,44.74407856,25.9364345,39.97223626,54.80756916,61.8698087,38.18703237,29.19068552,42.11100881,32.0621157,22.01322259,11.96432948,13.72388423,11.44397229,10.56202143,14.27309584,17.52250429,25.81759162,44.86459366,44.11191679,43.35923992,42.60656305,39.40421049,39.40421049,39.40421049,39.40421049
3,18,17.57040874,21.15662446,40.64748084,41.68526843,33.658782,43.35498535,39.50640236,27.18155959,35.87857264,47.06100106,58.72411054,37.33373189,29.39290123,42.44817593,34.19040525,25.93263458,17.6748639,20.98820365,16.35413987,15.64682411,20.16428883,24.6724122,37.13382961,48.36004012,48.35515781,48.3502755,48.34539319,35.66561285,35.66561285,35.66561285,35.66561285
3,19,24.88004096,34.3683137,51.27187271,48.15136599,43.42939286,53.31635737,44.74926566,31.36638476,34.37252542,48.32483962,64.26452343,43.76347847,44.72693582,56.19174742,44.60246056,33.0131737,21.42388685,25.34100906,20.4735104,23.19566134,33.8210228,44.99330264,59.91258379,61.98819455,59.30795427,56.62771399,53.94747371,46.60310133,46.60310133,46.60310133,46.60310133
3,20,39.23544557,52.74628167,63.0656035,60.92873982,59.08125126,64.91104603,54.58408732,47.32568258,47.23770603,53.52866086,67.39371111,59.69655015,59.60002732,64.77234274,51.83025007,38.88815741,25.94606474,27.77816029,32.17837759,46.96256376,54.79258083,58.033711,65.84395272,66.11850296,63.31135199,60.50420103,57.69705007,58.13110817,58.13110817,58.13110817,58.13110817
3,21,52.19031925,61.38856505,65.7860597,62.23333111,59.31603608,64.965098,64.17229845,63.3017849,58.65356606,56.79875412,67.48038663,63.08577218,61.96072636,67.03180922,58.12653954,49.22126986,40.31600018,38.83663634,49.69398226,60.90410196,62.71754647,64.78210904,66.76623604,66.70691296,64.53175271,62.35659247,60.18143222,61.49265879,61.49265879,61.49265879,61.49265879
3,22,59.68256228,62.48922525,65.01114338,62.9434232,60.50377828,64.99722102,65.48559443,64.20233067,62.28404921,59.89741909,67.54151784,64.28358827,62.84638027,66.41462525,61.11590425,55.81718325,50.51846225,48.86244354,57.7979221,62.87538832,60.41108438,62.38814839,65.46326271,66.34175589,64.68911084,63.03646578,61.38382073,62.56170701,62.56170701,62.56170701,62.56170701
3,23,62.10507843,63.59069417,65.53661489,63.8480785,61.4627844,64.88636753,63.81987028,63.45555446,63.57584423,62.49052226,67.44120555,64.4480135,62.82558097,66.45853684,63.45784172,60.4571466,57.45645147,55.66702283,61.99464261,63.18245643,60.97123616,63.4853698,66.55420922,66.37921092,65.09362023,63.80802954,62.52243886,62.67380593,62.67380593,62.67380593,62.67380593
4,0,65.59357206,65.27098446,65.82587876,64.10723482,61.63051479,64.29480217,63.34684763,61.96423297,63.32316468,63.29195741,67.54224222,64.00382816,61.76336988,66.28867925,65.82393827,65.35919729,64.89445631,63.78576214,64.78787071,65.36485955,64.86203169,65.7018974,65.85662835,65.69769139,65.48405998,65.27042857,65.05679716,64.40636518,64.40636518,64.40636518,64.40636518
4,1,65.13671928,64.39021261,64.89159616,63.34831349,60.51116936,63.10801828,61.79139185,60.42122454,59.10543788,61.73761367,67.00727179,63.3624805,60.51205618,64.99768419,64.588431,64.17917782,63.76992464,64.02068554,63.58757387,64.90272059,64.99539832,65.00667273,64.89100991,64.78791293,64.81942035,64.85092778,64.8824352,64.11975438,64.11975438,64.11975438,64.11975438
4,2,64.98809709,63.8829806,63.96450106,62.43165815,59.41650081,61.96442558,61.30385543,58.80570209,58.65388355,61.24271389,66.43691729,62.21303902,59.03307224,64.27554465,64.09483206,63.91411948,63.73340689,63.0170601,63.44331199,64.94656316,64.75317606,64.86147721,63.3954914,63.19084571,63.49009419,63.78934268,64.08859117,63.6386158,63.6386158,63.6386158,63.6386158
4,3,64.83787465,63.41336168,63.13909337,61.51621658,58.37780122,61.11278675,60.19104217,57.19244238,57.65140421,60.63089812,65.57679954,60.9581949,59.12723538,63.58987643,63.57816217,63.56644792,63.55473366,62.90066889,63.15934159,64.01714959,63.383454,63.52412867,62.39969533,62.25015829,62.71812556,63.18609283,63.6540601,63.28239659,63.28239659,63.28239659,63.28239659
4,4,64.76485784,63.83793656,63.64714382,62.82365096,60.06930757,62.74111308,62.08926089,59.63257219,58.94085621,61.54706562,65.98306583,61.90783054,61.42696359,64.81502648,64.30521375,63.79540101,63.28558828,62.25382739,63.26712567,64.82338428,64.17521421,64.31042453,63.69046926,63.76786492,63.94522015,64.12257538,64.29993061,63.98758269,63.98758269,63.98758269,63.98758269
4,5,66.12960517,66.12155566,66.04287385,63.41663489,59.27080972,61.95561989,63.81440383,62.8657071,61.11910407,58.86451018,64.58566861,62.31700016,63.29826313,66.91146375,66.03598923,65.16051471,64.28504019,62.24007013,63.805625,66.643368,66.24940998,66.47387637,66.36091124,66.1432378,65.70524385,65.26724989,64.82925594,63.38455852,63.38455852,63.38455852,63.38455852
4,6,47.31159144,56.13162276,62.88528269,55.8932664,43.82197587,41.96577926,48.91050693,53.80101699,47.29229941,37.05147135,50.41084662,49.37046115,57.31686486,64.54046178,56.67444166,48.80842154,40.94240142,43.01220163,44.87663579,52.13644872,57.46127983,62.19605016,66.97977333,66.26933952,64.10514927,61.94095902,59.77676877,53.86709504,53.86709504,53.86709504,53.86709504
4,7,26.51306983,35.94785593,49.72093084,42.4849259,27.78861457,22.89960658,23.57323625,23.451902,25.99751747,24.54256655,38.2038297,27.3684757,41.68508155,55.89046979,45.84855944,35.80664909,25.76473874,28.85960982,24.44037712,28.70642552,34.18561905,44.53275352,66.60390386,66.7256782,63.41182862,60.09797903,56.78412945,44.61729364,44.61729364,44.61729364,44.61729364
4,8,19.74715869,25.84933696,40.71870818,36.94396698,24.86287937,20.07882451,20.61843583,20.09121568,25.47560754,24.75010368,41.42660752,22.95986411,35.64602205,48.58267474,39.48817704,30.39367933,21.29918163,24.32998248,20.11537118,18.71274677,24.55106004,35.28438975,58.65954664,66.76866079,62.60584668,58.44303256,54.28021844,42.59814494,42.59814494,42.59814494,42.59814494
4,9,25.25842323,39.27180613,49.00177704,36.52749462,26.05300719,22.9120837,23.55464099,21.62134186,25.6600544,25.91788346,45.38100119,19.85431849,41.46797915,52.05302951,42.14625436,32.23947921,22.33270405,25.33600218,24.38786517,33.90789465,46.25865192,58.11578178,64.0538744,65.09627246,60.69140701,56.28654157,51.88167612,41.93989907,41.93989907,41.93989907,41.93989907
4,10,29.16492986,41.24933952,50.36397343,42.41996623,31.80374705,32.41688823,34.37267796,31.25984514,31.4022726,31.67223926,52.82320917,41.45064283,48.74740453,55.03681916,44.70669658,34.376574,24.04645143,26.40904052,28.59537925,40.30234006,48.67723105,55.67329866,60.08274405,64.41227958,60.63239144,56.85250331,53.07261517,45.17902995,45.17902995,45.17902995,45.17902995
4,11,24.50181813,33.86619424,51.02017197,52.59176475,49.343348,56.60563502,47.48011443,34.19986103,33.29040288,39.96509906,61.61723637,52.89868115,48.9079552,56.84661913,45.22060855,33.59459797,21.96858739,24.74659237,21.86723367,28.33472892,35.45598209,46.17574638,55.91429653,59.92366024,58.30915369,56.69464713,55.08014058,53.97371478,53.97371478,53.97371478,53.97371478
4,12,22.79885922,32.42142946,54.54522326,59.88194837,57.77954973,62.99592514,47.17633127,31.92056564,31.40705267,43.26543114,64.98991355,47.48541298,47.554216,60.46862357,47.3367846,34.20494563,21.07310667,23.60034161,18.56782187,22.05888128,31.635446,43.95044256,55.13162999,64.72728879,62.56125737,60.39522595,58.22919453,58.99026923,58.99026923,58.99026923,58.99026923
4,13,21.37051211,29.53737639,53.78113298,60.80914419,57.91056924,62.24650365,46.06756187,26.90645221,28.81516778,43.55782574,65.49120697,42.51667452,43.99659756,60.87487862,47.97143212,35.06798561,22.16453911,24.41336303,19.20905652,18.55807317,25.25049399,38.00043365,54.71348676,64.80226869,63.00062793,61.19898716,59.39734639,60.14821409,60.14821409,60.14821409,60.14821409
4,14,19.40781433,23.17787371,48.2744612,60.50723631,59.00464836,64.27857587,45.37998853,24.14650831,26.59129297,44.33576306,66.22556,55.54396446,44.00192296,56.03148283,43.61377127,31.19605971,18.77834815,20.90579267,16.13519677,15.77142502,18.60917643,24.53113272,50.81932368,64.00083635,61.33056463,58.66029291,55.9900212,58.03875153,58.03875153,58.03875153,58.03875153
4,15,16.1728273,16.50813433,41.52477204,57.64936359,57.4378403,64.20818733,45.22038131,24.16680644,29.19935374,47.07625187,65.28633049,41.56266632,31.95281085,47.40068038,36.9619552,26.52323002,16.08450484,18.03973342,14.69747624,13.50075307,15.10886017,19.15996385,44.93943306,64.12605922,58.70284027,53.27962132,47.85640236,52.67154557,52.67154557,52.67154557,52.67154557
4,16,13.5808324,15.72075965,40.01790699,53.46033792,54.80108705,64.36055859,45.43693926,26.14832331,38.36308454,54.50675862,64.37550532,42.70305765,29.7243222,43.58811632,33.76995546,23.95179459,14.13363373,15.61772971,14.08491518,12.58395076,14.01329675,18.0007495,47.3711788,56.23944639,52.02707122,47.81469605,43.60232088,48.11542851,48.11542851,48.11542851,48.11542851
4,17,12.38771941,15.78719672,38.87148549,47.48831648,44.40712348,57.16000948,43.4327082,27.36171545,41.53310729,54.16317515,61.10428955,42.07566375,28.92125847,40.17941492,31.19602625,22.21263758,13.22924891,14.7853238,13.07335091,12.55999119,14.68798928,17.16408766,52.74402914,63.11945839,56.3445485,49.56963861,42.79472872,39.10539013,39.10539013,39.10539013,39.10539013
4,18,17.89785461,19.23817254,37.72317375,40.39509412,30.14064398,36.48030392,36.33967928,29.43760167,37.97698693,45.32339232,56.94014057,39.89383542,27.46915471,38.32801375,32.02959911,25.73118446,19.43276982,22.15598817,17.63256786,14.76441704,19.29255131,21.1373694,47.49926879,61.57311411,57.20450145,52.83588879,48.46727613,39.33312896,39.33312896,39.33312896,39.33312896
4,19,24.63514011,29.43079692,46.56696153,47.33389963,41.16816336,50.30383965,43.03828696,31.779813,33.62406778,45.86696768,63.6808928,44.23358857,41.61450217,51.89687748,42.96958051,34.04228354,25.11498657,27.83940264,23.21832271,22.7223532,30.14142126,37.914984,63.60586722,66.31729728,62.54984759,58.7823979,55.0149482,47.9336563,47.9336563,47.9336563,47.9336563
4,20,32.46022243,46.62442673,61.68709406,60.99097379,58.19549484,64.09434143,52.0960713,42.84245569,39.95329382,49.86259128,66.8684228,57.2742318,56.23000257,65.66895046,51.63568258,37.6024147,23.56914683,25.29976312,27.70237901,39.33739647,47.48215239,56.33988552,67.54926334,66.80042735,63.95822241,61.11601746,58.27381252,59.26893305,59.26893305,59.26893305,59.26893305
4,21,44.40926667,56.89391754,65.05989222,62.12377954,59.22312754,65.05814483,61.37381812,58.93149401,54.74552008,52.34906843,67.36267677,63.85701858,63.36233887,67.1395647,55.20025336,43.26094203,31.32163069,31.62431939,40.35915162,53.36489629,56.29657374,62.74285292,67.20998969,66.88778169,64.51724399,62.1467063,59.7761686,60.94182416,60.94182416,60.94182416,60.94182416
4,22,51.34412237,59.50056694,65.1600837,62.99482149,60.18682158,65.16183421,65.12193559,64.52611731,60.68743855,56.39470415,67.83586062,64.713376,63.45691721,67.11975558,58.00072138,48.88168718,39.76265298,39.53338671,47.51640068,55.73143155,56.32737001,61.88213418,67.08925991,66.79968562,64.86116185,62.92263807,60.9841143,61.65534301,61.65534301,61.65534301,61.65534301
4,23,60.15032985,62.87240244,65.98959566,63.36291169,60.59877798,65.21367093,64.82205031,63.4606291,63.11198749,61.51214269,67.77334547,64.8116414,63.03836173,66.93168108,63.0347568,59.13783252,55.24090824,52.53293692,59.58253129,62.51423337,61.71550632,64.65841017,66.58831624,66.41963356,64.95546696,63.49130035,62.02713374,62.70617678,62.70617678,62.70617678,62.70617678
5,0,64.50548896,64.79965232,66.26196259,64.14552188,61.65926434,64.61053699,63.92411091,62.16077087,62.76242574,62.932679,67.63003088,64.26596995,62.41966555,66.62014959,65.41745033,64.21475107,63.01205181,61.28256183,63.64762164,63.78139459,64.55369277,66.08261687,65.93383034,65.78540683,65.50944367,65.23348051,64.95751735,64.16606073,64.16606073,64.16606073,64.16606073
5,1,65.96112511,65.27708534,65.33940294,63.50031334,60.26249483,62.51826616,62.43743086,60.66022855,56.03128204,60.09458949,66.98159629,62.84151462,61.00497264,65.6501417,65.13246906,64.61479641,64.09712376,63.19097449,65.36922723,66.03226222,65.65686143,65.71485447,64.19604796,63.93731326,64.32981521,64.72231715,65.1148191,64.4160169,64.4160169,64.4160169,64.4160169
5,2,65.67687059,65.42021034,64.91346831,62.68636708,59.30856566,61.75904529,61.65727188,59.43345158,57.18288844,60.32770892,66.56794809,62.5271043,60.30583491,64.88644325,64.53951892,64.19259459,63.84567026,61.99509492,64.56284338,65.22966394,64.81410096,64.91537814,62.61642705,62.25533497,62.82914902,63.40296307,63.97677711,62.92265901,62.92265901,62.92265901,62.92265901
5,3,65.37705999,64.65129734,63.90693864,61.92580082,58.8875516,61.57033805,61.0915284,58.23541305,58.47423716,60.39670932,65.93602905,62.17157619,60.70132628,64.30018083,64.09317199,63.88616316,63.67915432,62.14308635,63.90481007,64.68302607,64.1447848,64.18696839,62.35157812,61.95240116,62.51987383,63.08734651,63.65481918,62.86081878,62.86081878,62.86081878,62.86081878
5,4,65.69334634,64.77279464,64.11640122,62.70937307,59.88835935,62.34173337,62.29566203,59.25738664,59.30385107,61.37083718,65.86921916,61.10700171,61.65732218,65.02231245,64.67654008,64.3307677,63.98499532,63.40316729,63.83211966,64.83573278,64.08113359,64.39158079,63.55975335,63.35105186,63.73768314,64.12431442,64.5109457,64.51764134,64.51764134,64.51764134,64.51764134
5,5,66.17138098,65.85645806,65.84061119,63.31994486,59.71014838,62.91925376,64.20404023,63.12093019,60.50141521,59.19630708,65.54639,63.10628064,63.95344158,66.76946341,65.70967388,64.64988434,63.59009481,63.9757231,64.44280501,65.54215037,65.79257891,66.23023161,65.68505885,65.27451813,65.09189171,64.9092653,64.72663889,63.86445774,63.86445774,63.86445774,63.86445774
5,6,54.046718,61.71395542,63.95375469,56.53061912,45.75806976,46.11577531,53.7014306,60.0865564,50.03849401,38.75868281,54.03865615,55.73953568,61.34212367,65.39082327,58.7990924,52.20736152,45.61563064,46.59772783,49.5734806,57.70387903,63.02610369,65.23194151,65.80225214,64.87545907,63.13174516,61.38803125,59.64431733,54.34064652,54.34064652,54.34064652,54.34064652
5,7,32.41860291,46.64433913,57.00947726,44.96844147,30.89434738,27.60771813,30.73021685,33.0573157,32.37263581,28.21900325,45.04284233,36.3719578,47.85821929,59.76540188,49.1682583,38.57111471,27.97397113,31.78464785,30.65198867,37.62425393,48.12556581,57.39820849,64.74507824,63.88007776,61.41983202,58.95958628,56.49934053,46.40866013,46.40866013,46.40866013,46.40866013
5,8,21.90369738,35.09804176,49.81293964,39.9789567,29.43096865,28.05168113,26.95512761,23.3491739,28.79996254,31.35429498,50.13245501,32.84551574,40.93716297,56.33713462,45.53439711,34.7316596,23.92892209,26.60906358,24.31692507,26.73199287,34.70159625,50.60980791,66.29584609,66.02765631,61.90808135,57.78850639,53.66893143,44.49031437,44.49031437,44.49031437,44.49031437
5,9,28.27694208,42.93227163,53.05743119,42.94551248,34.60324371,35.72093379,33.71933746,25.10874232,27.35092909,34.35862965,56.08869552,36.61143605,42.88509473,55.98771503,45.74962979,35.51154455,25.27345931,27.83946638,29.77525791,38.41149595,51.2218514,60.33067782,65.64057387,64.87828899,61.18638176,57.49447453,53.8025673,45.37415577,45.37415577,45.37415577,45.37415577
5,10,28.74399803,40.59048628,54.88008787,51.36738515,46.53722947,52.37145188,43.72041353,32.93815244,32.20972994,38.73707877,60.23848825,43.92526528,46.79331374,58.22127193,46.75423427,35.28719661,23.82015895,26.48184118,27.15630911,37.65109844,46.50804721,57.32139109,62.71804486,64.11487966,61.24540346,58.37592727,55.50645108,53.15411177,53.15411177,53.15411177,53.15411177
5,11,25.05413179,32.92630314,53.56800366,57.73901423,55.50692327,61.02533109,45.90939412,29.67101816,29.70672053,41.62604943,62.82197804,43.48342376,44.31374786,60.29934951,47.77827123,35.25719295,22.73611466,25.1448283,22.65682229,25.21160994,32.78860056,45.19218953,59.25073309,63.92990322,61.80759655,59.68528988,57.56298321,58.28844039,58.28844039,58.28844039,58.28844039
5,12,21.95436163,25.55510458,48.6656079,59.2948673,57.03785393,62.61181717,45.84817679,27.03858002,27.26627202,42.76370513,64.58860263,41.5622111,42.38603914,57.61280394,45.50358355,33.39436316,21.28514276,23.36667146,18.85500347,19.70982378,23.72006925,33.60295054,56.93825211,64.32056618,62.14125665,59.96194711,57.78263757,58.60670658,58.60670658,58.60670658,58.60670658
5,13,19.5369435,20.26865384,44.55753813,59.05646019,57.79961491,63.44299413,45.87252751,26.78145683,28.25348062,44.03742568,65.91496709,48.13997821,34.91734053,49.56988954,40.18681028,30.80373102,21.42065177,23.4889178,19.62569182,17.90667507,19.32888219,24.82179326,53.3580789,61.92062679,60.51502364,59.10942049,57.70381734,59.81030053,59.81030053,59.81030053,59.81030053
5,14,17.02140419,17.22860004,41.16900685,56.46978047,55.97262048,62.63913486,44.55727017,25.49286224,27.63086871,44.16679837,65.06071903,41.54044118,29.21386506,43.20133694,34.40906941,25.61680188,16.82453434,18.96435282,15.82322373,14.25969852,16.02734095,17.71041093,46.70240741,61.94335814,57.8463615,53.74936486,49.65236822,54.18568238,54.18568238,54.18568238,54.18568238
5,15,15.00412267,16.70542779,39.19907698,52.50246712,53.64438399,62.17162176,45.48660202,27.80713763,32.38178913,46.83815118,63.55767477,45.36262717,25.82547232,38.65468142,30.68755238,22.72042335,14.75329432,17.12922227,15.43517626,14.75358929,16.5179109,17.28675765,38.66632555,65.96188088,59.25061922,52.53935756,45.8280959,51.8944427,51.8944427,51.8944427,51.8944427
5,16,14.52042782,17.44856137,38.13537296,47.84409354,50.29457083,60.49519027,44.66540749,27.99122024,39.16727643,52.28256638,62.55982278,44.0249803,23.54986979,39.970418,31.37342614,22.77643427,14.1794424,16.51070715,15.67084533,16.63917306,19.1745206,22.96264813,43.1290775,50.99853131,48.82620231,46.65387331,44.4815443,50.28247925,50.28247925,50.28247925,50.28247925
5,17,14.78494771,19.39378105,39.75176097,44.47544974,40.93588018,52.90095923,41.55268945,29.41617166,40.81317657,49.28579567,60.14605539,42.18400492,22.93125,43.20739435,33.68229754,24.15720073,14.63210392,17.10785877,15.12622114,16.176825,21.3905394,25.59144703,42.2689936,54.30846898,51.52623516,48.74400135,45.96176753,44.60274918,44.60274918,44.60274918,44.60274918
5,18,20.90663745,25.28642307,41.63494436,41.15817419,29.19604626,33.27207569,34.06364617,29.81589961,34.79005481,40.0338207,54.20447665,34.8710361,24.69612524,43.16502461,35.56572879,27.96643297,20.36713715,23.85533765,20.63823454,23.21954694,28.80535584,31.92070095,41.53916588,55.08084611,54.20778714,53.33472817,52.4616692,41.18245215,41.18245215,41.18245215,41.18245215
5,19,23.9234119,30.79899576,43.98552917,42.70724394,36.3517193,45.33762364,41.22030866,33.05619101,32.05759494,42.38803594,61.92391805,39.39060506,36.29351341,48.42917677,39.71728334,31.00538991,22.29349649,24.72235756,25.66329741,31.38737609,33.23279247,39.63518742,57.8255326,65.41294195,61.24665809,57.08037423,52.91409036,44.28407331,44.28407331,44.28407331,44.28407331
5,20,28.46442147,40.60983297,56.10185027,56.80463777,54.59824831,63.59176968,52.99227233,43.85226746,39.79942779,47.47384095,66.47985588,52.03316522,51.30328419,60.69863856,48.2208951,35.74315164,23.26540818,25.48198212,26.89343911,37.15557899,41.52453487,49.71064764,60.44867818,65.27752009,62.32476658,59.37201307,56.41925955,56.6267044,56.6267044,56.6267044,56.6267044
5,21,39.35716708,51.86797724,62.45492231,61.13966075,58.67649204,64.8780907,60.75784907,59.88342941,50.36428697,48.61898657,67.12233876,63.22622484,62.79562228,65.73284012,51.69674136,37.6606426,23.62454385,26.46117592,31.62981504,44.85818992,48.86548414,56.30852011,65.33963731,66.16408983,63.5036317,60.84317358,58.18271545,59.30546845,59.30546845,59.30546845,59.30546845
5,22,42.85032286,55.03259163,63.28084848,62.31149199,60.14504776,65.41391267,65.02968043,64.57024517,52.73532576,49.11888231,67.53231962,64.19674943,63.18888662,66.51440279,53.26325585,40.01210892,26.76096198,27.77939853,35.87682276,50.93550323,51.00402848,58.88417061,66.57241645,66.01342408,63.46468355,60.91594303,58.3672025,59.44751583,59.44751583,59.44751583,59.44751583
5,23,51.30822442,59.00135891,64.15363528,63.59835819,61.51667422,65.55945392,65.07366894,64.10819457,60.51234301,57.37991443,67.94761566,65.15518553,63.84732359,66.08350006,56.60023851,47.11697697,37.63371542,37.61327065,47.18075143,56.84608477,55.65370711,59.74034655,67.19085531,67.23725587,64.77432354,62.3113912,59.84845886,61.07863785,61.07863785,61.07863785,61.07863785
6,0,64.68981725,66.50034079,66.60176756,64.52766341,62.68793161,65.88720551,65.18594817,63.15399257,57.793105,60.59159404,67.90066674,64.78309061,63.59861954,66.75849792,64.48675624,62.21501456,59.94327288,58.70452469,62.36092674,66.58457963,66.42155613,66.70412089,67.39728622,67.28632625,65.98157451,64.67682276,63.37207102,63.49541271,63.49541271,63.49541271,63.49541271
6,1,66.38918556,67.41614275,66.65889359,64.25590262,62.34325262,65.29045951,64.55694262,63.19240407,54.48505053,59.54235333,67.743733,64.7140243,63.26662009,66.98936074,66.66475747,66.34015421,66.01555094,64.73280438,65.97373827,67.85309092,66.96330448,67.13641625,67.35292347,67.17312636,66.58505212,65.99697787,65.40890363,64.00158673,64.00158673,64.00158673,64.00158673
6,2,66.94113479,67.2537806,66.39010342,64.22936455,62.2117451,64.85714871,63.9061904,62.4679136,54.62380375,59.72847736,67.68055081,64.72091946,62.6876037,66.23153604,66.18003946,66.12854287,66.07704628,65.2447666,66.1688188,67.69323281,66.84212071,66.62971185,66.83017354,66.6956389,66.15517217,65.61470543,65.0742387,64.02106701,64.02106701,64.02106701,64.02106701
6,3,67.38823094,66.50745995,65.19436385,63.1896276,61.05213945,63.42351292,62.55369148,60.61236745,57.39419872,60.63439509,66.9880186,63.51866603,61.33472222,65.51765259,65.8037094,66.0897662,66.37582301,65.54225409,65.76698418,67.12275103,66.27146387,66.02376307,64.87180089,64.54707356,64.83485022,65.12262689,65.41040355,64.95023285,64.95023285,64.95023285,64.95023285
6,4,66.64365467,65.50711733,64.50471564,62.94590499,60.90758477,63.225813,62.24239272,60.28146792,58.54934257,60.82889618,66.50499468,63.07302479,61.48362822,64.97898685,65.14106513,65.30314341,65.46522169,64.79390933,64.78639136,66.01973521,65.15197915,65.13285851,64.34219845,64.33833609,64.53305643,64.72777678,64.92249712,64.65775526,64.65775526,64.65775526,64.65775526
6,5,66.46157063,65.64642089,64.91958481,63.46610717,61.47607342,63.94140877,63.45839411,62.01443237,56.1576145,59.63810339,66.78514394,63.38132554,63.07225799,65.4630287,65.45507001,65.44711132,65.43915263,64.91591792,65.07051028,66.05348175,65.27144841,65.3662605,64.69193295,64.80193506,64.92064352,65.03935197,65.15806043,64.8006204,64.8006204,64.8006204,64.8006204
6,6,66.92431677,66.92717182,66.66130089,65.03261529,62.73207199,65.08359389,65.17167962,64.33874933,55.54005475,58.90617679,67.24589635,64.49863759,64.41193491,67.27309249,67.0274081,66.78172371,66.53603932,65.86583624,65.95123977,67.17982508,66.66130674,66.83881121,66.62672293,66.74654096,66.54421904,66.34189711,66.13957519,65.46323979,65.46323979,65.46323979,65.46323979
6,7,66.21593747,67.35433123,66.84851235,64.5100124,62.12505508,64.9796492,65.79714199,65.06174611,59.64626937,59.67057044,67.35333153,64.66124436,64.40982932,67.35828659,66.49276594,65.62724529,64.76172463,63.65994862,65.75023259,67.86811213,67.20073221,67.33774873,67.4304905,67.50469998,66.7526278,66.00055562,65.24848344,64.26057453,64.26057453,64.26057453,64.26057453
6,8,60.29556525,66.4733602,66.71488838,63.80530577,61.2156981,65.03589171,66.12292063,65.39474372,60.73924505,57.23298766,67.19381208,64.36094941,64.33520816,67.32244787,62.79437864,58.26630942,53.7382402,52.23423812,59.35677336,67.10429258,67.0007884,67.388923,68.00964847,67.88770349,66.49999496,65.11228642,63.72457789,62.88060634,62.88060634,62.88060634,62.88060634
6,9,48.48373015,59.2543355,65.71468234,62.69578104,59.56061713,63.65298115,63.43435233,61.59154606,52.94318984,50.23707075,65.88104411,62.92230526,63.21291555,67.53821848,57.53526566,47.53231284,37.52936002,38.71558905,45.69768931,58.19713286,62.60729527,65.87122821,67.9766893,67.91207023,66.04067219,64.16927414,62.2978761,62.14615447,62.14615447,62.14615447,62.14615447
6,10,32.07534869,41.12493167,59.06149761,62.44028727,59.4980029,64.26960653,55.9439746,43.66022994,40.88400324,47.09907074,65.9718065,56.45083439,56.30844605,65.13229151,52.13756032,39.14282913,26.14809794,29.88209707,30.05703655,36.15177869,42.91879742,54.47195655,63.73219763,66.96719771,65.22347185,63.47974599,61.73602013,62.16239855,62.16239855,62.16239855,62.16239855
6,11,24.02517089,27.94603506,50.47493859,60.92400018,57.80634559,63.56367486,50.32496237,36.62975647,35.04563249,45.1683488,65.97041845,55.56703934,46.97343945,57.36536562,45.4622944,33.55922318,21.65615196,25.53280771,22.59815764,24.02717602,28.16766284,36.64732849,60.30321941,67.23737376,65.16423141,63.09108906,61.01794671,60.19507418,60.19507418,60.19507418,60.19507418
6,12,21.63841862,22.43173638,45.29465495,59.56428223,58.5127364,64.49085851,50.46492904,33.03047121,32.22956335,44.7935457,65.42643035,50.91254682,39.16514986,48.91016202,39.43618145,29.96220089,20.48822032,23.50765643,20.83626122,20.75227381,21.87245338,24.43149227,46.15174995,56.41495166,57.36803341,58.32111516,59.27419691,61.55074356,61.55074356,61.55074356,61.55074356
6,13,22.06654645,22.24985669,44.21367848,58.37941323,57.21032076,63.8086276,49.61770828,33.61877572,32.86625176,44.79110695,64.62812527,44.81570689,37.61452584,46.60973111,38.00354904,29.39736697,20.7911849,23.10299327,19.9874534,20.01489433,20.9182227,23.47031118,49.92780565,55.06278084,56.22492471,57.38706858,58.54921244,60.86390843,60.86390843,60.86390843,60.86390843
6,14,21.71277041,22.20265952,45.01012671,59.65320421,58.12047022,64.20278526,49.87835115,36.73185421,35.19861512,45.614856,66.50419802,52.50219567,43.37835194,48.34547926,39.08015398,29.8148287,20.54950342,22.45556551,18.19299891,18.30502574,20.05898354,24.05745554,42.19408179,56.63480377,57.61313744,58.59147111,59.56980478,61.18962749,61.18962749,61.18962749,61.18962749
6,15,22.52330446,23.76563877,46.72273037,61.0976941,59.71662778,65.54197782,50.09405323,36.7092725,34.33487441,46.11792842,66.59712568,51.47816432,42.09047068,49.21728095,39.7151724,30.21306386,20.71095532,23.60110574,20.26230807,20.86607706,22.82783525,26.13507388,46.69315223,53.46153769,55.53719016,57.61284263,59.6884951,61.50602896,61.50602896,61.50602896,61.50602896
6,16,22.29394217,22.78093754,44.70171937,57.992375,56.91418219,64.20609515,49.4909838,34.96020005,34.47116741,45.33415424,66.47983415,52.29941846,38.36516617,49.68057483,39.8971236,30.11367236,20.33022113,23.12605214,20.76248768,22.08601148,23.0556091,27.04862601,44.34765503,56.43584068,56.88890011,57.34195955,57.79501899,57.35486403,57.35486403,57.35486403,57.35486403
6,17,20.85204929,21.44199232,42.25109748,51.5544095,49.12758716,59.0183963,47.66817333,34.96918211,34.66347616,43.56213752,64.30093636,48.33075288,30.84028534,45.35092515,36.71578807,28.08065098,19.44551389,21.83092399,17.55224673,17.99570962,22.23701579,28.28202165,36.5926679,43.66660289,47.58452951,51.50245613,55.42038274,49.85750259,49.85750259,49.85750259,49.85750259
6,18,22.11682961,26.60032848,44.75340046,48.72198633,46.13499304,56.75443089,46.48117509,33.44489019,33.55985839,43.85276805,65.05987488,43.72783185,29.44231497,49.04813165,39.63197029,30.21580892,20.79964755,23.15332778,18.57602571,23.26668014,29.41413112,36.07148548,38.28341795,49.5205559,51.20486856,52.88918123,54.5734939,47.86175245,47.86175245,47.86175245,47.86175245
6,19,26.71631195,39.07686557,54.6926001,54.53178474,52.97337955,62.53588528,51.19326727,40.66759059,37.9330193,46.22174997,66.58112056,52.00879403,41.66537158,56.73899296,45.51054186,34.28209076,23.05363967,25.42321208,26.82743633,34.12450782,43.21336481,50.02246275,51.32593965,60.17967917,58.49006371,56.80044825,55.11083279,52.76598253,52.76598253,52.76598253,52.76598253
6,20,35.92231991,50.35876409,63.30994388,60.73679295,58.44961151,65.3807919,58.25731162,57.09930624,48.36020561,48.50281288,67.53364437,62.7058904,60.86617764,66.61561919,52.95346245,39.29130571,25.62914897,28.68265699,33.98681482,47.6376401,56.18117443,63.51091563,67.64827468,68.34820812,65.04435612,61.74050412,58.43665212,59.85592489,59.85592489,59.85592489,59.85592489
6,21,38.67064146,53.09799334,64.50874114,60.21052102,58.20731435,64.62257227,63.34535871,64.85113378,50.68409629,48.12759826,67.43837448,65.24568809,63.77234628,67.08936253,53.87065498,40.65194743,27.43323988,29.40875672,37.12407495,47.48634964,53.33438204,62.19488173,68.1076508,67.87994962,64.83693026,61.79391089,58.75089153,58.72963516,58.72963516,58.72963516,58.72963516
6,22,34.62398643,44.64852719,60.13238826,61.2600321,57.88229305,64.5664185,63.86166126,65.18192167,50.71863596,47.47909982,67.51527646,65.89786339,64.24057734,66.07188621,52.58933578,39.10678534,25.62423491,28.65468978,31.4484353,36.55875883,41.03210409,52.0043505,66.7198027,68.14276049,64.75805576,61.37335104,57.98864631,59.14175341,59.14175341,59.14175341,59.14175341
6,23,41.64334831,47.27382715,59.75774111,63.90537606,61.91994664,66.56755948,65.9608341,65.65771578,54.17193457,51.21942014,68.25611568,66.39247458,64.53147316,64.59734633,52.68358572,40.76982511,28.8560645,31.98062691,36.11155251,40.37181284,39.59514448,44.083252,68.08832123,68.63483115,65.31707597,61.99932078,58.68156559,60.38026514,60.38026514,60.38026514,60.38026514
