weekdate,hour,715916,715929,715947,716895,716918,716920,716922,716924,716934,716936,718085,718364,759610,759707,763980,775007,775050,775081,775068,715920,716898,716906,716907,716908,716912,716914,716915,716916,716928,716930,716938,759700,762398,763706,763748,763990,768523,775037,775058
0,0,72.31085049,65.84298608,67.31609323,65.2663264,65.57201386,65.31384704,66.47300352,63.98552683,64.80490801,67.92734869,68.40971189,73.4883796,73.2877505,67.99055564,68.22092223,49.67684368,48.97868133,71.24876089,70.96153508,70.67430928,70.38708347,70.09985766,69.81263185,69.52540604,69.23818023,68.95095442,68.66372861,68.3765028,67.02719671,67.02719671,67.02719671,67.02719671,70,70,70,64.72241105,70,70,70
0,1,74.74682667,65.92110397,67.27590034,65.63945629,66.02045283,65.57978743,66.98401638,65.09721155,65.24583563,68.12211835,68.56468574,75.52795297,75.26541261,68.2010467,70.81339733,46.40496664,45.57674632,70.92950368,70.69901487,70.46852606,70.23803725,70.00754844,69.77705963,69.54657082,69.31608201,69.08559319,68.85510438,68.62461557,67.67873899,67.67873899,67.67873899,67.67873899,70,70,70,64.95828729,70,70,70
0,2,75.54777057,65.70727302,66.70753044,65.08424736,65.93374128,65.77637635,67.08639674,65.05727295,65.21337761,68.11407515,68.42525108,75.79464138,75.44379902,67.73761451,72.64409029,55.99642688,54.34166659,70,69.82433107,69.64866213,69.4729932,69.29732426,69.12165533,68.9459864,68.77031746,68.59464853,68.41897959,68.24331066,67.58567134,67.58567134,67.58567134,67.58567134,70,70,70,64.42342083,70,70,70
0,3,75.74083996,64.55158373,65.89439165,64.79281452,64.98338906,64.98629936,66.72030952,64.65465498,64.51443592,67.45144151,67.7826282,74.59272398,74.20749126,67.27696432,74.45035186,61.48393246,59.11383442,70,69.76630928,69.53261855,69.29892783,69.06523711,68.83154639,68.59785566,68.36416494,68.13047422,67.8967835,67.66309277,66.93198898,66.93198898,66.93198898,66.93198898,70,70,70,64.53879067,70,70,70
0,4,74.93856194,63.3732519,65.54240311,63.42086081,63.59580093,64.67924059,65.98665546,63.21268795,63.01293637,66.21214964,66.71765589,74.19065644,73.81886977,66.11232529,75.58942891,59.88565234,59.01677979,70,69.65088244,69.30176488,68.95264732,68.60352976,68.2544122,67.90529464,67.55617708,67.20705952,66.85794196,66.5088244,65.90501959,65.90501959,65.90501959,65.90501959,70,70,70,63.13116553,70,70,70
0,5,75.23782513,63.3557994,65.27027665,63.00010159,63.50438661,64.46648707,65.87385716,62.92755301,62.39885072,65.94284929,66.39202933,75.4440599,75.05772177,66.16790853,73.45547732,66.54364107,64.14882898,70,69.62886299,69.25772598,68.88658896,68.51545195,68.14431494,67.77317793,67.40204091,67.0309039,66.65976689,66.28862988,65.57722936,65.57722936,65.57722936,65.57722936,70,70,70,62.77788313,70,70,70
0,6,76.85052246,64.78807929,66.47201135,64.33815051,64.50197521,64.8016852,66.28009869,64.33155401,64.34505288,67.24550411,67.49102963,76.75425911,76.37891033,66.80954973,72.19213204,62.41993464,60.64093137,66.22350961,66.33813012,66.45275063,66.56737115,66.68199166,66.79661218,66.91123269,67.0258532,67.14047372,67.25509423,67.36971475,66.8156525,66.8156525,66.8156525,66.8156525,70,70,70,64.70017902,70,70,70
0,7,76.90586333,65.62517851,67.14595836,65.62542789,65.48386428,65.79859964,67.24559859,65.29441621,65.17714539,67.69723585,68.29741139,77.2365083,76.91261997,68.22818181,72.6489002,53.7959909,60.76329041,70,69.82803026,69.65606053,69.48409079,69.31212106,69.14015132,68.96818158,68.79621185,68.62424211,68.45227237,68.28030264,67.5846028,67.5846028,67.5846028,67.5846028,70,70,70,65.77702317,70,70,70
0,8,75.38131442,65.97195503,67.29628363,65.36471036,65.38863572,65.31322948,67.02067828,64.96935815,64.43502985,67.76747467,68.34121693,75.91780979,75.81112171,68.48349496,72.45991992,55.19382066,54.48161437,70,69.8470863,69.6941726,69.54125891,69.38834521,69.23543151,69.08251781,68.92960411,68.77669042,68.62377672,68.47086302,67.49026213,67.49026213,67.49026213,67.49026213,70,70,70,66.05117961,70,70,70
0,9,72.38869232,65.40639019,67.41351585,64.67044718,64.08473018,64.71515795,66.18016672,63.38401896,63.9015327,68.12997086,67.81807627,71.60778003,71.79760637,68.05296992,67.1402078,55.29785242,56.21838265,60.22686887,60.9671717,61.70747453,62.44777737,63.1880802,63.92838303,64.66868586,65.40898869,66.14929152,66.88959435,67.62989718,66.5157839,66.5157839,66.5157839,66.5157839,70,70,70,64.56435167,70,70,70
0,10,68.46076324,63.46885471,65.21595349,62.34418705,62.09569108,63.71176247,65.43725137,58.95301341,61.19996973,65.32569016,66.62683239,62.36251603,62.89298312,67.66495994,65.53191441,48.63826576,53.59048029,63.29541969,63.39273337,63.49004705,63.58736073,63.68467441,63.78198809,63.87930177,63.97661545,64.07392913,64.1712428,64.26855648,64.14013014,64.14013014,64.14013014,64.14013014,70,70,70,61.52848545,70,70,70
0,11,64.28781226,58.98418841,61.26443674,57.50310389,59.83729526,60.26425635,62.63499218,53.42300929,55.71507881,61.56140055,64.25172204,60.2580816,61.43294513,64.00871437,64.89242689,38.79287951,46.53376203,59.67123729,59.56088889,59.45054049,59.34019208,59.22984368,59.11949528,59.00914688,58.89879847,58.78845007,58.67810167,58.56775327,60.54805122,60.54805122,60.54805122,60.54805122,70,70,70,56.98938194,70,70,70
0,12,63.09717118,59.39635678,61.07897524,55.856853,57.61003587,58.64051765,60.78366685,53.64070164,56.24942815,63.80513841,61.93550632,58.35783381,58.15036139,62.84548322,57.43609087,31.32904058,42.47594404,56.7687483,56.92070583,57.07266337,57.2246209,57.37657844,57.52853598,57.68049351,57.83245105,57.98440858,58.13636612,58.28832365,57.86964768,57.86964768,57.86964768,57.86964768,70,70,70,56.19909541,70,70,70
0,13,60.85623723,55.37025735,56.74816887,56.95017818,56.0249546,54.82951869,55.84098761,50.30147384,49.89790725,54.1023583,58.35507054,60.87593367,60.43046994,58.94545325,54.86563375,30.81110781,41.24674561,57.74285358,57.30993356,56.87701355,56.44409353,56.01117352,55.57825351,55.14533349,54.71241348,54.27949347,53.84657345,53.41365344,52.46771752,52.46771752,52.46771752,52.46771752,70,70,70,54.42743482,70,70,70
0,14,60.78405896,51.36802648,51.61131306,50.36163762,51.2766973,51.49100141,50.10108718,44.65028481,44.65739113,53.17883052,54.96282874,56.75023891,52.76690076,50.87270204,52.50508089,33.18719458,43.18311871,53.54554634,53.15419608,52.76284581,52.37149555,51.98014529,51.58879502,51.19744476,50.8060945,50.41474423,50.02339397,49.63204371,46.62308688,46.62308688,46.62308688,46.62308688,70,70,70,53.70911663,70,70,70
0,15,61.11204246,53.201811,55.24950847,54.64940291,54.46862162,47.51300534,42.83688659,41.30656912,43.48259804,52.39533497,54.70955526,53.98472166,51.74543267,48.74717078,47.97799922,29.32988161,38.82909676,55.46317139,54.89639595,54.32962051,53.76284507,53.19606963,52.62929419,52.06251875,51.49574331,50.92896787,50.36219243,49.79541699,44.5712687,44.5712687,44.5712687,44.5712687,70,70,70,53.27196196,70,70,70
0,16,62.85107458,55.89932337,58.20696626,57.86250686,56.13053382,52.13085086,46.21699148,44.91249759,45.89041016,54.34340414,56.28526252,53.52459765,55.69208302,54.05208205,45.77727179,30.91466338,42.53728063,56.38901144,55.93328455,55.47755767,55.02183078,54.5661039,54.11037702,53.65465013,53.19892325,52.74319636,52.28746948,51.83174259,49.05055956,49.05055956,49.05055956,49.05055956,70,70,70,53.80945029,70,70,70
0,17,64.56126904,56.63139881,56.91563193,57.22948992,55.65069138,53.53702119,50.92632262,48.23224127,53.18952369,53.96472204,55.15557052,52.61514283,54.46703821,57.82697623,51.38097783,28.61241519,40.02655124,60.1899614,59.6805987,59.171236,58.6618733,58.1525106,57.6431479,57.1337852,56.6244225,56.1150598,55.6056971,55.0963344,49.61789782,49.61789782,49.61789782,49.61789782,70,70,70,54.98486281,70,70,70
0,18,65.06775606,58.61060426,59.75091218,57.81423441,58.92682328,57.72214014,55.91063779,53.3061551,54.49988955,57.05263889,59.25561954,60.37444318,60.70407923,61.55786112,57.45892362,30.1236857,40.9575975,56.50522195,56.64321947,56.781217,56.91921452,57.05721205,57.19520957,57.33320709,57.47120462,57.60920214,57.74719967,57.88519719,57.72083665,57.72083665,57.72083665,57.72083665,70,70,70,56.32120823,70,70,70
0,19,66.07771611,60.63803098,62.54269626,60.16050768,58.73033358,61.27312785,62.36725221,56.97205648,51.92037794,59.64906182,61.84353475,64.32020239,64.22100999,63.8904045,66.01503377,37.14166823,42.62057673,65.22589597,64.8341646,64.44243323,64.05070186,63.65897049,63.26723912,62.87550775,62.48377637,62.092045,61.70031363,61.30858226,59.50785918,59.50785918,59.50785918,59.50785918,70,70,70,58.78267061,70,70,70
0,20,63.38944222,57.86467143,59.91458147,58.75077206,57.49775579,58.77768203,61.52327762,56.36639834,53.16597892,57.48137391,60.40242609,60.6180728,59.42327875,62.13344943,65.80573991,40.83860198,40.27644075,70,68.95080147,67.90160294,66.85240441,65.80320588,64.75400735,63.70480882,62.65561029,61.60641176,60.55721322,59.50801469,57.41687516,57.41687516,57.41687516,57.41687516,70,70,70,57.79393742,70,70,70
0,21,63.3855233,59.88129406,62.89180958,60.83743274,60.63783827,60.86626638,61.86352311,56.93794487,55.88833742,61.35344499,62.93930981,61.51699807,61.84896636,63.38460746,64.83216644,41.79814912,41.33910092,57.85495931,58.17670455,58.49844979,58.82019504,59.14194028,59.46368552,59.78543076,60.10717601,60.42892125,60.75066649,61.07241173,59.65314144,59.65314144,59.65314144,59.65314144,70,70,70,58.35174982,70,70,70
0,22,67.79560428,63.36540109,66.06019486,63.80069061,63.34962603,63.91180813,64.88932988,61.17689926,62.71551986,66.73893207,66.3479794,64.78203594,64.84180421,65.81695722,67.61980249,44.10338566,43.8199113,66.11499183,66.15510543,66.19521904,66.23533264,66.27544624,66.31555984,66.35567345,66.39578705,66.43590065,66.47601425,66.51612786,64.94306248,64.94306248,64.94306248,64.94306248,70,70,70,63.11410094,70,70,70
0,23,71.25081405,64.10551489,66.13777658,64.06973469,63.86516603,64.75090917,64.94222814,62.73987884,62.48950436,65.72803377,67.16512069,71.71366845,71.06731142,66.56627141,72.30885135,50.44047181,50.0827274,68.65167666,68.52531654,68.39895642,68.27259631,68.14623619,68.01987608,67.89351596,67.76715584,67.64079573,67.51443561,67.38807549,66.23824711,66.23824711,66.23824711,66.23824711,70,70,70,64.28413532,70,70,70
1,0,73.50714164,64.28776048,65.70568699,63.70801081,64.00447133,64.76271832,65.54759969,62.9051828,63.30375068,66.49884532,66.18647947,73.50325747,72.97932791,65.59284045,72.29581877,51.12044736,51.04790514,66.60648148,66.6601286,66.71377572,66.76742284,66.82106996,66.87471708,66.9283642,66.98201132,67.03565844,67.08930555,67.14295267,66.37266548,66.37266548,66.37266548,66.37266548,70,70,70,63.67891244,70,70,70
1,1,72.74660969,62.2048424,64.37700942,62.41318744,62.93524822,63.46645867,65.26119882,61.49277279,61.21656688,64.31146183,65.15218817,73.07725602,72.76687515,65.68096302,72.30398671,48.71554313,49.30948603,70,69.528974,69.05794799,68.58692199,68.11589599,67.64486999,67.17384398,66.70281798,66.23179198,65.76076598,65.28973997,64.88602716,64.88602716,64.88602716,64.88602716,70,70,70,61.98239358,70,70,70
1,2,71.65827286,60.11070473,61.41953782,60.08067483,59.12276093,62.36780041,64.21410151,59.90352013,59.07678353,63.03612245,63.16501678,70.96976407,70.80163689,64.3774889,69.45581706,49.87352163,49.22731871,70,69.34215006,68.68430012,68.02645018,67.36860023,66.71075029,66.05290035,65.39505041,64.73720047,64.07935053,63.42150059,63.01435688,63.01435688,63.01435688,63.01435688,70,70,70,59.58611379,70,70,70
1,3,70.68860493,57.97513542,59.17088786,57.05846627,56.70301652,60.13122419,63.05926787,58.28155918,57.5712643,60.97094907,62.14838144,70.74236131,69.87042175,62.80905006,65.9054198,61.59997958,60.77614379,70,69.14718307,68.29436614,67.44154921,66.58873227,65.73591534,64.88309841,64.03028148,63.17746455,62.32464762,61.47183069,61.55443844,61.55443844,61.55443844,61.55443844,70,70,70,57.96133814,70,70,70
1,4,70.36076784,58.90806576,60.90157099,58.39701264,58.76407265,61.51821595,63.63505597,59.08314206,58.34206908,62.67967768,63.3268829,71.41988415,70.43828263,63.66388135,66.91601147,40.40429393,40.16787645,66.5,66.08881614,65.67763227,65.26644841,64.85526454,64.44408068,64.03289681,63.62171295,63.21052908,62.79934522,62.38816135,62.06759595,62.06759595,62.06759595,62.06759595,70,70,70,59.34927107,70,70,70
1,5,65.10578523,59.58855639,60.95212964,55.02225717,54.97868953,61.16395259,63.55232832,59.34486905,59.17063317,64.26972106,64.52503621,59.7395922,59.15764347,64.7599405,63.37602206,49.80663807,48.63469045,64.6006604,64.32823599,64.05581158,63.78338716,63.51096275,63.23853834,62.96611392,62.69368951,62.4212651,62.14884069,61.87641627,63.15811493,63.15811493,63.15811493,63.15811493,70,70,70,57.13580886,70,70,70
1,6,55.42193791,53.96474688,53.30786798,39.98351537,42.19066543,52.7697369,59.58049871,57.87701736,57.92065152,62.79983337,63.57492981,55.05368767,55.40777319,63.79380184,59.00041498,40.35157612,39.7801777,51.14320843,51.2730443,51.40288017,51.53271604,51.66255191,51.79238778,51.92222365,52.05205952,52.18189539,52.31173126,52.44156713,62.2237349,62.2237349,62.2237349,62.2237349,70,70,70,44.74367612,70,70,70
1,7,51.18911427,49.26948521,49.62524333,38.82163034,40.30078022,48.86129095,50.55296751,52.52504829,51.71748799,52.94058289,59.14851048,48.46118046,50.88173163,59.39718517,54.23269069,49.52891476,54.02281454,50.75554909,50.57193655,50.38832401,50.20471147,50.02109892,49.83748638,49.65387384,49.4702613,49.28664875,49.10303621,48.91942367,56.61688533,56.61688533,56.61688533,56.61688533,70,70,70,43.92431405,70,70,70
1,8,53.64943262,51.15999077,50.35214718,36.91187828,41.64712147,47.38680425,52.53360311,54.59364116,57.16790579,60.79651248,61.2357423,47.62501921,49.24461976,59.79655621,54.72633832,54.60631053,56.03176616,45.62031113,46.04829121,46.47627128,46.90425136,47.33223144,47.76021152,48.1881916,48.61617168,49.04415176,49.47213184,49.90011192,58.41582098,58.41582098,58.41582098,58.41582098,70,70,70,44.34150697,70,70,70
1,9,59.38987569,54.59518683,56.90983697,51.62181835,51.38672678,56.17498109,59.73621166,55.59975561,56.17668046,61.37565849,60.95746718,53.032685,53.44608727,62.16147182,60.10845427,52.05063923,53.67625874,54.27427076,54.42696301,54.57965526,54.73234751,54.88503976,55.037732,55.19042425,55.3431165,55.49580875,55.648501,55.80119324,58.53290284,58.53290284,58.53290284,58.53290284,70,70,70,50.20763321,70,70,70
1,10,57.78060068,53.19275051,56.07078684,46.39932692,44.68833749,50.48798482,56.28180489,53.24869274,52.86045144,60.38207893,59.53064181,54.336303,55.15472349,59.77833856,56.55870205,38.69805946,44.82213016,55.05507812,54.88148715,54.70789617,54.53430519,54.36071421,54.18712323,54.01353225,53.83994127,53.6663503,53.49275932,53.31916834,57.649399,57.649399,57.649399,57.649399,70,70,70,47.27717528,70,70,70
1,11,56.41908166,51.09232084,53.09917919,42.68583192,42.12020183,45.50796424,51.25388494,50.24845732,48.6555281,54.61540773,58.65886745,53.43251434,53.35403766,57.93621916,54.0031421,34.46392718,39.48493142,55.4828801,55.0687936,54.6547071,54.2406206,53.8265341,53.4124476,52.9983611,52.5842746,52.1701881,51.7561016,51.3420151,56.71569085,56.71569085,56.71569085,56.71569085,70,70,70,47.42148095,70,70,70
1,12,55.88862576,47.94581557,47.81538515,39.3602731,41.30753644,48.96836144,50.50632717,45.38015398,43.76432473,49.67245548,53.48532168,48.77736428,47.05313636,52.70466499,54.53422073,32.09785012,37.20972448,53.30480052,52.68438367,52.06396682,51.44354997,50.82313312,50.20271627,49.58229942,48.96188257,48.34146572,47.72104887,47.10063202,50.58490475,50.58490475,50.58490475,50.58490475,70,70,70,46.67588345,70,70,70
1,13,53.85878503,45.7201698,45.66765487,36.89615135,38.18851337,43.56390566,42.99274061,39.755356,43.185662,50.47074195,48.98180412,47.56602056,47.6964436,47.11496782,54.75231969,31.45235266,37.86111651,52.92930064,51.99178672,51.05427281,50.11675889,49.17924498,48.24173106,47.30421715,46.36670323,45.42918932,44.4916754,43.55416149,45.39256781,45.39256781,45.39256781,45.39256781,70,70,70,43.60167031,70,70,70
1,14,52.51534295,36.8005845,35.57974966,35.38249399,37.60877641,34.85510128,29.98445225,29.0461918,29.99279574,35.0118249,35.47545166,41.44862661,40.84604825,33.91437925,45.95700699,30.78861414,38.64249815,54.33737802,52.39541584,50.45345366,48.51149147,46.56952929,44.62756711,42.68560493,40.74364274,38.80168056,36.85971838,34.9177562,30.6515033,30.6515033,30.6515033,30.6515033,70,70,70,41.53689139,70,70,70
1,15,49.39806713,27.11834275,25.42724001,32.04699119,28.25648739,23.21709768,23.64888931,22.2172971,23.88918796,25.68142116,25.25493066,33.66327099,32.89912881,26.12390929,38.25136648,26.64937489,32.49919125,47.30390757,45.6150162,43.92612484,42.23723348,40.54834212,38.85945076,37.1705594,35.48166803,33.79277667,32.10388531,30.41499395,22.38561627,22.38561627,22.38561627,22.38561627,70,70,70,37.97175542,70,70,70
1,16,51.41536062,24.04756107,22.45290989,30.03211623,30.342554,26.63546769,22.31672424,20.66285435,23.12678395,21.78950425,20.59260845,33.50263514,32.4971324,23.30790439,32.53148452,26.48749087,34.2529179,49.12751906,47.06527949,45.00303991,42.94080033,40.87856076,38.81632118,36.7540816,34.69184202,32.62960245,30.56736287,28.50512329,19.17814638,19.17814638,19.17814638,19.17814638,70,70,70,36.80012014,70,70,70
1,17,50.72881361,22.47175005,22.25431728,29.6702788,27.25198052,23.84880612,20.84891124,18.95918042,20.78656318,18.25566721,18.05771591,30.36394676,30.32267515,23.50134422,35.59936837,27.56953263,37.88622707,52.91476035,50.29715295,47.67954556,45.06193816,42.44433077,39.82672337,37.20911598,34.59150858,31.97390119,29.35629379,26.7386864,17.33102657,17.33102657,17.33102657,17.33102657,70,70,70,33.83574617,70,70,70
1,18,50.63300932,25.75121063,26.31823886,32.59250502,31.08231683,26.82367576,23.10084703,21.66967393,22.31941124,21.55064679,20.83375711,35.15210127,38.31370896,30.25641815,41.89127912,31.79858361,37.83334154,54.0383444,51.59772575,49.15710711,46.71648846,44.27586982,41.83525117,39.39463252,36.95401388,34.51339523,32.07277658,29.63215794,20.59757825,20.59757825,20.59757825,20.59757825,70,70,70,36.75091158,70,70,70
1,19,55.83129083,44.79905795,43.96507155,43.62243811,45.56126026,43.92991213,42.07083403,40.75280722,47.33486588,50.73921977,43.3829888,56.13008198,58.35065494,47.95760411,52.51135561,35.00617504,39.04257379,57.44694367,56.19193337,54.93692306,53.68191276,52.42690246,51.17189215,49.91688185,48.66187155,47.40686125,46.15185094,44.89684064,43.11182161,43.11182161,43.11182161,43.11182161,70,70,70,46.98578418,70,70,70
1,20,65.07851769,58.85098971,60.89390531,57.09225891,56.36855237,60.89694788,62.58004399,57.51021623,57.4674608,59.17833119,63.41397491,67.90514139,66.94400373,63.62643665,64.5112366,41.38902031,41.69941843,60.98088305,61.14636887,61.31185469,61.47734051,61.64282634,61.80831216,61.97379798,62.1392838,62.30476962,62.47025544,62.63574126,61.30596197,61.30596197,61.30596197,61.30596197,70,70,70,57.60010936,70,70,70
1,21,68.12267902,61.94693709,63.96374657,61.63642194,60.7039525,62.79029997,64.6355947,60.5191511,56.7785158,58.85313589,65.64970086,69.99973097,68.34889652,65.47753079,65.4725627,41.59389297,42.58694111,58.04100044,58.75250371,59.46400698,60.17551025,60.88701352,61.59851679,62.31002006,63.02152332,63.73302659,64.44452986,65.15603313,63.76612671,63.76612671,63.76612671,63.76612671,70,70,70,60.35013793,70,70,70
1,22,68.71460589,61.55250453,63.18157998,61.82191033,61.25332632,62.51314058,64.56170223,60.45196377,56.49510008,58.16303907,65.32119711,69.74358509,68.70445399,65.35095694,65.24333705,37.2335963,41.10686955,56.49653459,57.3230651,58.14959562,58.97612613,59.80265665,60.62918716,61.45571768,62.28224819,63.10877871,63.93530922,64.76183974,63.56522103,63.56522103,63.56522103,63.56522103,70,70,70,60.04742492,70,70,70
1,23,70.18444744,60.29680591,62.25938005,60.97237286,60.63752358,62.78418475,64.63397065,60.12935863,56.23432326,57.5357598,64.7131661,71.18143728,70.19924041,65.3393772,68.85388767,46.48478836,49.87387177,66.45748131,66.2035506,65.9496199,65.6956892,65.4417585,65.1878278,64.9338971,64.67996639,64.42603569,64.17210499,63.91817429,63.70418664,63.70418664,63.70418664,63.70418664,70,70,70,60.32542322,70,70,70
2,0,70.08333368,58.774002,60.41727689,58.5837088,58.70736941,61.7356043,63.79730802,59.43311269,55.46284228,56.76402369,63.37645592,70.98390372,69.99985538,64.11573015,65.68453421,55.86447303,58.56870843,75.18433022,73.90991911,72.635508,71.36109688,70.08668577,68.81227466,67.53786354,66.26345243,64.98904132,63.7146302,62.44021909,62.69091642,62.69091642,62.69091642,62.69091642,70,70,70,57.5518283,70,70,70
2,1,69.31902487,56.63413099,58.64689187,57.32792551,56.93571006,60.60532482,62.55571591,57.39388862,53.55551471,55.57067674,61.46553124,69.93499508,69.11048847,61.99471683,64.97317664,56.61692043,58.64038176,70,69.04553231,68.09106463,67.13659694,66.18212926,65.22766157,64.27319389,63.3187262,62.36425852,61.40979083,60.45532315,60.82209312,60.82209312,60.82209312,60.82209312,70,70,70,55.89724236,70,70,70
2,2,69.11803596,55.51137258,57.31079321,55.85524876,55.82294645,59.66480881,61.52163848,55.76790977,51.97689403,54.72248074,60.14812481,68.9872747,68.29125377,60.53318909,64.36885062,60.10814043,63.45836511,70,68.90691601,67.81383201,66.72074802,65.62766402,64.53458003,63.44149603,62.34841204,61.25532804,60.16224405,59.06916005,58.90483705,58.90483705,58.90483705,58.90483705,70,70,70,54.45699114,70,70,70
2,3,68.22137546,54.50656068,56.31342268,55.05489316,54.45033114,58.7740997,61.03764787,55.09279483,52.00604303,54.34866422,59.67811395,69.56535991,68.28288668,59.7797023,62.26249433,51.12115332,54.7699823,70,68.8636224,67.72724481,66.59086721,65.45448961,64.31811201,63.18173442,62.04535682,60.90897922,59.77260163,58.63622403,58.73087841,58.73087841,58.73087841,58.73087841,70,70,70,54.00025471,70,70,70
2,4,68.58692156,56.31554407,58.34953296,56.806667,55.67839721,59.94906362,62.62871228,56.80558077,53.1480069,55.61601737,61.47071838,71.56450459,69.87409933,61.43608688,65.12981661,52.38310599,53.06945046,65.73920914,65.20399319,64.66877724,64.13356129,63.59834534,63.06312939,62.52791344,61.99269749,61.45748154,60.92226559,60.38704964,59.92152144,59.92152144,59.92152144,59.92152144,70,70,70,55.83439589,70,70,70
2,5,63.56471014,57.28256351,58.69682614,53.4534081,53.14565238,59.25124906,62.65529967,58.02484469,54.71764328,56.9796555,63.03078458,59.7250443,58.57844817,63.68888017,60.37051628,39.03981822,40.3549326,59.2594574,59.29664199,59.33382659,59.37101118,59.40819577,59.44538037,59.48256496,59.51974956,59.55693415,59.59411874,59.63130334,61.11743454,61.11743454,61.11743454,61.11743454,70,70,70,53.82526542,70,70,70
2,6,52.28547536,50.70895073,51.14697085,40.98604601,42.91503088,49.98196471,57.14119105,56.00655982,55.39285306,57.43368873,61.17656345,49.45498596,49.87131273,62.41269479,56.27650326,33.1092933,39.31796364,54.60680151,54.16258059,53.71835966,53.27413874,52.82991782,52.38569689,51.94147597,51.49725505,51.05303413,50.6088132,50.16459228,59.03326959,59.03326959,59.03326959,59.03326959,70,70,70,41.86966429,70,70,70
2,7,47.11747878,45.03595698,44.79388888,34.64246503,38.39629969,41.35374399,47.27244172,49.5937333,50.89839461,53.13704385,57.02430479,42.21540864,45.08783406,58.45086071,49.81373666,50.94574352,50.24169854,44.48820352,44.69097343,44.89374333,45.09651324,45.29928314,45.50205305,45.70482295,45.90759285,46.11036276,46.31313266,46.51590257,53.22237586,53.22237586,53.22237586,53.22237586,70,70,70,40.26577372,70,70,70
2,8,49.27483168,48.79551973,48.21536524,35.87248278,39.71684604,41.38235666,49.8156868,53.26059515,54.21362867,55.55624183,59.39475332,41.65770391,43.10252626,58.6373557,50.935046,54.3619331,49.62355463,43.42338099,43.91921152,44.41504205,44.91087259,45.40670312,45.90253365,46.39836418,46.89419471,47.39002525,47.88585578,48.38168631,56.36373954,56.36373954,56.36373954,56.36373954,70,70,70,40.60661898,70,70,70
2,9,55.05613323,53.01611756,54.84836383,45.52391088,47.58531782,51.68423846,56.98888096,54.52729681,51.98948424,51.6439985,60.15373688,49.31736752,48.71335324,61.68202383,54.69385047,46.78343096,47.60379881,53.59416522,53.65578795,53.71741068,53.7790334,53.84065613,53.90227885,53.96390158,54.02552431,54.08714703,54.14876976,54.21039248,57.54673468,57.54673468,57.54673468,57.54673468,70,70,70,48.9215411,70,70,70
2,10,55.13885622,50.25029987,52.48715474,45.75046341,44.25773169,49.55455141,54.54306223,49.83390563,46.82380496,46.94854752,56.89539884,51.55596164,51.0210782,58.36902959,55.37934229,36.12738165,39.40142586,52.74252919,52.57836348,52.41419778,52.25003207,52.08586637,51.92170066,51.75753496,51.59336925,51.42920354,51.26503784,51.10087213,54.29234722,54.29234722,54.29234722,54.29234722,70,70,70,46.11703951,70,70,70
2,11,55.15005696,47.1418041,49.2093541,44.07325068,42.33118062,48.26290077,52.84638683,46.65715835,42.13843672,39.85157952,53.68505322,51.52308739,49.59210191,54.43978558,54.58169373,31.58495122,37.42996289,54.78832065,54.06402368,53.3397267,52.61542972,51.89113275,51.16683577,50.44253879,49.71824181,48.99394484,48.26964786,47.54535088,50.68922969,50.68922969,50.68922969,50.68922969,70,70,70,45.30787475,70,70,70
2,12,53.01099398,45.42409121,47.18513076,39.55024287,41.48582503,44.59153713,45.30434189,41.67461982,39.88034828,42.35515387,51.51215644,51.04341249,49.41355149,47.56736257,51.97165749,30.6826279,37.38304784,55.10124302,54.02718753,52.95313204,51.87907655,50.80502107,49.73096558,48.65691009,47.5828546,46.50879912,45.43474363,44.36068814,47.46084611,47.46084611,47.46084611,47.46084611,70,70,70,42.87187376,70,70,70
2,13,52.16697588,41.69479603,43.84732126,36.95526618,36.57252368,37.46760082,37.57848397,34.85225567,36.01114893,42.64726307,46.19991989,45.84571605,45.35931511,40.78641764,45.54558804,29.48935649,36.62985123,53.8703219,52.45794036,51.04555882,49.63317728,48.22079574,46.80841421,45.39603267,43.98365113,42.57126959,41.15888806,39.74650652,41.04830613,41.04830613,41.04830613,41.04830613,70,70,70,41.79921503,70,70,70
2,14,50.49546724,33.22960095,32.97883414,33.50982097,35.38945496,31.12102454,25.41625085,24.92093206,28.89883652,29.62028032,31.83770245,36.27670936,32.82892035,27.01259596,39.47466235,30.12358352,37.47725574,55.64586804,53.24821093,50.85055383,48.45289672,46.05523961,43.65758251,41.2599254,38.86226829,36.46461118,34.06695408,31.66929697,25.21340279,25.21340279,25.21340279,25.21340279,70,70,70,40.24967107,70,70,70
2,15,47.59557958,23.75124776,23.96316395,29.12412669,27.51314019,22.57562329,18.97074776,17.82032692,21.57892664,24.72835942,20.92478756,29.31785375,26.19055536,19.6474056,29.68468991,21.810211,29.72879494,48.53151597,46.38372652,44.23593707,42.08814762,39.94035817,37.79256872,35.64477927,33.49698981,31.34920036,29.20141091,27.05362146,16.45382141,16.45382141,16.45382141,16.45382141,70,70,70,37.27986799,70,70,70
2,16,46.29156126,20.27954833,20.25184165,27.66203138,24.60881025,19.07201264,16.45902783,15.07545725,22.28591442,26.1332261,16.08375549,25.11409621,23.32004992,16.83497979,28.54109458,20.65173607,29.04406338,47.0870443,44.81482357,42.54260284,40.27038211,37.99816138,35.72594064,33.45371991,31.18149918,28.90927845,26.63705772,24.36483699,12.51523792,12.51523792,12.51523792,12.51523792,70,70,70,34.11909256,70,70,70
2,17,46.09177015,18.30923324,18.39365854,25.4913698,22.76765655,17.56400115,15.24571444,12.95788169,18.7822372,22.54901961,13.98388873,23.68187646,22.8714027,16.12168688,28.95836934,23.65073852,32.85686316,52.40667345,49.49513198,46.5835905,43.67204903,40.76050756,37.84896608,34.93742461,32.02588314,29.11434166,26.20280019,23.29125871,10.79124724,10.79124724,10.79124724,10.79124724,70,70,70,31.87737899,70,70,70
2,18,47.54804505,21.69216713,21.49004349,28.37109194,25.87542738,20.37329112,17.29177244,15.00827986,20.90602608,27.09805794,17.19250794,29.53329971,30.21254044,20.2373313,34.15492264,26.21900519,35.54588043,54.55184389,51.76053666,48.96922943,46.17792219,43.38661496,40.59530773,37.80400049,35.01269326,32.22138603,29.4300788,26.63877156,13.88832967,13.88832967,13.88832967,13.88832967,70,70,70,34.71149697,70,70,70
2,19,52.07263316,35.99704497,36.00602484,38.44282101,38.51054414,34.36461667,30.07676343,29.7469578,35.14949467,39.49954044,32.72799892,48.00487003,50.62629968,36.16246248,45.24822381,33.81686353,38.24273222,57.26024761,55.12039222,52.98053684,50.84068145,48.70082607,46.56097068,44.42111529,42.28125991,40.14140452,38.00154914,35.86169375,29.4814277,29.4814277,29.4814277,29.4814277,70,70,70,41.56280248,70,70,70
2,20,61.16407303,55.2388586,57.13294251,53.99042233,53.52036748,55.3236201,56.25624855,53.54714399,55.08067281,55.77113971,58.26260288,65.14212874,64.94460563,57.83561675,59.17868779,41.24484151,41.44217948,57.45656895,57.334746,57.21292306,57.09110011,56.96927716,56.84745421,56.72563127,56.60380832,56.48198537,56.36016242,56.23833948,56.33591612,56.33591612,56.33591612,56.33591612,70,70,70,53.37763443,70,70,70
2,21,66.18866436,60.08396862,62.09658127,59.4419364,58.32427133,61.39863726,63.70322948,58.97022773,56.85511907,57.39314747,64.12157922,69.11169757,68.10206925,64.27657637,65.09775372,42.3389881,42.92782641,59.16395989,59.45773023,59.75150057,60.04527092,60.33904126,60.6328116,60.92658194,61.22035229,61.51412263,61.80789297,62.10166331,61.84837901,61.84837901,61.84837901,61.84837901,70,70,70,58.48190555,70,70,70
2,22,66.95583614,60.71563307,62.23862058,61.02596605,60.20097057,62.05762635,64.25923042,59.93459665,55.51681872,54.55667552,65.31418916,70.78274877,69.1910021,64.96497996,65.92711644,41.33547794,43.54310127,55.00389257,55.93533043,56.86676829,57.79820615,58.72964401,59.66108188,60.59251974,61.5239576,62.45539546,63.38683332,64.31827118,63.56932131,63.56932131,63.56932131,63.56932131,70,70,70,58.67979963,70,70,70
2,23,69.75437914,59.97667366,62.06991298,60.95417657,60.64257761,62.66775932,64.70712698,59.05345299,56.7124236,56.26896616,64.45219166,71.63359992,70.25704813,64.25698473,68.07239862,46.60044562,48.35493827,65.32328327,65.1849282,65.04657313,64.90821806,64.769863,64.63150793,64.49315286,64.35479779,64.21644273,64.07808766,63.93973259,63.10208236,63.10208236,63.10208236,63.10208236,70,70,70,59.66082479,70,70,70
3,0,70.46643034,58.77510923,60.49999257,59.44833485,59.37899339,62.61355714,64.37183366,58.38473262,55.96415441,53.88102533,63.50333747,71.81500858,70.61779906,63.82582342,68.40121574,45.87305964,48.53201593,74.24899011,73.08630757,71.92362503,70.76094249,69.59825995,68.43557741,67.27289487,66.11021233,64.94752979,63.78484725,62.62216471,62.25908479,62.25908479,62.25908479,62.25908479,70,70,70,58.42298531,70,70,70
3,1,69.34476558,56.47547391,57.11076664,56.40085067,56.94302841,61.20393936,63.08636401,56.40780571,53.97638359,53.19511166,61.54899975,70.3677363,69.12775622,61.5160299,66.73249008,49.20212078,52.79661969,74.47881944,73.08744506,71.69607067,70.30469629,68.9133219,67.52194752,66.13057313,64.73919874,63.34782436,61.95644997,60.56507559,60.47586338,60.47586338,60.47586338,60.47586338,70,70,70,56.35520584,70,70,70
3,2,69.18122004,55.59626495,57.48574173,55.93851463,56.5231265,60.56071459,62.66301322,55.91315875,53.0493731,51.66649743,60.58776286,69.54047606,67.9606779,60.51900412,66.24274424,50.5922953,54.40457743,70,68.96748995,67.93497989,66.90246984,65.86995978,64.83744973,63.80493967,62.77242962,61.73991956,60.70740951,59.67489945,59.28737902,59.28737902,59.28737902,59.28737902,70,70,70,55.09489193,70,70,70
3,3,68.32002153,53.78397935,55.93108203,54.61312183,54.45403722,58.99331264,61.28737064,53.97972188,52.16546463,50.6493396,59.35564275,69.70041929,67.98197379,59.77568728,64.60914736,50.06675692,51.79433499,70,68.80369876,67.60739752,66.41109628,65.21479505,64.01849381,62.82219257,61.62589133,60.42959009,59.23328885,58.03698761,57.8001436,57.8001436,57.8001436,57.8001436,70,70,70,53.60087593,70,70,70
3,4,68.44391675,55.92185655,57.90556218,55.86290871,55.76828751,59.85012932,62.77331403,55.7740624,53.39780564,52.56376686,61.24120838,71.40598665,69.28327117,61.83979732,63.90005114,45.35018382,44.33272059,64.88144996,64.38241433,63.88337871,63.38434308,62.88530746,62.38627183,61.88723621,61.38820058,60.88916496,60.39012933,59.8910937,59.84242623,59.84242623,59.84242623,59.84242623,70,70,70,55.29534897,70,70,70
3,5,63.32164491,56.52232337,58.12634324,51.78477639,52.30220246,58.99355946,62.50325127,57.14491253,54.51945125,53.78985566,62.75560076,60.83189027,59.04108278,63.4618767,65.08984163,36.15870098,33.26133578,62.81491685,62.33848765,61.86205844,61.38562923,60.90920003,60.43277082,59.95634161,59.47991241,59.0034832,58.527054,58.05062479,60.67799012,60.67799012,60.67799012,60.67799012,70,70,70,53.90748835,70,70,70
3,6,51.46933826,50.13592121,49.90115518,37.39310888,40.9302599,53.54968808,57.95169341,56.00700958,54.85452977,53.8582766,61.4431427,54.05766834,54.41213626,62.01666336,56.7730797,30.26975082,31.04595588,56.88416783,56.0374952,55.19082257,54.34414993,53.4974773,52.65080467,51.80413203,50.9574594,50.11078677,49.26411413,48.4174415,58.82319725,58.82319725,58.82319725,58.82319725,70,70,70,42.43144657,70,70,70
3,7,47.69974908,46.51922658,45.76141784,33.49284648,36.81668193,42.0015933,45.90037516,49.35512066,54.46069354,56.63602941,55.96778295,44.92374358,48.52841981,56.98214237,51.24185621,51.35421881,63.8922709,48.0589883,47.66979093,47.28059356,46.89139619,46.50219882,46.11300145,45.72380408,45.33460671,44.94540934,44.55621197,44.1670146,51.89806244,51.89806244,51.89806244,51.89806244,70,70,70,39.56960101,70,70,70
3,8,49.34541516,49.11648439,49.36891886,37.73349373,40.00049968,42.75328283,46.02259951,50.73008645,56.09649374,60.82153288,57.63859777,43.62722701,47.25193584,56.92113856,53.31203871,54.90785842,52.4934521,50.5399649,50.15778188,49.77559886,49.39341585,49.01123283,48.62904981,48.2468668,47.86468378,47.48250077,47.10031775,46.71813473,55.28047901,55.28047901,55.28047901,55.28047901,70,70,70,40.24425077,63.2753268,70,70
3,9,54.13490431,52.77756186,53.47115977,41.35656093,42.54168348,52.08189378,58.40281352,55.62047136,55.60496172,60.77460989,60.83154085,49.17895113,48.57171957,61.54604962,58.2324632,46.51233111,51.10132369,57.59708024,56.92686299,56.25664573,55.58642847,54.91621121,54.24599396,53.5757767,52.90555944,52.23534218,51.56512493,50.89490767,58.34220885,58.34220885,58.34220885,58.34220885,70,70,70,45.73284281,70,70,70
3,10,53.80330853,49.16086458,50.62041102,44.11091302,43.73170644,50.43428225,54.58747666,49.60363182,50.67261574,55.93000408,55.55460077,50.88488647,50.99697161,57.16672122,57.82619481,40.39222637,43.34198844,59.1710132,58.25796057,57.34490793,56.43185529,55.51880265,54.60575002,53.69269738,52.77964474,51.8665921,50.95353947,50.04048683,53.31749626,53.31749626,53.31749626,53.31749626,70,70,70,45.38859736,70,70,70
3,11,55.12315085,49.27195821,50.73701476,43.50373493,43.70682133,46.92316565,49.99272622,43.91363636,43.31666011,56.73399203,56.1226278,49.1272144,47.45923384,52.12019217,53.77602132,34.50754855,41.59861019,57.65221658,56.93363502,56.21505345,55.49647189,54.77789032,54.05930876,53.34072719,52.62214563,51.90356406,51.1849825,50.46640093,53.17631493,53.17631493,53.17631493,53.17631493,70,70,70,46.55655018,70,70,70
3,12,53.21516842,45.68799898,47.58846892,38.33668633,38.7650213,42.74645133,43.27335358,39.11117178,39.29605821,50.17366558,49.55783547,46.37871648,47.50303131,47.2699394,50.73593524,33.97965395,39.71287487,54.55516427,53.25325873,51.95135319,50.64944766,49.34754212,48.04563658,46.74373105,45.44182551,44.13991997,42.83801444,41.5361089,45.2767555,45.2767555,45.2767555,45.2767555,70,70,70,41.08531931,70,70,70
3,13,51.17613359,41.71892225,43.64079019,37.05060961,38.44279418,39.56782546,36.10232183,34.70627943,42.39679027,52.58072576,44.98958369,43.02356717,41.19418561,39.3295278,45.66489115,32.28873716,38.13372907,55.61421319,53.98678323,52.35935328,50.73192333,49.10449337,47.47706342,45.84963347,44.22220351,42.59477356,40.96734361,39.33991365,39.66588144,39.66588144,39.66588144,39.66588144,70,70,70,42.57959304,70,70,70
3,14,48.00239253,30.79551672,31.68057756,30.71611956,31.70214867,28.51858258,23.1410475,22.64532868,30.46026462,46.20506536,30.02728578,34.67986325,32.01544593,25.49713499,37.85043407,27.73154484,34.60101013,54.13295476,51.67693422,49.22091368,46.76489314,44.3088726,41.85285206,39.39683152,36.94081098,34.48479044,32.0287699,29.57274936,24.25828933,24.25828933,24.25828933,24.25828933,70,70,70,37.58104288,70,70,70
3,15,43.50889828,23.76918495,23.72628183,28.3002201,26.44272919,21.40121182,19.22474109,17.68633547,24.65922576,34.07539683,19.74756968,26.83985168,23.73207872,18.93238326,28.53367081,20.08173972,27.74699637,45.42300929,43.50649736,41.58998542,39.67347349,37.75696156,35.84044963,33.9239377,32.00742577,30.09091384,28.1744019,26.25788997,17.05760527,17.05760527,17.05760527,17.05760527,70,70,70,36.73529476,70,70,70
3,16,43.11143465,19.86458628,19.77477272,26.54246352,24.36780335,18.58959638,16.33872789,14.74480352,20.21614999,30.07288943,15.55308224,23.69807699,21.41610468,16.00853516,27.31238733,20.17895746,27.03699394,43.83215372,41.83960755,39.84706138,37.85451521,35.86196904,33.86942287,31.8768767,29.88433053,27.89178436,25.89923819,23.90669201,12.80259715,12.80259715,12.80259715,12.80259715,70,70,70,33.19970454,70,70,70
3,17,42.08605781,18.14972212,18.66535103,25.8798484,23.04355117,17.63349626,14.83958903,12.48819801,17.57367433,28.82460285,13.64740251,22.74771121,20.77928893,14.20146628,26.02177817,20.29863779,28.02178065,45.61360057,43.34823924,41.0828779,38.81751657,36.55215523,34.2867939,32.02143256,29.75607123,27.49070989,25.22534856,22.95998722,11.09599706,11.09599706,11.09599706,11.09599706,70,70,70,32.22351633,70,70,70
3,18,45.83516423,20.5878465,20.85690532,28.06653076,25.22987711,19.22114929,16.54473436,13.95397426,18.20654276,30.99326888,15.79697809,26.72428605,26.29004303,17.38249633,33.40593719,26.51818033,32.56478446,55.31632374,52.25447086,49.19261798,46.1307651,43.06891222,40.00705934,36.94520646,33.88335357,30.82150069,27.75964781,24.69779493,12.97777844,12.97777844,12.97777844,12.97777844,70,70,70,33.59653159,70,70,70
3,19,50.00284359,32.77535923,32.81243885,35.7646748,36.4705909,30.74157939,27.13935513,26.21275297,30.72690287,47.71445787,30.79274757,42.88452164,45.01296435,33.17612183,42.63180141,32.9996653,37.08066533,54.85754417,52.6643378,50.47113143,48.27792505,46.08471868,43.89151231,41.69830594,39.50509957,37.31189319,35.11868682,32.92548045,26.48226975,26.48226975,26.48226975,26.48226975,70,70,70,39.37076329,70,70,70
3,20,58.15975036,54.35926261,56.00899035,51.78355664,52.17034586,54.70899569,52.83846491,50.21508252,56.12177968,61.01739061,54.48752181,62.40988664,64.49006149,55.8502363,58.36554483,40.92700295,40.53703563,57.12936666,56.72213622,56.31490578,55.90767535,55.50044491,55.09321447,54.68598403,54.2787536,53.87152316,53.46429272,53.05706228,52.51267665,52.51267665,52.51267665,52.51267665,70,70,70,49.32676261,70,70,70
3,21,65.56267784,60.94113437,63.7308948,61.01374679,59.53253462,61.5342471,63.15918264,58.49427366,58.34421791,63.75025871,63.9451965,68.4996567,67.34228602,64.06497349,65.29150041,40.5518348,40.38233659,59.02721655,59.47312326,59.91902997,60.36493668,60.81084339,61.2567501,61.70265681,62.14856353,62.59447024,63.04037695,63.48628366,62.00332095,62.00332095,62.00332095,62.00332095,70,70,70,59.81313358,70,70,70
3,22,67.95647928,61.68583351,63.15765305,61.85924883,61.02142518,62.59191748,62.89654836,58.53680491,57.00696425,63.33282271,64.49750271,69.01935774,68.46369791,63.81508239,63.5796151,40.97197712,42.18378949,59.06460345,59.60001012,60.1354168,60.67082348,61.20623015,61.74163683,62.27704351,62.81245018,63.34785686,63.88326353,64.41867021,62.5496518,62.5496518,62.5496518,62.5496518,70,70,70,61.13140996,70,70,70
3,23,70.33110944,60.71110694,62.16428524,61.44284136,61.16610775,63.06873579,64.63122077,58.74994245,59.30168288,63.21313317,64.51919071,71.52601597,69.30244661,63.7343684,66.5245309,48.27003676,47.42046569,64.14666017,64.14191982,64.13717946,64.13243911,64.12769876,64.1229584,64.11821805,64.1134777,64.10873734,64.10399699,64.09925664,63.34107054,63.34107054,63.34107054,63.34107054,70,70,70,61.18803127,70,70,70
4,0,70.78915308,59.80703389,61.45539871,59.90211266,59.86450723,62.70609269,64.46108682,58.83363653,58.51130219,62.05191086,63.97925933,72.2498109,70.96883533,64.44208095,66.33938638,53.43757489,52.83927185,61.28381731,61.46757892,61.65134053,61.83510215,62.01886376,62.20262537,62.38638698,62.5701486,62.75391021,62.93767182,63.12143343,63.06570378,63.06570378,63.06570378,63.06570378,70,70,70,59.19068489,70,70,70
4,1,70.13286817,58.15668433,59.58024434,57.75857934,58.07761524,61.01233321,63.26988495,57.6922724,56.95328787,61.19287173,62.21346808,71.0463651,70.00981014,62.45021887,65.54915286,58.94824857,57.18891534,67.86385918,67.18537967,66.50690015,65.82842064,65.14994112,64.47146161,63.79298209,63.11450258,62.43602307,61.75754355,61.07906404,61.18895059,61.18895059,61.18895059,61.18895059,70,70,70,57.20838391,70,70,70
4,2,69.48820481,56.32491102,57.72627159,56.53619719,56.38785054,60.02807864,62.42112268,56.22001739,55.22133117,59.20259814,60.64534098,70.27898519,69.0218421,61.20189446,65.92992624,57.9167029,57.02775404,70,68.98151258,67.96302516,66.94453774,65.92605032,64.9075629,63.88907548,62.87058806,61.85210064,60.83361322,59.8151258,59.97735081,59.97735081,59.97735081,59.97735081,70,70,70,55.70561565,70,70,70
4,3,68.6493557,54.6946142,56.8255393,55.17808598,54.88780663,58.12682917,61.24607106,54.76829733,54.0747122,59.24686819,59.56408162,69.94313024,68.53075279,60.16017473,65.69224283,56.43504861,55.57240563,70,68.85060387,67.70120775,66.55181162,65.40241549,64.25301936,63.10362324,61.95422711,60.80483098,59.65543485,58.50603873,58.39425381,58.39425381,58.39425381,58.39425381,70,70,70,54.65243097,70,70,70
4,4,68.86673547,56.43711093,58.94561601,57.10701182,56.03655942,59.33721585,62.53162373,56.39174645,55.78970026,60.2729332,61.28504999,71.65533399,69.78535873,61.51514679,63.56702155,49.60986617,46.03312228,60.09156162,60.11432353,60.13708543,60.15984733,60.18260923,60.20537113,60.22813304,60.25089494,60.27365684,60.29641874,60.31918064,60.27303561,60.27303561,60.27303561,60.27303561,70,70,70,56.61447156,70,70,70
4,5,62.760391,57.55349158,58.98210457,52.9131178,53.39866555,59.68881458,62.6196655,57.72704222,57.13742387,61.74241201,63.08066842,60.36341008,59.15318734,63.8123226,61.14977121,40.61764706,39.64583333,56.60485135,56.85877296,57.11269457,57.36661618,57.6205378,57.87445941,58.12838102,58.38230263,58.63622424,58.89014586,59.14406747,61.71690095,61.71690095,61.71690095,61.71690095,70,70,70,54.43814752,70,70,70
4,6,53.30300639,53.06122315,51.87311504,37.36691186,42.07454765,54.35265138,60.05865077,56.7446414,57.18908014,61.10137981,63.17819447,53.68751358,53.10584335,62.66740258,55.76587426,27.93711874,30.9041939,46.67837391,47.15054844,47.62272298,48.09489751,48.56707204,49.03924657,49.51142111,49.98359564,50.45577017,50.9279447,51.40011923,61.58901404,61.58901404,61.58901404,61.58901404,70,70,70,46.15624257,70,70,70
4,7,46.56562098,46.85446811,45.56454147,34.12260435,36.75933145,40.9068731,46.87269943,49.26813628,54.02727706,61.2930079,57.5758339,44.49339335,47.45942755,57.26763355,50.71982101,42.46161694,53.89834886,47.49006927,47.44726431,47.40445935,47.36165439,47.31884943,47.27604447,47.23323951,47.19043455,47.14762959,47.10482463,47.06201967,53.5383993,53.5383993,53.5383993,53.5383993,70,70,70,43.54396216,70,70,70
4,8,47.56846027,47.96603428,48.1205429,34.22371504,36.92134707,41.61887558,47.12292136,49.16591307,55.21198186,61.64370007,56.73496205,42.7057488,46.33589191,55.99257772,50.94374887,54.14617794,53.12850592,45.20498512,45.4109021,45.61681908,45.82273606,46.02865304,46.23457002,46.440487,46.64640398,46.85232096,47.05823794,47.26415492,53.21311937,53.21311937,53.21311937,53.21311937,70,70,70,42.49778408,70,70,70
4,9,53.73710728,52.17524508,53.85812224,41.56347281,45.59681611,50.92597263,55.39397111,53.19044242,56.265625,61.13984886,58.22900248,49.48605211,49.22947809,58.8409741,55.31639439,43.32030689,43.08154713,49.81416734,49.98122716,50.14828698,50.3153468,50.48240662,50.64946644,50.81652626,50.98358608,51.1506459,51.31770572,51.48476554,56.38242558,56.38242558,56.38242558,56.38242558,70,70,70,46.46416505,70,70,70
4,10,52.59187433,49.46088732,51.00627872,40.96176571,41.5822587,48.11117162,50.7238371,48.03663635,47.94561052,57.35759123,54.81026715,50.38547505,50.37597635,55.9098053,51.46120032,36.17853225,39.69085511,50.15733394,49.90112749,49.64492105,49.3887146,49.13250815,48.8763017,48.62009525,48.36388881,48.10768236,47.85147591,47.59526946,52.09684427,52.09684427,52.09684427,52.09684427,70,70,70,45.81122508,70,70,70
4,11,51.41605429,46.2837798,47.94689282,38.47322869,37.87830054,40.73747949,44.26132162,42.23312818,39.65249802,55.06319444,53.5077876,46.38465641,46.12356056,50.15722242,50.46502761,34.25459463,38.04539793,51.015364,50.41894088,49.82251775,49.22609463,48.62967151,48.03324838,47.43682526,46.84040214,46.24397901,45.64755589,45.05113277,49.71161055,49.71161055,49.71161055,49.71161055,70,70,70,43.24466663,70,70,70
4,12,50.28697378,43.10002986,44.25791789,34.26547514,36.76008571,38.97536969,38.96440395,37.74345461,37.08044091,49.67337335,50.42929954,46.03071371,45.61365909,44.49097956,47.45602792,31.91607665,36.28967944,56.23672709,54.41009914,52.58347118,50.75684323,48.93021528,47.10358733,45.27695937,43.45033142,41.62370347,39.79707552,37.97044756,43.63381842,43.63381842,43.63381842,43.63381842,70,70,70,41.45213038,70,70,70
4,13,49.17402266,37.52522724,38.35117272,31.76937342,34.83714861,33.33712604,29.64517469,30.35286851,30.41896865,39.25831373,42.3327675,40.74209518,39.22060151,35.29463992,43.32494941,31.77377001,36.75441164,53.63465481,51.4995422,49.36442959,47.22931698,45.09420437,42.95909176,40.82397915,38.68886654,36.55375393,34.41864132,32.28352871,33.35763189,33.35763189,33.35763189,33.35763189,70,70,70,41.86383581,70,70,70
4,14,47.12374459,28.71080851,28.28378098,30.47153218,30.87970188,25.75636379,20.4194203,20.88275421,23.22070707,25.17639083,27.80029949,32.61521946,28.7788359,23.00101445,34.23641557,26.23969387,32.75498067,51.54130879,49.22889924,46.9164897,44.60408015,42.29167061,39.97926106,37.66685152,35.35444197,33.04203243,30.72962288,28.41721334,21.10077531,21.10077531,21.10077531,21.10077531,70,70,70,39.56647636,70,70,70
4,15,43.44419369,22.56304139,22.35415927,27.56018455,26.88529622,21.04392925,16.48168639,16.02528007,18.54808749,18.17238562,19.96103991,26.20180517,22.98555552,17.73909727,28.50358141,22.13331924,27.56562501,49.80943206,47.45685606,45.10428005,42.75170405,40.39912804,38.04655204,35.69397604,33.34140003,30.98882403,28.63624802,26.28367202,15.77079088,15.77079088,15.77079088,15.77079088,70,70,70,36.24760877,70,70,70
4,16,41.58103773,20.55670664,20.56407443,27.84244175,25.45427367,18.29189773,14.42617894,14.52357777,16.34176048,14.14203042,15.29479414,23.67908436,21.38177198,15.25672979,26.19994537,21.66355731,26.9200663,43.93511093,41.92885071,39.92259048,37.91633026,35.91007004,33.90380981,31.89754959,29.89128937,27.88502914,25.87876892,23.8725087,11.95861913,11.95861913,11.95861913,11.95861913,70,70,70,33.48463463,70,70,70
4,17,40.74059253,18.88023706,18.6747546,27.4758403,24.77763706,16.53412307,13.17669939,12.64824648,13.05713322,11.130753,13.64053009,22.95437708,20.91138315,14.21111597,25.34011611,22.68285676,26.01586813,45.39785874,43.16816794,40.93847714,38.70878633,36.47909553,34.24940473,32.01971392,29.79002312,27.56033232,25.33064151,23.10095071,10.42568982,10.42568982,10.42568982,10.42568982,70,70,70,32.71188206,70,70,70
4,18,43.77578651,21.02807169,20.76640535,29.06535156,27.59400378,18.46867884,14.69884826,14.21488154,14.48887589,12.81966231,16.28030886,26.73127406,25.20062097,16.81945989,29.32190451,26.66427003,34.06453055,53.3424926,50.59460213,47.84671166,45.09882119,42.35093072,39.60304025,36.85514978,34.10725931,31.35936884,28.61147837,25.8635879,13.24133302,13.24133302,13.24133302,13.24133302,70,70,70,34.23227529,70,70,70
4,19,48.42066189,29.74649179,29.9512053,34.95578438,35.50179063,28.57472101,22.18879974,23.62243426,26.92865392,31.45366058,28.39311546,39.82172819,44.96734008,32.26241095,37.08725121,32.28076516,38.98387835,57.53321405,55.01875089,52.50428772,49.98982456,47.4753614,44.96089824,42.44643508,39.93197191,37.41750875,34.90304559,32.38858243,24.68472153,24.68472153,24.68472153,24.68472153,70,70,70,39.70327198,70,70,70
4,20,54.59393722,48.78770574,49.97680553,44.19912086,47.06749961,44.47354475,44.77549033,45.94423218,50.20777108,59.0263944,51.32713577,59.79967549,61.38126462,51.78648926,52.48859709,39.50605645,38.75944296,55.06140671,54.17499467,53.28858264,52.4021706,51.51575856,50.62934652,49.74293449,48.85652245,47.97011041,47.08369837,46.19728634,48.88380611,48.88380611,48.88380611,48.88380611,70,70,70,45.33546588,70,70,70
4,21,62.76395387,57.63927748,59.95356286,58.41547047,58.51209588,59.05482935,59.66079817,54.26682809,56.40506907,57.10242148,58.97658223,64.47292479,64.24906121,60.94772499,61.8768674,40.48258705,38.64670479,57.61741785,57.72570971,57.83400157,57.94229344,58.0505853,58.15887716,58.26716903,58.37546089,58.48375275,58.59204462,58.70033648,56.46121371,56.46121371,56.46121371,56.46121371,70,70,70,58.19926523,70,70,70
4,22,63.97626756,59.38818376,61.22135703,59.22772038,57.52705953,61.01620105,62.52183389,56.69571957,57.06076575,53.87011619,61.5682148,65.95129773,65.86156108,62.69099752,62.76543568,38.12921688,38.66647944,60.70459342,60.88372855,61.06286368,61.24199881,61.42113394,61.60026907,61.7794042,61.95853933,62.13767446,62.31680959,62.49594472,59.74241053,59.74241053,59.74241053,59.74241053,70,70,70,59.72355205,70,70,70
4,23,68.82443808,61.44686475,63.23323899,59.85727013,59.42694433,63.08440407,64.86648205,59.39234577,59.58058482,64.30605483,64.60924346,69.31559985,67.35845276,64.22409844,64.4589384,45.72602975,44.67610464,64.25434316,64.25616825,64.25799333,64.25981842,64.26164351,64.2634686,64.26529369,64.26711877,64.26894386,64.27076895,64.27259404,63.26208982,63.26208982,63.26208982,63.26208982,70,70,70,60.37191813,70,70,70
5,0,70.81765905,61.08633682,63.84907546,61.5827974,60.81729526,63.24507088,65.10843127,60.15957403,59.57321871,64.14805283,64.76990725,71.09694654,70.12221159,64.96606935,67.21557814,48.84176425,47.00171909,73.02827478,72.15765321,71.28703164,70.41641006,69.54578849,68.67516692,67.80454534,66.93392377,66.0633022,65.19268062,64.32205905,63.57234175,63.57234175,63.57234175,63.57234175,70,70,70,60.77519029,70,70,70
5,1,69.90165113,59.49464502,62.16427805,59.91359078,58.92602817,61.89028515,64.27440745,59.2775366,57.9025661,62.71648057,63.52923403,70.62057139,69.7646808,63.66664604,64.97082692,57.56484009,59.54794421,74.02250817,72.92079027,71.81907237,70.71735446,69.61563656,68.51391866,67.41220076,66.31048286,65.20876495,64.10704705,63.00532915,62.54927722,62.54927722,62.54927722,62.54927722,70,70,70,59.77419617,70,70,70
5,2,69.87476223,58.58672656,60.44881449,57.87963104,58.06238669,61.60422317,63.75728323,58.34797246,56.83367586,61.51556879,62.60851204,70.54839114,69.45047566,62.50545461,67.53844807,58.97306122,59.3229854,70,69.2127929,68.42558579,67.63837869,66.85117159,66.06396448,65.27675738,64.48955028,63.70234317,62.91513607,62.12792896,61.42551568,61.42551568,61.42551568,61.42551568,70,70,70,58.05940124,70,70,70
5,3,68.60697924,56.24445979,58.30007635,55.68203053,55.9701475,60.04614324,62.27043382,56.1880045,55.44212158,59.7063839,60.56038322,69.54168102,68.22705182,61.08649728,64.46292122,54.53153935,56.90669254,70,69.01156329,68.02312658,67.03468987,66.04625316,65.05781645,64.06937974,63.08094303,62.09250631,61.1040696,60.11563289,59.32236932,59.32236932,59.32236932,59.32236932,70,70,70,55.8351993,70,70,70
5,4,68.54170949,57.03329014,59.59633012,56.98508159,55.62860093,60.29860476,62.2936925,56.22015898,55.87445578,59.98695307,61.17357017,70.96145735,69.16906362,61.21458212,63.0953838,49.05392546,49.51261127,61.02332706,60.98907786,60.95482866,60.92057946,60.88633025,60.85208105,60.81783185,60.78358265,60.74933345,60.71508424,60.68083504,59.88539618,59.88539618,59.88539618,59.88539618,70,70,70,56.68897393,70,70,70
5,5,63.95875785,58.05859438,60.09243647,54.64080293,53.84606859,59.51687204,62.64077041,56.62072677,57.25949483,61.98932802,62.22456571,65.9764502,64.79893132,62.59336352,62.69775874,38.78396334,37.06654242,61.7635204,61.62908875,61.49465709,61.36022543,61.22579378,61.09136212,60.95693046,60.8224988,60.68806715,60.55363549,60.41920383,60.68569476,60.68569476,60.68569476,60.68569476,70,70,70,56.21469749,70,70,70
5,6,56.69798272,54.97524131,56.14991029,45.73040741,47.6238036,55.80983103,59.72494822,56.53046657,57.09467469,60.77487291,62.2197763,65.03548963,64.98880213,63.23813841,60.76505083,33.83066789,36.25582108,57.62429153,57.29073455,56.95717758,56.62362061,56.29006363,55.95650666,55.62294968,55.28939271,54.95583574,54.62227876,54.28872179,60.32310688,60.32310688,60.32310688,60.32310688,70,70,70,49.34538048,70,70,70
5,7,54.37465146,48.34998578,47.76936733,40.0776502,42.64847316,47.46457417,51.91664537,51.00193904,51.86742734,47.30692629,55.67687851,56.88991129,59.1848084,57.83603516,54.28977803,42.09159866,44.87985226,70,67.86699202,65.73398404,63.60097606,61.46796808,59.3349601,57.20195212,55.06894415,52.93593617,50.80292819,48.66992021,53.08617031,53.08617031,53.08617031,53.08617031,70,70,70,44.5496971,70,70,70
5,8,51.77950576,47.71147672,47.3264333,36.48897399,39.7784695,45.53040922,51.24788886,51.28119677,51.13807965,52.47947102,58.29398727,54.54921809,56.82067233,57.10795766,54.90134751,47.15560825,43.75995876,51.28943324,51.07528426,50.86113528,50.64698631,50.43283733,50.21868835,50.00453938,49.7903904,49.57624142,49.36209244,49.14794347,53.79960122,53.79960122,53.79960122,53.79960122,70,70,70,43.34633255,70,70,70
5,9,54.30930197,50.43023853,51.68400494,41.88258021,42.5610863,45.83093384,52.48087411,51.85323603,53.83214828,59.46136472,58.85762148,55.26829185,55.77085306,58.4277177,54.73970121,43.61304407,44.03557329,51.76901466,51.65861224,51.54820982,51.4378074,51.32740498,51.21700256,51.10660014,50.99619772,50.8857953,50.77539288,50.66499046,55.61482215,55.61482215,55.61482215,55.61482215,70,70,70,44.06115648,70,70,70
5,10,50.50213484,46.0061187,47.73581311,36.77427588,38.27609388,42.56521774,47.49369034,45.5215635,46.31697504,47.7050143,53.95248489,48.70605455,48.69610642,54.01694766,51.81174051,36.66206986,41.27279811,55.13394839,54.20933658,53.28472477,52.36011296,51.43550115,50.51088934,49.58627753,48.66166572,47.73705391,46.81244211,45.8878303,51.84702827,51.84702827,51.84702827,51.84702827,70,70,70,42.02319703,70,70,70
5,11,49.60308776,42.15538766,43.44990422,35.60613325,37.26791982,39.0443595,39.41029164,38.71516693,36.39344713,41.01124898,50.01819238,43.63463094,43.01469388,46.49846232,45.92734985,31.97664128,37.39684973,49.17313086,48.42077715,47.66842345,46.91606975,46.16371605,45.41136234,44.65900864,43.90665494,43.15430123,42.40194753,41.64959383,45.20927976,45.20927976,45.20927976,45.20927976,70,70,70,40.49387297,70,70,70
5,12,47.82002441,37.25825034,38.9259982,32.86106563,33.32517838,30.77785108,30.59369567,31.81317855,31.43264646,33.56821555,40.88160419,39.97541234,37.51745093,35.98444742,41.16931985,27.54747841,34.21678112,52.25887687,50.43764118,48.6164055,46.79516981,44.97393412,43.15269843,41.33146275,39.51022706,37.68899137,35.86775568,34.04652,35.97580792,35.97580792,35.97580792,35.97580792,70,70,70,39.45390633,70,70,70
5,13,46.39343796,31.75370216,31.82358426,30.44015571,31.51927213,29.22513944,24.86718601,24.92021316,25.37113843,31.85711837,33.14616685,35.81838632,30.8188697,26.96709161,39.03234678,26.55234063,33.46099448,50.87231798,48.86451388,46.85670978,44.84890568,42.84110158,40.83329748,38.82549338,36.81768928,34.80988518,32.80208108,30.79427698,26.81468759,26.81468759,26.81468759,26.81468759,70,70,70,40.80307967,70,70,70
5,14,42.73287298,24.56966649,25.3120611,29.11772298,28.68241646,22.89453548,18.48198866,17.76949247,20.72891717,20.92633783,21.93909904,28.14618815,24.34777737,20.02319631,31.27768033,23.86550674,30.94956772,46.02486267,43.99214337,41.95942407,39.92670477,37.89398547,35.86126617,33.82854687,31.79582757,29.76310827,27.73038897,25.69766967,17.23676591,17.23676591,17.23676591,17.23676591,70,70,70,35.13514319,70,70,70
5,15,37.49377035,20.0574593,20.40236547,27.59669148,25.88706346,19.59127601,14.8502071,13.52684506,16.11516953,13.70408497,15.25892682,24.48207363,21.59894052,15.21917104,25.56153544,21.88716693,26.10330269,44.00762627,41.97729386,39.94696145,37.91662904,35.88629663,33.85596421,31.8256318,29.79529939,27.76496698,25.73463457,23.70430216,12.31926856,12.31926856,12.31926856,12.31926856,70,70,70,33.08082873,70,70,70
5,16,35.0321837,18.54401135,19.12147443,26.96159935,24.69591323,17.24384331,13.5789679,13.51383813,16.01892677,12.3742562,13.61980304,24.0683381,22.33552212,14.92842661,23.15607293,18.63166507,20.48428562,39.23625805,37.5748862,35.91351435,34.2521425,32.59077066,30.92939881,29.26802696,27.60665511,25.94528327,24.28391142,22.62253957,11.08228664,11.08228664,11.08228664,11.08228664,70,70,70,31.62762637,70,70,70
5,17,32.40018379,17.67679015,18.26192835,26.28383944,23.62111064,16.50126168,13.29503571,13.39546369,14.3613509,11.43204146,14.1337908,23.66305334,22.67453095,16.66372073,22.75306883,19.52913036,21.89354898,37.6060571,36.12699313,34.64792916,33.16886518,31.68980121,30.21073724,28.73167327,27.2526093,25.77354533,24.29448136,22.81541738,11.58374216,11.58374216,11.58374216,11.58374216,70,70,70,31.04430616,70,70,70
5,18,35.68931218,19.62260871,20.26669272,27.10715762,25.38903641,18.21815762,14.40578361,15.92239431,16.81916123,15.39704691,16.49472516,27.48435547,28.95889017,21.22080098,23.71134218,21.20276448,24.99980471,39.77237518,38.1478585,36.52334182,34.89882514,33.27430846,31.64979178,30.0252751,28.40075843,26.77624175,25.15172507,23.52720839,14.38018875,14.38018875,14.38018875,14.38018875,70,70,70,30.74806714,70,70,70
5,19,42.06053653,28.46925779,28.35387302,27.91335227,31.46308711,23.74053651,20.69737656,27.4741618,29.6283075,34.98021174,30.14483479,38.1829893,44.0271492,36.36573512,34.14359396,29.10974418,36.07352913,55.44066313,52.76347376,50.08628438,47.40909501,44.73190564,42.05471627,39.3775269,36.70033753,34.02314816,31.34595879,28.66876941,28.43731142,28.43731142,28.43731142,28.43731142,70,70,70,32.32702018,70,70,70
5,20,47.81655585,44.05495726,44.51221951,37.57588533,38.38445298,38.08136062,39.77328049,45.23174345,46.47129529,54.36889297,49.90372806,53.36798508,57.18757246,51.1386266,49.25563039,38.75799164,37.2149817,55.13948985,53.6790066,52.21852335,50.7580401,49.29755685,47.83707359,46.37659034,44.91610709,43.45562384,41.99514059,40.53465734,47.9682845,47.9682845,47.9682845,47.9682845,70,70,70,36.90742272,70,70,70
5,21,56.9661679,55.40849444,59.59686118,53.09337244,52.95093948,53.59070125,56.01257509,55.28545497,58.14201037,60.88829248,61.5286429,61.8586677,62.13622946,61.45624049,60.86657903,41.64585905,41.38357011,56.7659552,56.64182529,56.51769538,56.39356546,56.26943555,56.14530564,56.02117572,55.89704581,55.7729159,55.64878598,55.52465607,59.22805891,59.22805891,59.22805891,59.22805891,70,70,70,49.96661561,70,70,70
5,22,65.592908,59.57257815,62.41048781,60.36198505,59.25702676,61.2729603,60.88815985,55.92699835,58.27794949,62.06593137,63.51145463,62.44232037,59.92307169,61.15138666,63.05992847,44.88951395,44.42681857,60.51933892,60.80701018,61.09468144,61.3823527,61.67002396,61.95769523,62.24536649,62.53303775,62.82070901,63.10838028,63.39605154,60.83056373,60.83056373,60.83056373,60.83056373,70,70,70,58.9401053,70,70,70
5,23,67.59013024,61.25120588,64.57453455,61.28885055,59.74343149,61.79542541,63.20700999,57.45370991,59.35142726,62.5037323,64.81029576,67.52216582,65.56670038,63.77676333,65.78524514,48.31889048,45.24536186,61.35255832,61.71932709,62.08609586,62.45286462,62.81963339,63.18640216,63.55317092,63.91993969,64.28670846,64.65347722,65.02024599,62.4119309,62.4119309,62.4119309,62.4119309,70,70,70,60.87290597,70,70,70
6,0,70.06361792,62.67107181,64.28100096,61.44740994,61.87320758,63.71001472,64.77860967,60.77670111,60.78346189,65.42719363,66.48940069,71.88876576,71.46568291,65.86842941,71.20571925,54.32752864,53.25254226,58.64628852,59.41139203,60.17649554,60.94159905,61.70670257,62.47180608,63.23690959,64.00201311,64.76711662,65.53222013,66.29732365,64.77572027,64.77572027,64.77572027,64.77572027,70,70,70,61.55549566,70,70,70
6,1,72.44958992,62.90726575,64.95077293,62.67529165,62.52122975,63.68483362,65.53407745,62.31713151,62.09523597,65.72365196,66.16530632,72.62655957,72.28547592,66.55873864,67.3040271,56.70890139,57.39470408,73.30558858,72.5433776,71.78116662,71.01895565,70.25674467,69.49453369,68.73232271,67.97011173,67.20790075,66.44568978,65.6834788,65.12145038,65.12145038,65.12145038,65.12145038,70,70,70,62.77318924,70,70,70
6,2,72.57339527,62.53569087,64.28914003,62.3671138,62.68025357,63.54359435,65.66070874,62.29756541,61.65003134,65.03676834,66.17705348,73.08137145,72.5819171,66.53373548,69.06233782,56.13419748,55.63325535,71.96886828,71.3218182,70.67476811,70.02771803,69.38066794,68.73361785,68.08656777,67.43951768,66.79246759,66.14541751,65.49836742,65.11201247,65.11201247,65.11201247,65.11201247,70,70,70,62.91080157,70,70,70
6,3,72.81135493,61.03281015,62.32774626,59.35050811,59.42464521,62.45233864,64.53137437,60.40409109,59.73431395,62.60301809,64.00700259,71.67801457,71.0744092,65.21842306,68.64740807,56.78295207,56.33496732,70,69.36313954,68.72627908,68.08941863,67.45255817,66.81569771,66.17883725,65.54197679,64.90511634,64.26825588,63.63139542,63.22654652,63.22654652,63.22654652,63.22654652,70,70,70,61.05950924,70,70,70
6,4,71.43496924,58.98165398,61.33796909,59.23480961,59.64475052,61.8646624,63.47218481,58.67180084,57.96864315,61.65305825,62.29740786,71.5573972,70.80076688,64.11791505,65.82899986,62.43799421,62.06339223,72.39115605,71.37738244,70.36360883,69.34983522,68.33606161,67.322288,66.3085144,65.29474079,64.28096718,63.26719357,62.25341996,61.64909467,61.64909467,61.64909467,61.64909467,70,70,70,59.24637772,70,70,70
6,5,71.08415214,59.93400663,61.1507069,58.61520134,58.93609095,61.79427319,63.72876257,59.37447327,58.80956618,62.90872359,63.629581,72.38681386,71.57767515,64.46247574,64.47885725,67.59968001,65.95561002,68.25016618,67.72283969,67.1955132,66.66818671,66.14086022,65.61353372,65.08620723,64.55888074,64.03155425,63.50422776,62.97690126,62.77195573,62.77195573,62.77195573,62.77195573,70,70,70,58.88965034,70,70,70
6,6,70.79242855,61.75823218,63.93079477,60.56223782,60.43306499,62.3245088,64.05546469,59.86965317,60.10174265,64.91642526,65.24191255,73.0926556,72.39743018,65.20296977,65.20492,52.19080202,69.92063249,67.4883769,67.20184523,66.91531357,66.6287819,66.34225024,66.05571857,65.7691869,65.48265524,65.19612357,64.90959191,64.62306024,64.01508145,64.01508145,64.01508145,64.01508145,70,70,70,61.31431361,70,70,70
6,7,67.97823944,60.80090308,63.44826728,61.07525941,58.70905114,61.42293618,62.78505939,57.89632665,60.42445197,64.77438531,64.40085479,71.34867354,71.82796424,65.08652889,63.61919545,46.80183892,56.18920782,52.00551471,53.2046354,54.4037561,55.6028768,56.80199749,58.00111819,59.20023889,60.39935959,61.59848028,62.79760098,63.99672168,63.22133997,63.22133997,63.22133997,63.22133997,70,70,70,59.533696,70,70,70
6,8,63.29708653,59.24906277,61.22511474,57.46090011,57.72271608,57.21450873,59.89596938,55.85226633,59.25870275,65.16832534,64.25596097,67.93264764,67.42144,65.03066547,61.48668376,46.73225555,47.30261833,60.75080121,60.68616123,60.62152126,60.55688128,60.49224131,60.42760133,60.36296136,60.29832138,60.2336814,60.16904143,60.10440145,62.77624844,62.77624844,62.77624844,62.77624844,70,70,70,53.83465494,70,70,70
6,9,57.47531738,55.62660157,56.64467693,46.25633407,50.26817117,51.30239336,56.90524548,55.41062901,57.30703346,63.24101304,62.43346712,60.21117822,61.78023826,62.66523828,57.51096312,52.26393104,52.75899477,57.95844227,57.3960346,56.83362693,56.27121926,55.70881158,55.14640391,54.58399624,54.02158857,53.4591809,52.89677323,52.33436556,59.89048521,59.89048521,59.89048521,59.89048521,70,70,70,47.68046973,70,70,70
6,10,59.16866975,53.68656717,54.82946392,45.58898602,46.60238049,52.6167701,58.24881521,53.49849732,51.68368521,56.43404256,62.68895419,55.07016517,55.19130721,61.62045541,57.97895516,45.65688151,48.93697576,59.33156091,58.65023867,57.96891642,57.28759418,56.60627194,55.92494969,55.24362745,54.56230521,53.88098296,53.19966072,52.51833847,59.19364766,59.19364766,59.19364766,59.19364766,70,70,70,48.95653198,70,70,70
6,11,58.65637194,52.42304363,53.93353306,46.39621423,49.77908638,51.1648671,54.3637065,48.42744045,47.38093594,57.63757061,58.50876032,52.8791547,51.36620433,56.25390705,54.3462197,35.62445102,43.15219861,58.60472585,57.6201431,56.63556035,55.6509776,54.66639485,53.6818121,52.69722935,51.71264659,50.72806384,49.74348109,48.75889834,52.90117666,52.90117666,52.90117666,52.90117666,70,70,70,49.67729458,70,70,70
6,12,57.48505926,49.99883106,51.50226553,49.51627409,48.37929427,44.35759428,42.02027332,41.21030119,41.01849906,48.48590318,52.63833108,49.51963664,49.21782363,48.86236475,48.08430355,35.92032467,44.51772,61.52538561,59.78513781,58.04489002,56.30464222,54.56439443,52.82414664,51.08389884,49.34365105,47.60340325,45.86315546,44.12290766,44.46837942,44.46837942,44.46837942,44.46837942,70,70,70,48.23450849,70,70,70
6,13,54.61055873,44.95508245,45.73631062,47.69236338,47.14333108,37.91535168,32.42186961,35.24951173,38.90428022,42.74018428,45.0400755,45.78343606,46.11650905,40.46669612,39.91697654,30.42983988,40.12662443,59.21973856,56.99495433,54.77017009,52.54538585,50.32060161,48.09581738,45.87103314,43.6462489,41.42146467,39.19668043,36.97189619,35.70476829,35.70476829,35.70476829,35.70476829,70,70,70,45.14921249,70,70,70
6,14,48.42041496,39.84195908,40.84197044,39.2600447,44.27579771,37.87314838,29.98737617,30.5200404,34.28994837,39.01640882,39.63876098,42.01384815,41.04305,34.66746616,34.94221847,25.47115142,35.56904324,55.79287483,53.48481136,51.17674789,48.86868442,46.56062095,44.25255748,41.94449402,39.63643055,37.32836708,35.02030361,32.71224014,29.68897611,29.68897611,29.68897611,29.68897611,70,70,70,42.82859308,70,70,70
6,15,44.68620228,37.39544829,38.35763253,34.59880938,36.91605171,31.62385855,27.06078634,28.11962589,31.07680343,35.58840535,38.93271153,41.32031867,40.46204817,33.9046359,32.91023293,27.45228399,35.97480824,46.35385224,44.97793749,43.60202273,42.22610798,40.85019323,39.47427848,38.09836373,36.72244898,35.34653422,33.97061947,32.59470472,29.50190196,29.50190196,29.50190196,29.50190196,70,70,70,40.99427842,70,70,70
6,16,41.35672612,37.4262967,37.76202589,34.33426918,33.80151388,28.64361571,25.42652487,29.68309753,32.9870876,32.77704115,38.34852085,39.10544759,41.7681886,39.32000934,33.19209928,23.31314746,27.58690804,44.36308239,43.00043836,41.63779433,40.27515029,38.91250626,37.54986222,36.18721819,34.82457415,33.46193012,32.09928608,30.73664205,31.1040394,31.1040394,31.1040394,31.1040394,70,70,70,37.13210818,70,70,70
6,17,39.48769386,37.70770714,37.994585,32.44777275,33.97258263,30.42896522,29.60627887,34.07096417,35.82136038,42.74804031,42.4986607,41.58736597,42.4166807,42.1127873,32.67927583,21.38397604,26.59980711,45.65647467,44.65568672,43.65489877,42.65411082,41.65332286,40.65253491,39.65174696,38.650959,37.65017105,36.6493831,35.64859515,37.97139641,37.97139641,37.97139641,37.97139641,70,70,70,39.05944734,70,70,70
6,18,46.04308708,45.01885097,45.07464046,39.36486151,41.83653451,44.48787388,42.36517381,43.30353788,47.1575205,55.29929233,49.91897788,47.96411204,50.73107009,52.50777414,42.50122228,25.7228812,31.26358373,49.75777533,49.16897591,48.58017649,47.99137708,47.40257766,46.81377825,46.22497883,45.63617941,45.04738,44.45858058,43.86978116,46.87812598,46.87812598,46.87812598,46.87812598,70,70,70,44.18666361,70,70,70
6,19,58.4075079,56.64507272,57.36609322,53.49671461,53.79561348,54.02435236,56.63443009,54.82807063,56.37214052,63.62477883,62.1446692,60.63745149,62.24497815,62.13958979,54.0929678,33.96625012,40.25850371,57.14631222,57.21565069,57.28498917,57.35432764,57.42366612,57.49300459,57.56234307,57.63168154,57.70102002,57.77035849,57.83969697,58.82092618,58.82092618,58.82092618,58.82092618,70,70,70,55.04349008,70,70,70
6,20,65.19605721,61.63220795,63.33629105,60.35972292,60.03975937,62.01042933,63.48806946,60.01176404,60.75922893,65.58870779,64.37572549,67.699519,67.70628673,66.04498187,62.4097538,40.70711125,39.960041,57.30590628,57.89505019,58.48419409,59.073338,59.6624819,60.25162581,60.84076971,61.42991362,62.01905753,62.60820143,63.19734534,62.31746503,62.31746503,62.31746503,62.31746503,70,70,70,60.05097715,70,70,70
6,21,66.10238372,62.83013042,64.96859454,62.79169948,61.93001186,62.37947765,63.41795194,60.0433122,61.11238488,66.36794118,65.83277369,65.17387177,65.39127935,66.38505052,65.04754977,44.25953256,43.20187519,61.02524056,61.4676184,61.90999625,62.3523741,62.79475194,63.23712979,63.67950763,64.12188548,64.56426332,65.00664117,65.44901902,63.87955921,63.87955921,63.87955921,63.87955921,70,70,70,61.03184868,70,70,70
6,22,66.78046151,62.47901271,64.61130984,63.69182412,62.02122685,62.57201657,63.07541725,58.51558164,59.07712436,65.24536512,65.20297004,60.55576529,60.3057352,64.43849854,65.45470951,45.84684235,44.91603711,63.73942891,63.96397798,64.18852706,64.41307614,64.63762521,64.86217429,65.08672336,65.31127244,65.53582151,65.76037059,65.98491966,62.24048637,62.24048637,62.24048637,62.24048637,70,70,70,61.88835325,70,70,70
6,23,68.72199186,63.49097067,66.04764585,64.20626991,63.46967217,63.72785775,64.49797508,59.72128715,62.93761185,66.89489087,66.73425654,63.36144201,61.65915285,64.67474639,66.64475639,48.58588424,47.72709427,68.17328658,67.96383602,67.75438545,67.54493488,67.33548432,67.12603375,66.91658319,66.70713262,66.49768205,66.28823149,66.07878092,64.21457379,64.21457379,64.21457379,64.21457379,70,70,70,62.4795987,70,70,70
