weekdate,hour,716337,717445,717447,717452,717456,717460,717465,717469,717483,717491,718141,764858,764949,769346,769372,769402,717459,717463,717473,717480,717492,717497,717498,765164,765182,769358,769389,769467,716359,764760,765176,768469
0,0,62.06090658,58.97023816,64.29211707,65.87619805,66.16206612,65.94660281,63.84123026,63.7936837,65.97643838,68.23447095,67.73554141,65.19827941,62.46588243,64.94463694,64.7845467,65.36131512,67.75975083,67.43377332,68.59445579,66.0962153,65.18151309,68.48975177,65.01438905,65.77130858,66.5282281,67.28514762,68.04206714,67.87745208,67.71283701,67.54822195,64.58595535,64.58595535
0,1,65.88157437,62.7250676,64.60856481,66.84062879,67.07280101,66.70854174,64.95497477,64.92540507,67.28856849,68.87830981,68.82651551,65.78780673,62.50342305,64.25653327,65.4306713,66.15740192,67.75696172,67.69176922,68.78385332,66.08872362,65.19294286,68.33296097,65.90028806,66.09304196,66.28579586,66.47854977,66.67130367,67.57055129,68.4697989,69.36904651,65.94159886,65.94159886
0,2,65.25210446,61.21329379,64.39925705,67.2454464,68.44343683,67.50336496,65.4050717,65.53047322,67.60009169,69.01109145,69.00484084,66.20286524,61.94299622,63.66708637,65.59616558,66.43183889,67.810958,68.22117269,68.90021796,65.58896902,64.80793961,68.3166443,66.43028695,66.75783864,67.08539033,67.41294201,67.7404937,68.12095184,68.50140999,68.88186813,65.50541638,65.50541638
0,3,64.59981472,60.73485693,63.77690495,66.29170626,67.03161644,66.47921097,64.65163987,65.19003996,67.37658551,68.35298389,68.6391648,66.08507371,60.93618777,62.18016563,65.292212,66.33711686,67.3484157,67.61370549,68.02223584,65.16170724,64.06726879,67.21699567,65.87969147,66.17468352,66.46967558,66.76466763,67.05965968,67.47813887,67.89661806,68.31509725,65.56056944,65.56056944
0,4,62.79586826,59.4694932,63.47189161,65.87073647,66.94722324,66.23766166,64.44213289,65.03566667,67.10066897,67.54177796,67.80799749,65.73058501,59.60107229,60.89442872,65.36249255,65.80317751,66.73565887,67.60991024,67.69604274,64.6258754,63.15918937,66.20967005,65.21007221,65.59155562,65.97303903,66.35452244,66.73600584,67.1594476,67.58288935,68.00633111,64.84701433,64.84701433
0,5,62.17705567,58.78641791,63.59332266,65.84706195,66.34635127,66.25234751,64.32173313,64.78975602,67.00107124,67.6489587,67.83360628,65.66911227,59.87715078,61.37595531,65.1661536,65.69810111,66.75281149,67.83867783,67.68340531,64.02200243,62.7618263,66.7994196,65.36833729,65.77695067,66.18556406,66.59417744,67.00279083,67.35695758,67.71112434,68.06529109,64.87361131,64.87361131
0,6,63.2015642,60.08225975,64.08402258,66.73942511,67.42148389,66.82174035,64.97089696,65.46615145,67.44918634,68.03010795,68.52843385,66.35892422,61.8555979,63.14696354,65.83797327,67.24830701,68.26268757,68.29618135,68.3958354,65.47015167,64.56156465,67.49129787,65.30616636,65.84585566,66.38554497,66.92523428,67.46492359,67.68350405,67.90208451,68.12066497,65.335983,65.335983
0,7,64.09905038,63.42120204,64.95270027,67.04094772,68.52071487,67.5137008,65.57614482,66.13559355,68.1018355,68.52512731,68.92017169,67.11082409,63.55830146,64.30512427,66.29930922,67.3197261,68.09409074,68.65229889,68.78230115,65.69866915,64.88300276,67.99047074,65.94538058,66.46299425,66.98060791,67.49822157,68.01583523,68.23394113,68.45204702,68.67015292,65.7661326,65.7661326
0,8,61.92055249,61.08197901,64.6066347,66.07084887,67.25252229,67.17210726,64.83020101,65.47933101,67.85102578,68.67839634,68.80993315,66.72714947,64.32114719,64.90728371,65.792918,67.22587517,68.0415211,68.78487352,68.941939,66.07765932,65.45710026,68.56250626,65.81813846,66.40273562,66.98733279,67.57192995,68.15652711,68.42510025,68.6936734,68.96224654,65.90454974,65.90454974
0,9,59.65779256,56.78212918,62.06778821,65.17109444,67.29048691,67.01164305,64.00615044,64.4797498,67.58865108,68.95318592,69.1421596,66.55272833,64.00178792,65.33095617,65.26340317,67.25696549,68.55678623,68.38598571,68.58336319,66.22971279,65.61932903,68.53386547,64.51355101,65.4201139,66.32667678,67.23323967,68.13980255,68.48556404,68.83132553,69.17708702,66.196762,66.196762
0,10,60.15904842,58.51688223,62.17830055,64.91370324,65.69063219,64.86663063,61.35729041,62.82551333,67.19761448,68.96314603,69.06760525,66.20164232,62.77375383,64.02068807,64.38940001,65.80959398,67.36548903,66.64914179,67.82935634,65.36497062,64.66005259,67.78536777,63.0951123,64.10511609,65.11511988,66.12512367,67.13512745,67.66481087,68.19449428,68.72417769,66.09085217,66.09085217
0,11,59.86892676,58.77539834,61.39875019,63.83490636,64.73802123,64.75469931,61.69341014,62.74615077,66.97815781,68.77860357,68.95510426,65.84984047,61.4744348,63.0372599,64.49296938,63.38651514,66.85620724,65.51620662,67.57811169,65.60366456,64.69405172,67.92441763,63.23479371,64.23730059,65.23980748,66.24231436,67.24482125,67.81441624,68.38401123,68.95360622,66.16008583,66.16008583
0,12,59.30382037,58.20398175,58.79263378,62.13885647,63.82784076,63.98600363,60.57215912,61.74448604,66.54478542,68.74530793,69.00918673,65.57164573,58.82017591,59.8486102,64.0497187,61.65439709,65.37575528,65.9573644,67.37184641,65.66369612,64.8659042,67.90251049,62.16683192,63.51562737,64.86442282,66.21321827,67.56201372,68.01467734,68.46734095,68.92000456,66.55567352,66.55567352
0,13,58.01612673,56.95526453,57.76391363,60.94445137,63.23408482,63.10347607,59.2864573,59.62985577,64.87302821,68.15425858,68.26176402,64.64414513,57.09149303,57.51317817,61.7087534,59.25621502,63.8915918,65.28087852,65.10078604,65.12993481,64.45813918,67.04099256,60.59623372,61.99115847,63.38608323,64.78100798,66.17593273,66.42948098,66.68302922,66.93657747,64.31290495,64.31290495
0,14,55.68454539,55.03396857,57.098538,60.07099136,61.87517936,62.07064553,58.68072644,59.08464952,64.6569852,68.20177303,66.90144455,62.95305102,56.34414993,58.47552781,62.08599538,58.18105761,61.94064679,65.40800514,65.98290782,65.18549644,64.06508683,65.94425117,59.39681763,61.16171587,62.9266141,64.69151233,66.45641057,65.33862191,64.22083326,63.1030446,60.1903374,60.1903374
0,15,49.18371666,47.42000098,50.24404022,54.53612377,59.78319915,61.68211611,58.40859404,57.92765684,63.67486139,68.15071027,66.76954577,62.62234619,54.439567,58.66952813,60.94517158,57.34029963,61.78520037,65.27719596,64.5954247,63.36099301,62.7777314,64.18551879,56.75667382,58.41082504,60.06497627,61.71912749,63.37327872,58.41983382,53.46638892,48.51294401,47.58401952,47.58401952
0,16,46.30097313,45.34666757,49.06901936,53.43611017,58.96786681,60.86090196,57.83554521,57.19682034,62.81468847,67.54032061,67.11029212,63.02989793,53.49258181,58.16382009,60.02277212,56.19136127,60.52721507,63.5497081,63.03416522,60.26199239,57.60593075,57.52356973,54.63150447,56.16395221,57.69639995,59.22884768,60.76129542,56.71887339,52.67645135,48.63402932,47.87321243,47.87321243
0,17,49.99490527,49.21979569,50.08653514,54.40900521,59.75310983,60.32929377,57.19456216,57.78472811,63.49718101,67.11432381,66.72331919,62.87560988,53.56933543,58.03483508,60.15206569,60.51539542,64.19540782,60.10795584,59.83233525,59.79838333,57.32039847,51.4119152,47.99783943,50.50410722,53.01037501,55.5166428,58.02291059,55.23317429,52.44343798,49.65370168,48.60548641,48.60548641
0,18,53.50742375,52.09619553,54.212707,58.19894353,61.1867653,61.25173853,58.53687428,59.37371357,64.24277381,66.79676277,64.84396402,61.32337946,55.6736054,59.57632768,61.4037023,62.39457981,65.50415097,61.28328379,61.7316436,59.34964108,59.89830433,60.69282755,53.95571124,55.81793488,57.68015851,59.54238215,61.40460578,60.06393902,58.72327225,57.38260548,55.10234125,55.10234125
0,19,55.60575901,54.28561761,58.25323786,61.59192598,64.23206427,64.16583088,61.18585329,61.27600491,64.59261555,66.88623416,66.54858943,62.51360824,58.82169106,62.62645442,63.08209387,62.3611245,65.6202568,66.54556157,66.58232903,63.85899723,63.02346769,66.90761506,61.4593685,62.65598352,63.85259855,65.04921358,66.2458286,66.24935978,66.25289096,66.25642215,63.33577494,63.33577494
0,20,56.81965213,55.18868354,60.13873194,62.64646393,64.63227019,64.66648641,61.91702164,61.5839217,64.43747309,66.78675251,67.46959714,63.26651013,58.68939463,62.22132452,62.94104606,61.3838528,64.99495303,67.12200931,66.75349135,62.49033587,61.74294853,66.44024765,62.50246565,62.77465912,63.04685259,63.31904605,63.59123952,64.52104676,65.45085399,66.38066122,63.14961485,63.14961485
0,21,58.01522104,56.3105256,60.63533615,63.19582124,65.2392691,64.66163386,62.2576305,61.71174949,64.06469408,66.62160898,67.38095457,63.37093974,59.78208719,63.69843621,62.60958664,61.25399718,65.62590929,66.93542382,65.91678813,62.74687565,62.97732743,66.926613,62.53335611,63.16551308,63.79767005,64.42982702,65.06198399,64.25478502,63.44758605,62.64038708,59.75331487,59.75331487
0,22,60.17988381,58.1244803,63.17177862,65.40236442,66.67904798,66.35943499,63.75458439,63.25657354,65.40689148,67.49469138,68.33508151,64.90850846,61.68019057,64.60002675,63.94176901,61.49190991,66.63339507,68.15037966,68.39917975,64.74427768,63.71213871,67.53405041,64.13826682,64.89626505,65.65426328,66.41226151,67.17025974,67.04194823,66.91363672,66.78532522,63.98659348,63.98659348
0,23,63.15953794,61.51367965,65.15134719,66.42364564,67.89324399,66.95241227,64.66590292,64.80155891,66.75476403,68.25729278,68.89803598,66.04837227,62.65663376,64.47163018,65.28627727,65.40675536,67.83551458,68.48548692,68.58459641,65.48014973,64.53590134,67.3562285,65.10601568,65.68089397,66.25577226,66.83065055,67.40552883,67.64283384,67.88013885,68.11744385,65.50391081,65.50391081
1,0,63.91644245,62.48736973,65.11908701,66.09354602,67.18897155,66.88401818,65.02420795,65.3328307,67.12938917,68.19852433,68.63139793,66.38614402,62.1339241,63.59704819,65.38636005,66.71621825,68.39375811,68.50040758,68.49777787,64.75754761,63.78197593,66.07932332,64.57665198,65.29355623,66.01046047,66.72736472,67.44426897,67.7586094,68.07294984,68.38729027,65.46115355,65.46115355
1,1,63.35444885,61.94898634,64.41999634,65.75684873,66.67633905,66.3009642,64.55048092,64.99589269,67.05543661,67.67578695,67.99286245,66.10825126,60.56433135,61.840138,64.95618043,66.67685092,67.45261267,67.58753564,67.665063,63.77354287,62.30906798,65.74310163,64.63500558,64.99503496,65.35506435,65.71509373,66.07512312,66.64844696,67.22177081,67.79509466,64.80260086,64.80260086
1,2,61.83979619,60.23304083,63.1528626,64.63465126,65.33281421,64.35811462,62.51137247,63.46527622,66.02721823,66.40598383,67.07511715,65.48702302,58.75851227,60.01141549,63.73721762,65.26296595,65.78763244,66.28393225,66.21151636,62.25697142,60.09627384,63.01197475,62.89296078,63.26564555,63.63833033,64.0110151,64.38369988,65.1399326,65.89616532,66.65239804,63.90838918,63.90838918
1,3,60.00074256,58.55874909,61.31641625,62.60065955,63.22658601,62.61496387,60.84102962,61.4138,64.18240552,63.97463227,65.20265952,64.16194696,56.57092561,58.27786546,61.72238976,63.14283305,63.87493257,64.29665475,63.87033393,58.39103301,55.73949539,59.35491186,60.66283628,60.78343314,60.90403,61.02462686,61.14522372,62.1764391,63.20765447,64.23886985,61.73062137,61.73062137
1,4,59.17964831,58.09434609,61.81509141,63.36781865,63.90225078,63.37664867,61.46256193,61.74389844,64.0925661,63.6859916,65.14069942,63.92563306,57.51008753,59.4828318,62.09230513,63.61217447,64.64769323,64.94997869,64.22309534,58.92679177,57.07621726,61.16818916,61.28478396,61.45237139,61.61995882,61.78754626,61.95513369,62.79971774,63.6443018,64.48888586,61.79495028,61.79495028
1,5,59.41541984,57.93650962,62.30912987,64.91823485,65.45744091,65.06182702,62.53953695,63.1103569,65.70035984,65.98465126,67.14780614,64.88242908,61.23431325,63.08867293,63.80063449,65.39936002,66.58781318,66.70112797,65.24924381,59.71748132,59.87393219,64.66265631,62.67035352,63.15894466,63.6475358,64.13612695,64.62471809,65.17785087,65.73098365,66.28411643,63.51375618,63.51375618
1,6,50.5963957,50.37018609,55.56798681,59.7975109,62.74417324,63.21496819,60.12766695,61.63920339,65.7468171,66.072744,67.19443202,64.06463591,57.25484915,59.66939805,63.403183,62.63666134,64.05366837,66.46004604,66.97669937,60.31823634,56.40282907,60.76667155,57.77006429,58.94152266,60.11298104,61.28443941,62.45589778,63.9725525,65.48920721,67.00586193,63.98500282,63.98500282
1,7,37.13271242,34.88515024,39.95291865,49.00927805,58.98979949,58.82331357,55.83420806,59.43430927,64.39016559,65.61405193,62.02559111,59.29497987,46.71684765,48.6717937,62.12399285,57.85467141,61.00311759,63.35369191,65.52675228,51.16134989,34.02689237,34.9052968,42.97880793,44.16268259,45.34655726,46.53043193,47.71430659,53.44366633,59.17302607,64.9023858,61.97037245,61.97037245
1,8,35.47382399,35.0047767,37.537482,46.36521094,57.02557047,57.76295831,55.0120358,57.27058848,62.20334304,66.38677769,63.95076925,60.40387166,45.43890072,47.66921819,59.93162563,55.96659683,61.87844376,60.909369,63.83773123,54.00098381,38.27124193,37.2012997,40.76959571,43.41429164,46.05898757,48.70368349,51.34837942,55.27865658,59.20893375,63.13921091,60.50892406,60.50892406
1,9,34.38700073,33.32514797,36.38385122,45.90824469,57.35673095,59.09324293,56.53973503,57.37005898,62.62642818,66.62256216,66.93318116,63.21916514,49.00877342,50.33158541,59.37937073,55.61425041,61.70016408,61.38348163,62.76378733,58.30610015,54.68991321,54.13112228,49.8664556,52.31782656,54.76919752,57.22056848,59.67193944,61.54794927,63.4239591,65.29996893,62.60147662,62.60147662
1,10,41.71585697,41.48458481,45.42533359,51.35376712,59.16024927,60.52073208,57.75557975,58.33943876,63.15889637,65.96017561,66.49511555,62.6699511,53.34301952,55.28310494,59.62545551,56.73443657,62.05827045,62.49224245,63.13407092,58.37685724,56.37445868,63.79656356,55.45565752,57.11587164,58.77608577,60.4362999,62.09651402,62.60881275,63.12111147,63.63341019,61.08490696,61.08490696
1,11,51.9582849,51.45498658,54.34164524,57.90565498,61.14182589,62.07591044,59.04978157,59.15403865,63.69641339,66.3292751,66.99974056,62.87695419,55.26814908,57.74257948,60.38119422,58.25583423,63.77467641,63.69205874,64.53756167,61.32041157,58.96771053,65.23470606,58.74397257,60.06248892,61.38100527,62.69952162,64.01803797,63.84486711,63.67169626,63.49852541,60.65373092,60.65373092
1,12,55.39887326,54.43844349,56.38099951,60.02738352,62.93613821,63.38815759,60.35155085,59.54957028,63.51989773,66.39490422,66.50425022,62.32326038,53.46741173,55.77037999,60.59309283,59.15856584,64.83768789,65.39105106,65.15554834,61.13617153,58.56268193,62.78730553,58.73038312,60.09285801,61.45533291,62.8178078,64.1802827,64.79037547,65.40046824,66.01056101,63.79076681,63.79076681
1,13,53.760693,52.61358572,57.3311032,60.49735032,62.62514788,63.20557719,60.19656792,57.91687754,61.54573664,65.78889773,65.99610122,61.76873303,50.50944001,54.10328329,59.04388753,57.25547197,64.84697247,64.98361236,63.85242721,61.6464199,60.61245452,63.44446908,58.69171938,60.02017429,61.3486292,62.67708411,64.00553902,61.6249184,59.24429779,56.86367717,55.77560606,55.77560606
1,14,53.48496812,52.12462955,57.64433071,60.26782816,61.75305026,60.3067569,55.1035473,50.24887324,57.17460674,66.10600174,66.32700875,60.30764032,44.63463429,49.84103487,51.67244656,54.62188219,63.58949882,59.0897689,50.65675502,50.81656186,60.29405922,63.30729591,58.84991588,57.46675095,56.08358602,54.70042109,53.31725616,46.08809119,38.85892622,31.62976125,33.54828629,33.54828629
1,15,52.60208333,52.81049076,57.12327712,55.6335988,50.15083308,39.12910225,30.72105678,31.91496829,49.24370274,64.15717418,66.91502101,52.71891243,36.09640591,34.29266875,31.56452842,43.69211847,46.43367518,31.97411134,26.29499448,39.41563884,56.69296534,53.9109165,51.71147122,49.40335922,47.09524722,44.78713521,42.47902321,36.66428084,30.84953848,25.03479612,27.21749542,27.21749542
1,16,48.98820961,51.11714599,54.93732923,46.10336271,32.15922047,22.08599937,18.88573077,23.13496362,43.6329054,63.36017053,67.19727163,48.22595089,30.55829854,27.60427265,22.89500449,29.32871123,26.42195844,18.18222138,19.29560544,34.4210973,48.64692481,42.54162278,42.68641585,41.04832662,39.41023738,37.77214814,36.1340589,31.7437647,27.3534705,22.9631763,26.02933921,26.02933921
1,17,51.3028762,52.49048536,53.2128284,44.37669753,30.69481268,20.97960628,17.2847714,21.25276895,40.97961562,61.9990717,66.10655765,45.44454034,26.04462316,23.97931322,20.70959065,26.347382,25.26692472,16.64078584,17.95849827,30.65379094,37.85491479,29.47476351,33.79596277,32.93371463,32.0714665,31.20921836,30.34697022,27.55686147,24.76675273,21.97664398,25.32967648,25.32967648
1,18,47.58010055,50.51768396,52.4710487,48.24046864,38.78334162,27.8357042,21.44770587,24.32815193,43.66655464,63.07914762,62.01857849,44.50311597,27.56071764,25.58506319,23.71777051,34.18789802,34.59345983,20.64954697,18.94305191,29.17646914,37.34206142,33.93507851,38.41677671,36.03351853,33.65026035,31.26700217,28.88374398,26.83071348,24.77768299,22.72465249,25.95638035,25.95638035
1,19,54.66379997,54.05926464,57.90038812,58.11636969,56.2394486,51.20378969,45.25346241,42.26440232,53.83716534,65.3464674,65.48599072,53.70571931,40.07924865,45.64475822,41.14915273,51.32245478,56.68890312,46.87034028,39.15971725,44.80537172,54.08588015,54.56696992,52.83234928,51.22066026,49.60897124,47.99728222,46.3855932,40.47593275,34.5662723,28.65661186,30.79537055,30.79537055
1,20,59.63069465,58.24530059,62.61929659,64.84929794,66.12094214,64.02091156,60.30768765,58.87602663,62.55837308,67.03460808,67.89360998,62.75707631,56.08745234,61.75470501,59.4097053,63.3813661,67.22050681,63.91437811,62.28860641,59.66291643,61.88414588,66.24764706,63.15713193,63.17274193,63.18835193,63.20396193,63.21957193,59.00929608,54.79902024,50.5887444,49.66358503,49.66358503
1,21,60.0328147,58.55832509,63.42541597,65.47827959,66.73887007,65.73372402,62.91958687,62.82905963,65.61018644,67.90831435,68.44285701,64.71152135,61.34556495,63.69109296,63.49935385,64.99161502,67.53530599,67.75456585,67.72566829,64.22963703,63.36937716,67.16451862,64.21207067,64.939361,65.66665134,66.39394168,67.12123201,67.35900403,67.59677604,67.83454805,65.22423925,65.22423925
1,22,61.24465587,59.43664947,64.26143855,65.95368129,66.65028237,65.92020857,63.82932011,63.82433744,66.09277594,68.16024505,68.76540923,65.3436113,61.87260146,63.77863495,64.21000644,65.94375608,67.98456733,68.06866676,68.15812665,64.7404891,63.74641404,67.11336293,64.47676595,65.15106847,65.82537098,66.4996735,67.17397601,67.37328478,67.57259355,67.77190232,65.66924623,65.66924623
1,23,63.46421986,61.58112786,64.90498633,66.49262732,66.44897457,66.22515438,64.36394267,64.69680547,66.68986216,67.98771445,68.12955737,65.93002956,61.93194431,63.11659721,64.74759768,66.12782966,68.0166774,68.16700973,67.7956875,63.53853991,62.50880964,66.58762861,65.19717008,65.60741694,66.0176638,66.42791067,66.83815753,67.295458,67.75275848,68.21005895,65.20943936,65.20943936
2,0,63.30179495,61.20469613,64.17407173,66.02509136,66.1506872,65.82565007,64.09841612,64.58552982,66.63121005,67.55298695,67.85980638,65.85111103,60.30882338,61.2163553,64.4708998,65.60305773,66.92807495,67.80887103,67.8031535,63.57534415,62.03093913,65.51749123,64.57239898,65.0873974,65.60239582,66.11739425,66.63239267,67.10246992,67.57254717,68.04262443,64.83295404,64.83295404
2,1,62.48126125,60.47286306,62.96535353,64.82932116,64.96357686,64.65568433,63.19566464,63.86061163,65.8059886,66.34911902,67.19740726,65.15755357,58.38073095,59.69928753,64.04939527,64.66879575,65.37518158,66.66262524,66.66949671,62.60869273,61.26807919,63.9809456,63.38583483,63.83632101,64.28680719,64.73729337,65.18777954,65.83914115,66.49050277,67.14186438,63.95584672,63.95584672
2,2,61.65315245,59.47979029,61.42848234,63.47664676,63.61092512,63.14786071,61.63564687,62.52089495,65.17439989,65.63782543,66.38561193,63.65592906,56.61067776,57.57889428,62.74558695,63.60727202,63.97293864,65.32912574,65.23100827,61.21541525,58.78571565,61.84696466,62.1707301,62.52354401,62.87635791,63.22917181,63.58198572,64.46573168,65.34947764,66.23322359,63.5680286,63.5680286
2,3,60.32944182,58.44805863,60.00865949,61.92237012,62.1641045,61.59575289,60.17668845,60.73992228,63.39110609,63.27665946,64.5431807,63.15688733,54.59324358,56.24244549,61.21218788,61.5351644,62.09088658,63.65059951,63.55237593,58.91791537,55.06439086,57.97270358,59.82065497,60.15480294,60.48895091,60.82309887,61.15724684,62.0767874,62.99632795,63.91586851,61.45231705,61.45231705
2,4,58.81269601,57.66428148,61.08264306,63.16686423,62.99446891,62.52050423,60.83812382,61.10523227,63.12860288,62.58319521,64.43812195,63.70412301,55.9562691,58.25286121,61.73314459,62.00400237,63.46018096,64.30085051,64.3962285,58.6535859,55.23747412,59.6853021,60.63773226,60.96138576,61.28503925,61.60869275,61.93234625,62.4632071,62.99406795,63.5249288,60.9054683,60.9054683
2,5,60.41233932,59.51927681,61.90091711,64.48723838,65.33093382,64.55082369,62.03974137,62.66344446,65.27104165,65.43633873,66.47974713,64.31451659,60.2320076,62.30694438,63.45005074,64.74175601,65.53672963,66.49227487,66.75497107,61.86993787,59.65837662,64.1256846,62.28219732,63.04068059,63.79916385,64.55764712,65.31613038,65.56347155,65.81081272,66.05815389,62.82051151,62.82051151
2,6,52.22712859,51.84238394,54.02496525,58.67818975,63.27461431,62.91958532,59.65576003,61.46174081,65.96631693,65.81151935,67.78944777,64.34454079,57.46505329,59.5733858,63.47656091,63.27511246,65.10044648,66.00417347,66.95257499,61.72129797,56.69413352,58.36366578,56.63901315,58.65349308,60.66797301,62.68245294,64.69693287,65.53164888,66.36636488,67.20108089,63.95453111,63.95453111
2,7,33.35084663,30.0035375,36.62747678,45.79689901,56.90263458,55.65520566,52.87638465,57.7193911,63.46947144,64.06028238,59.3055173,56.38180034,41.83589807,44.14875334,60.70195367,57.8553273,61.9876161,59.13450036,64.88086879,48.57201381,28.17275532,28.69011558,38.42816905,40.36944835,42.31072766,44.25200697,46.19328627,53.11898897,60.04469167,66.97039437,63.99605686,63.99605686
2,8,32.12793549,31.05308913,33.52126856,42.19002217,53.4326689,51.47967971,49.78234263,55.00165031,61.68548718,65.912015,61.50918151,57.80239251,41.17003295,43.17382628,58.64705299,54.7328255,58.78619143,54.55578345,63.65916198,51.00373888,32.18512784,27.14302197,35.36309604,38.27675582,41.19041559,44.10407537,47.01773515,53.56709732,60.11645949,66.66582166,63.68282767,63.68282767
2,9,31.99962725,30.60535173,32.83995054,42.63624056,55.80561992,57.0243167,54.79782401,56.13959319,62.15875771,67.01041811,66.82957764,62.15700429,46.98033485,48.50718323,58.7319137,54.58632109,59.62040497,61.50026695,64.06442676,61.63180839,55.27094835,49.81675419,44.83576849,49.0838392,53.33190991,57.57998061,61.82805132,63.45069911,65.0733469,66.6959947,64.06258789,64.06258789
2,10,38.44489478,36.97050931,39.92125502,48.57828362,57.8104276,59.27670027,56.83523382,57.36400206,62.36692998,66.37070962,66.84620801,62.11223555,50.38964012,53.0792851,58.83476036,55.65229321,61.29703868,62.8707476,63.58266105,59.92222045,56.82900058,59.75062653,54.91869962,56.72083681,58.52297399,60.32511118,62.12724836,63.32742942,64.52761048,65.72779153,63.44437112,63.44437112
2,11,50.42872299,50.37081854,51.894867,55.62870439,60.54645595,61.9306237,58.99872261,58.84742653,63.1733022,66.34488509,67.24524627,62.44111678,52.89564558,55.0157561,59.94297832,56.42644719,63.15417466,64.67963316,64.49756604,59.36441841,58.82980687,64.55910384,59.33797235,60.14959121,60.96121007,61.77282893,62.5844478,63.67312145,64.76179511,65.85046877,63.4987802,63.4987802
2,12,52.20238223,51.4825705,54.20650011,57.64707409,60.3168506,61.5801404,58.3506404,57.8679926,62.64872761,66.31436001,66.41903175,61.99912009,50.21364147,52.43230227,59.19547341,55.8831213,63.93181188,63.17474451,63.51747463,59.72698403,59.52983256,62.96211189,57.35278904,58.95467516,60.55656129,62.15844742,63.76033355,64.28069298,64.80105241,65.32141185,62.80395027,62.80395027
2,13,54.28202529,53.79177219,56.92327532,59.83211831,61.85132605,63.06417608,59.95494585,57.75971264,61.46216339,66.30059977,66.91766625,61.88539732,47.33208375,51.34077589,58.92365827,55.47833745,64.08507523,64.88906509,65.07882784,60.8115966,58.42366689,58.57654063,55.80756101,57.50044043,59.19331986,60.88619928,62.57907871,60.48426094,58.38944317,56.2946254,55.13205396,55.13205396
2,14,53.64558066,53.28756847,57.41926235,59.17901035,60.10794644,59.69538284,54.43884295,47.76106004,54.65995426,66.05729772,67.06142387,59.95289124,41.50236327,47.03882752,47.61857205,50.78816556,63.44969867,57.26373412,47.82049246,49.07068735,58.95696241,57.18074444,54.08212534,53.50800445,52.93388356,52.35976267,51.78564178,43.39458187,35.00352195,26.61246203,28.40923067,28.40923067
2,15,49.75288113,50.5217572,53.72270781,50.90960885,43.81881656,32.06977696,24.35177261,26.5622568,46.73362357,65.22515243,66.76939038,51.33702384,32.83604946,29.02111947,25.12653896,37.54891525,39.24660521,23.89602438,20.09004989,35.55097501,49.95949908,42.27523248,44.63540963,42.4857491,40.33608857,38.18642804,36.03676751,30.3022788,24.56779009,18.83330138,21.59785897,21.59785897
2,16,45.48156514,47.3308784,50.1158513,38.83709849,23.10880376,16.36502516,14.49084133,19.27374524,40.60508757,61.8570339,66.98087584,46.11972711,27.87554836,23.47033836,18.85009107,25.20665255,19.43952872,14.12042965,13.62108946,31.14250047,43.30791513,34.06443609,34.85468443,33.76158668,32.66848894,31.57539119,30.48229344,26.24838107,22.0144687,17.78055632,21.42575007,21.42575007
2,17,46.0164179,48.57861856,49.77438012,38.75273492,22.93199336,14.93946565,12.74013735,17.01615308,36.3697603,61.16329889,64.59299787,43.30271766,24.66245601,20.66456745,16.7799722,23.19925339,19.06814795,11.92829669,12.18657461,29.1090987,36.33065005,24.23360067,27.15901753,27.06858946,26.97816139,26.88773332,26.79730525,23.15768701,19.51806877,15.87845053,20.12233435,20.12233435
2,18,41.5905906,44.3972405,46.65418886,39.95226209,28.29274298,19.39478414,15.29048607,19.42783777,39.65069836,61.95125886,61.47360608,41.05152241,24.79456435,19.97656395,18.78664553,28.43597801,25.13018411,14.99918383,15.56062334,29.86062509,37.63673688,29.3359376,27.25261137,26.60018749,25.94776362,25.29533974,24.64291586,22.73929482,20.83567377,18.93205273,22.55165006,22.55165006
2,19,51.33329499,51.53727738,54.00516136,51.95168831,47.52499456,41.91207382,35.83941885,35.3249756,49.51227937,64.67437329,65.02110937,50.32575253,35.54904284,35.12449491,34.08612374,43.25345808,49.14965633,34.71454129,29.90839698,38.49843943,51.01319908,48.4917514,44.13251366,43.05799665,41.98347963,40.90896261,39.8344456,34.7038191,29.57319261,24.44256612,27.21265448,27.21265448
2,20,57.70726407,56.52965735,60.92081745,63.45243984,65.39098668,63.87676566,60.29883928,56.52887624,60.28404328,66.53090631,67.58952577,61.28932964,50.6405789,57.91733576,56.73298035,58.73636302,66.47585103,64.65824493,59.88611283,58.45038695,60.65107921,62.7721911,60.88295596,60.46160091,60.04024587,59.61889082,59.19753578,53.91589255,48.63424932,43.35260609,41.5051397,41.5051397
2,21,58.36264398,56.88497346,63.17390108,65.13958557,66.69332379,65.82363879,63.10332381,62.42243667,65.22921925,67.91156151,68.52087676,64.38485113,60.4708444,63.25908461,63.06645294,63.90723908,67.74311518,67.93546089,67.75851101,64.29382341,63.129226,66.87380622,63.79087885,64.61170784,65.43253684,66.25336583,67.07419482,66.99485828,66.91552173,66.83618519,64.17643201,64.17643201
2,22,58.54225558,56.21877936,63.4143947,65.60401135,67.14131102,66.11742842,63.71184604,63.23393435,65.51336095,67.83159036,68.49447756,64.75003476,61.42918886,63.86227737,63.60928952,63.47693696,67.94855971,68.06791269,67.9281481,64.21508451,63.45563332,66.5627646,63.74010125,64.62975558,65.51940992,66.40906425,67.29871858,67.5136117,67.72850482,67.94339793,65.48379554,65.48379554
2,23,62.81464462,60.59179286,64.47275886,66.29738607,67.68855543,66.46040498,64.39255973,64.46260683,66.13997679,67.88703263,67.88042472,65.49545022,61.34830484,62.70492275,64.56516112,65.43448039,68.06656237,68.06536623,67.08272099,62.26249417,62.06831546,66.17680013,65.12627609,65.36655991,65.60684372,65.84712754,66.08741135,66.42926205,66.77111275,67.11296345,64.25963307,64.25963307
3,0,64.79735772,61.69005723,63.50068404,65.79116801,66.39336727,65.58632713,63.90227987,64.6580437,66.89680667,68.11124509,68.23715951,65.4759981,59.96493689,61.35164132,64.52472297,65.90582995,67.49439487,67.77225971,67.77806799,63.94397176,62.7994424,65.98667901,64.69568181,64.95058991,65.205498,65.46040609,65.71531418,66.47731189,67.23930959,68.0013073,65.10298372,65.10298372
3,1,63.35157125,60.39923163,61.99819289,64.41548249,65.39639735,64.60854974,62.91097751,63.89568956,66.36916762,66.94346739,67.19293059,65.40610827,58.52771905,59.70900005,63.94226931,65.42594869,66.20130636,66.82142944,66.55307696,62.40621045,60.26009413,63.39343969,63.00564288,63.56085064,64.1160584,64.67126616,65.22647392,65.80678015,66.38708637,66.9673926,64.17320778,64.17320778
3,2,61.65032804,58.69175629,60.67003651,62.94603085,64.4860578,63.47653997,61.86593002,62.98195984,65.58774539,65.87637906,66.58678322,64.86789014,56.71041352,57.9580527,62.99202546,64.10947994,64.68300438,65.54379334,65.25628755,59.51748073,56.95321869,61.02122498,61.28302289,61.81796695,62.35291101,62.88785508,63.42279914,64.27144035,65.12008157,65.96872279,63.70545065,63.70545065
3,3,59.21478904,56.67989904,58.56261141,60.85338259,62.5229143,61.68346643,59.91913989,60.54396463,63.40725703,63.20959296,64.59002587,63.22219499,54.56593213,56.05024575,60.95040555,61.96279582,62.5500623,63.50377931,63.51958982,57.69584953,54.30357731,57.84603359,59.29174424,59.64269683,59.99364942,60.34460201,60.69555461,61.73165623,62.76775785,63.80385948,61.28924468,61.28924468
3,4,58.53690533,56.89790014,59.97511227,62.59628752,63.77379611,62.79934449,60.98564146,61.21940218,63.67285684,63.39524856,64.83141038,63.70251861,55.99640453,57.76231327,61.32683027,62.85852432,63.87992074,64.2281572,64.36079051,58.77134826,55.17210355,59.34241246,60.21226654,60.68070049,61.14913444,61.61756839,62.08600234,62.49688668,62.90777101,63.31865534,60.8255728,60.8255728
3,5,59.95389817,58.51898744,61.9699106,64.50503701,65.4632999,64.55857231,61.92145394,62.70214821,65.22699623,65.69115723,66.90036765,64.56936085,59.8360467,61.85060422,63.34073853,64.65675041,65.83564491,65.83653698,66.77080095,61.74132084,59.43746081,63.96171068,62.11434748,62.88183362,63.64931976,64.41680591,65.18429205,65.50398612,65.82368019,66.14337426,62.87551445,62.87551445
3,6,50.50246861,50.03825675,53.88694151,58.67230192,62.72041395,63.13073871,59.9357806,61.72384969,66.18554289,67.39115678,68.14875992,64.85946755,56.96014407,58.86426649,63.42677794,62.76174258,64.4865939,65.75005132,66.96503198,61.76018618,56.47147979,57.93069805,55.5699229,57.69983787,59.82975284,61.95966781,64.08958278,65.1492159,66.20884903,67.26848215,64.00385201,64.00385201
3,7,35.12334559,32.54304514,37.11926887,46.54467831,58.48598137,57.20438776,54.31201749,58.63968952,64.89840379,66.07132051,61.62554603,58.65132618,44.14591018,46.52640668,61.70578796,58.12819976,61.794541,59.83420594,65.05208681,51.80688469,34.01145616,35.53002067,42.54561845,44.48549093,46.42536341,48.36523589,50.30510837,56.01824767,61.73138696,67.44452625,64.18949403,64.18949403
3,8,32.03357652,30.34286662,32.64690947,42.3681773,54.08734849,53.35788683,51.81981659,56.17282968,62.41492534,66.88732674,63.32758346,60.10538506,42.2166991,44.73187127,59.36935237,56.17328204,60.3682108,55.40752717,63.37374629,52.59187221,35.79040536,32.21312742,38.08476607,40.79231818,43.49987029,46.2074224,48.91497451,54.16292623,59.41087795,64.65882967,61.92009984,61.92009984
3,9,29.22612977,25.16322688,29.83268978,41.27010046,54.58081777,55.6917756,53.4635465,55.97791302,62.35808687,67.32185627,66.92383733,62.57994223,47.67623835,48.88014343,58.76138307,55.9045367,59.23439607,58.45501884,63.13600618,60.52009064,55.47397386,52.9564632,45.16383574,49.59208433,54.02033291,58.4485815,62.87683008,64.00555385,65.13427761,66.26300138,63.70539822,63.70539822
3,10,32.61920189,30.70680115,35.4147521,45.1174867,56.38887511,57.4199262,54.66016877,56.41205067,62.52746673,66.57755142,65.97258061,61.00027566,50.42542951,52.01736654,58.11375139,56.12246062,59.32037059,59.97295844,62.37491944,59.65569107,59.52242956,62.94901707,55.01975075,57.27445935,59.52916795,61.78387655,64.03858516,64.7065085,65.37443185,66.04235519,63.84448592,63.84448592
3,11,48.0142587,48.37958885,51.42511343,55.13414007,59.09876322,60.38791039,56.92471068,57.17772441,62.52034839,66.42593252,67.22398663,62.40409277,51.49654427,53.44493643,58.73946987,55.97634714,61.60046975,61.59789005,63.73084935,61.09579789,60.96583222,65.12625874,59.74362221,61.09430998,62.44499776,63.79568553,65.1463733,65.45159495,65.7568166,66.06203824,64.19186002,64.19186002
3,12,53.32201951,53.40138462,56.67767765,59.58950633,61.30531839,61.94260317,58.26141572,57.22727796,62.48251418,66.64451325,67.60921177,62.62017488,50.06736816,52.43399541,58.97305495,55.87643955,61.12668694,64.35594967,64.53769625,61.07992009,60.50855995,64.15306116,59.10101159,60.36599994,61.6309883,62.89597665,64.16096501,63.98344283,63.80592065,63.62839847,61.33335645,61.33335645
3,13,55.18319681,54.77284146,57.57593052,59.1109941,60.5415047,60.79150609,57.15718254,55.56917199,60.67651557,66.43495138,67.58309175,62.06049344,47.22543052,51.0975861,57.82056419,54.67884458,61.21488987,62.19917079,62.71127229,60.84190992,60.77391719,62.15390878,58.04421413,59.34513587,60.64605761,61.94697935,63.24790109,59.9305796,56.61325812,53.29593663,52.20532879,52.20532879
3,14,52.37344397,52.43537142,55.07336863,55.97523657,56.45225084,53.52264987,47.46908196,44.24334094,53.68867288,65.80615889,66.37994009,58.72251309,39.58556846,43.65522678,45.59029014,48.94236333,57.39892682,49.4853534,45.93544852,51.07400408,57.25160288,55.40651829,53.21482143,53.01848783,52.82215424,52.62582064,52.42948704,42.90116422,33.3728414,23.84451858,26.20614748,26.20614748
3,15,48.47553305,49.22412133,51.87658874,48.33291885,41.3267551,28.76424498,20.9819726,24.57576975,45.56548326,64.36057449,65.42064834,48.46827532,30.70178803,26.95409382,23.37905687,36.65782816,37.10394307,19.77756692,18.2322332,36.12177033,48.30002551,38.92186777,40.8948277,39.73299549,38.57116328,37.40933107,36.24749886,30.31958447,24.39167007,18.46375567,21.57185584,21.57185584
3,16,45.54249164,49.41061968,49.65579145,35.64668132,22.00045621,14.95497538,12.10963755,17.70246992,39.23804342,62.06096646,66.09440361,44.88498844,26.51154289,21.58091817,17.10253806,21.02283531,15.68535969,11.39158783,12.84243137,31.56781323,41.12987453,29.4953759,31.83003637,31.28527963,30.74052289,30.19576616,29.65100942,25.63544535,21.61988128,17.60431721,21.53566919,21.53566919
3,17,43.68147402,47.72176037,48.38878418,36.38593607,20.07197392,12.70512393,10.32663598,15.51000039,35.65741884,59.93046578,63.99373036,41.17940117,24.3710495,19.86311054,15.25176857,18.87204724,13.67000946,11.07905809,11.29089382,27.32782686,34.44951697,24.38642461,29.1008597,28.29761742,27.49437515,26.69113288,25.8878906,22.69760649,19.50732238,16.31703827,20.46789493,20.46789493
3,18,41.04396326,45.75941342,46.42903567,37.81778156,24.56274903,17.49397111,14.1536896,18.35020125,39.02245927,61.83132903,62.32517626,41.95231532,26.66051355,22.20787449,16.91262201,22.37804996,18.06022077,16.06875083,15.06289104,27.12781589,36.94861854,29.00836583,26.48964602,26.89413949,27.29863295,27.70312642,28.10761989,25.60616991,23.10471993,20.60326996,23.81648231,23.81648231
3,19,49.42029189,50.11818285,53.90484779,52.60549008,46.63559957,39.19995116,33.0346949,33.59069039,48.1992388,63.8084002,62.42836842,45.95681511,34.18102367,34.39734062,31.68723005,39.3136238,46.22618696,32.14971571,27.28948339,37.13447084,52.88625307,52.54265853,46.71666529,45.46199569,44.20732608,42.95265648,41.69798688,37.93868322,34.17937957,30.42007591,30.34995383,30.34995383
3,20,57.13761104,55.34727557,59.60514218,61.60769444,62.82389462,61.03791723,57.09357104,54.26960825,58.92165008,66.07838242,67.17640764,59.44467452,47.58026937,54.22575034,54.89914217,55.42735066,62.36406387,61.13150675,56.58499072,55.26902079,60.38168876,64.29794962,60.67914701,60.1433088,59.6074706,59.07163239,58.53579419,52.52908927,46.52238435,40.51567942,40.40360845,40.40360845
3,21,58.06449218,56.74995994,61.35443875,63.45641541,65.31848127,65.11080534,62.27304462,60.88516763,63.91796793,67.40955528,68.00360447,63.45646192,59.01729516,62.30998336,61.88602204,61.07517156,65.56414717,66.88059096,67.23611285,63.42252976,62.22968141,66.38854934,62.58141735,63.60693116,64.63244497,65.65795879,66.6834726,66.17111757,65.65876253,65.1464075,62.87142403,62.87142403
3,22,60.04391844,58.87811311,62.97525366,64.68022733,66.25727562,65.7464454,63.18295764,61.75926956,64.01319497,67.75880848,68.05296408,63.79388752,60.16147616,62.98318089,62.18982825,62.69238746,67.13538667,67.21446704,67.52685205,63.83333674,62.94461677,66.55129725,63.30762133,64.14886481,64.99010829,65.83135178,66.67259526,66.86807628,67.06355729,67.25903831,65.39758226,65.39758226
3,23,63.14155344,61.22339056,63.49723524,65.5551454,66.58613768,65.98904752,64.01778336,63.86746215,65.40480922,67.74265072,68.20805679,65.09772209,60.97563434,62.61559326,64.07136699,64.42723714,67.35244774,67.36670844,67.4951801,63.21114091,62.38150008,66.52532006,64.51512094,65.12419315,65.73326537,66.34233758,66.9514098,67.30734764,67.66328547,68.01922331,65.25519164,65.25519164
4,0,64.21828949,61.45206439,63.50128056,65.89156082,66.71185264,64.91704682,63.20621159,64.51387084,66.66108869,68.07356028,68.59576165,65.94749277,60.25392146,61.12611117,64.44523975,65.9580598,66.29197325,65.16463101,67.65909632,64.27322991,62.75654418,65.61037256,64.49607677,65.03861633,65.5811559,66.12369546,66.66623503,67.21901699,67.77179895,68.32458091,65.23541357,65.23541357
4,1,63.01338748,60.04225068,62.62691426,65.13864632,66.27375602,65.11650741,63.37646089,64.12895103,66.61206389,67.40942443,67.7837086,65.56106814,58.494926,59.33149035,63.93106906,64.64613654,65.53981916,66.91726564,66.99150936,63.16950324,61.20124639,64.36678046,63.90636534,64.33485701,64.76334868,65.19184035,65.62033202,66.29820995,66.97608788,67.65396581,65.0234694,65.0234694
4,2,62.32945815,59.41310821,61.34919475,63.73898924,64.97842319,64.01224122,62.37351153,62.76486556,65.56938144,66.27434904,66.83656722,65.07699834,56.51670627,57.35831362,62.4955127,63.39839489,63.81919919,65.59998259,66.02473002,61.07295636,58.43234312,62.11560659,62.68333653,62.98904677,63.29475701,63.60046725,63.90617749,64.86010285,65.81402821,66.76795357,63.92783951,63.92783951
4,3,59.06942913,56.7482741,59.55411026,61.91974284,62.79425927,61.79849469,60.09260881,60.84193893,63.67136716,63.68206578,64.74376819,63.53987495,54.32589967,55.76718481,61.42018784,61.34367613,62.00963118,64.10196459,64.13289697,59.09212892,55.31255503,58.85170599,60.75366464,60.95772797,61.1617913,61.36585463,61.56991796,62.56866562,63.56741327,64.56616093,61.83681404,61.83681404
4,4,59.23959063,57.34007499,60.69955073,62.85537968,63.56865179,62.71937622,60.95672227,61.33344763,63.63888267,63.3425769,64.96615073,63.64056395,55.73540021,57.6790762,61.71816968,61.96383098,63.10213621,64.40045189,64.7317866,59.22228761,55.48495728,59.2869282,60.14397483,60.66919965,61.19442446,61.71964928,62.2448741,62.88707089,63.52926768,64.17146447,61.58405743,61.58405743
4,5,59.90601663,58.46786452,61.79552307,64.36309478,65.47107397,64.62171459,62.14174756,62.70710417,65.38892458,65.75856743,66.88821847,64.35521287,58.93700265,61.10793424,63.57324401,64.45996839,65.96704671,66.46384661,66.78548509,62.3156953,59.50113171,63.14979068,61.75342733,62.58609674,63.41876615,64.25143555,65.08410496,65.4570927,65.83008044,66.20306818,63.32445636,63.32445636
4,6,49.43311907,49.36918933,53.0791313,57.90567545,62.91980314,62.95246462,59.97957242,61.75101811,66.11149193,67.2496187,67.64111714,64.30908583,56.81860898,58.85989772,63.57992451,62.40131502,64.70058381,66.24105387,67.12721104,61.57588987,56.96105932,60.56371789,57.35946807,59.18282149,61.00617491,62.82952833,64.65288175,65.55305645,66.45323115,67.35340585,64.37999814,64.37999814
4,7,32.08245947,29.49670159,36.16293016,45.41845969,57.22608032,56.77931388,54.21197098,58.9276326,64.46007248,64.64919295,58.34435543,56.67099438,43.41244378,45.13563157,61.64847412,57.32789522,61.18491081,61.28441155,65.68770335,50.36642426,32.72922562,33.94327648,40.70890052,42.55985993,44.41081935,46.26177877,48.11273819,54.29594737,60.47915656,66.66236574,64.01400962,64.01400962
4,8,33.02128608,31.51019351,36.03700969,43.94434143,55.79942387,54.0087945,52.14142818,56.14193331,62.79944636,67.15870033,63.75856663,59.47679962,42.21965443,45.06994691,59.44516796,55.72896329,59.62160846,55.68834166,62.93693005,53.33010023,37.2594061,32.39763487,40.04586779,42.80210214,45.55833649,48.31457084,51.07080519,55.96150904,60.8522129,65.74291676,63.01881873,63.01881873
4,9,29.81106188,28.08977637,32.61379816,42.901027,55.9015158,56.86894024,54.32079815,56.35966904,62.23887121,67.11549412,67.36631148,62.81435777,48.55754994,49.54855843,58.97634264,56.56756073,61.05475816,57.67115775,61.5074537,59.0662028,53.7617815,51.49308375,46.0970182,50.3053139,54.51360959,58.72190528,62.93020097,64.1909547,65.45170844,66.71246217,64.37056062,64.37056062
4,10,37.17023818,36.65053568,39.37603631,46.91426356,55.77213043,56.17531732,53.56560738,56.1773443,62.66839825,66.49073512,67.20320542,62.40546782,50.56094104,51.75446017,58.22884582,55.74448892,59.20474128,56.94779268,61.18745006,59.59020282,59.58213121,63.67643837,55.09941583,57.29640851,59.49340118,61.69039385,63.88738652,64.56776451,65.2481425,65.92852049,63.88769593,63.88769593
4,11,47.79960352,46.7107763,50.70230376,55.43477516,59.20392461,60.30142232,57.27143697,57.7068019,62.83350568,65.96135813,67.3385903,62.43734054,50.98962651,52.88736815,58.79351273,56.48743873,61.13842593,62.32533951,63.84563051,60.99982895,60.89255164,64.37785993,57.9689478,59.68198827,61.39502875,63.10806922,64.82110969,64.34225324,63.86339678,63.38454032,61.75857584,61.75857584
4,12,51.24653273,50.49899151,55.17906713,58.03548927,60.02760671,61.39433247,58.74041144,57.95534714,62.15764147,66.37704696,67.54290183,62.27021754,50.02884157,52.53394611,59.13559273,55.73909982,60.48162972,64.37051102,65.19666506,62.04461511,61.28150989,65.49066808,59.83573638,61.22379977,62.61186316,63.99992655,65.38798995,64.50802429,63.62805863,62.74809297,60.78397578,60.78397578
4,13,51.96162033,51.96121391,56.10463486,57.98708927,60.16701867,62.10413137,58.62530622,55.3634286,60.03177876,65.91767537,66.97527403,61.31743116,47.97391318,50.96952896,56.7110812,54.97266935,61.33958973,63.75251087,61.85552622,59.52524468,60.88773307,63.86253358,59.15169463,60.07028203,60.98886942,61.90745682,62.82604422,59.60117857,56.37631292,53.15144727,52.07871812,52.07871812
4,14,47.26283925,46.72713328,52.30780381,53.27600318,52.81745327,48.08012305,41.62561006,40.91520549,53.65416238,65.98191151,65.67157845,56.37012295,39.86711051,41.8938772,41.96248835,48.25749249,52.18992353,45.87023742,40.39602648,47.91168008,57.50534852,55.48505605,51.79880272,51.43993258,51.08106244,50.7221923,50.36332216,42.9128448,35.46236745,28.01189009,29.78042625,29.78042625
4,15,46.01468321,48.2759993,52.20464168,45.64500454,33.68561722,25.0175021,20.38532824,24.94064056,45.85126376,63.89906972,63.16060519,45.26466287,29.85600258,26.07427881,23.62253012,32.5121818,29.34081981,21.52894379,21.13714648,37.57682101,46.56687316,36.71604681,35.2305096,35.87242139,36.51433318,37.15624496,37.79815675,31.99659541,26.19503406,20.39347272,23.31569366,23.31569366
4,16,40.91579114,46.80523882,48.94699298,35.13186717,21.02244535,16.05714667,13.92611345,19.24290458,39.61674605,61.2930072,64.84696777,42.46057598,26.52633464,21.94268697,18.39513431,21.14479133,16.25909922,14.59802449,16.20690117,33.10150133,40.78924098,30.5354275,26.09243619,27.00372738,27.91501857,28.82630976,29.73760096,26.7642414,23.79088184,20.81752228,24.50163653,24.50163653
4,17,42.71090707,47.33212849,53.38917885,39.97242079,22.3891763,15.00055916,12.20138218,17.31988962,37.18707702,59.98325982,65.15066819,40.89441547,25.78569803,21.22838208,16.85679652,20.34692208,15.56361327,14.91898054,15.25530213,30.43148752,36.01096576,25.96330387,25.6813791,26.26587798,26.85037687,27.43487575,28.01937464,25.18441016,22.34944569,19.51448122,23.69151912,23.69151912
4,18,43.83167406,47.54929227,49.21756642,42.23174749,27.1502079,18.58832006,16.54163432,20.59089191,39.81729881,60.25149804,61.22657428,39.81468383,27.47743673,23.72935014,19.78115206,25.1866963,22.83323907,18.84302451,19.72934953,33.42174497,40.01225401,32.65746285,28.79560336,30.01781429,31.24002522,32.46223615,33.68444708,29.68672393,25.68900078,21.69127763,25.01362117,25.01362117
4,19,50.46510242,50.97894182,54.35433191,54.06397047,46.64888762,40.59028702,34.95903505,35.54048982,49.44929516,64.12704918,64.77753968,48.97586691,37.54410725,36.20609223,34.67678433,46.21022941,51.18854051,30.89461725,32.03185901,44.3128478,56.09585475,55.64245782,48.52646945,48.56616995,48.60587045,48.64557095,48.68527145,44.25471449,39.82415752,35.39360056,37.70863599,37.70863599
4,20,54.95054708,52.82257146,59.50544585,62.00619404,62.39206353,61.47971132,57.4403909,54.07679415,58.55153208,66.16902667,67.58409035,59.88879823,48.10488311,53.56545615,55.11557285,57.48004766,63.85653344,60.8317784,56.25160789,56.55601381,61.06792677,64.0388418,59.54542007,59.28981847,59.03421688,58.77861528,58.52301368,52.84573192,47.16845016,41.4911684,42.87000108,42.87000108
4,21,58.02075026,56.40717015,61.12477555,63.4293453,64.50479058,64.69056902,61.69020657,60.86815157,63.69364893,67.24986055,67.74224333,62.5767895,58.08372414,61.07204677,61.94638325,61.55929364,65.66949669,66.48468126,66.44395473,63.91482319,62.17172092,65.49441405,62.28573597,63.14551551,64.00529504,64.86507457,65.72485411,65.10214409,64.47943408,63.85672407,61.87011676,61.87011676
4,22,60.16546491,58.63003435,61.80761358,63.92300404,64.78792488,64.70753106,61.49027316,60.81674326,63.8880547,67.22560492,68.22105736,64.22255977,60.50414358,63.35497993,61.95851648,62.94440598,65.95665889,66.47338758,66.2697009,63.30285067,62.53266661,66.52841297,62.38874265,63.38577017,64.38279769,65.37982521,66.37685272,65.90187036,65.42688799,64.95190562,62.33570128,62.33570128
4,23,63.28882721,60.50604936,63.40429042,65.53250017,66.43886989,66.09939845,63.67671841,63.10552959,65.40967657,67.91400984,68.71506337,65.58798933,61.49734477,63.02215224,63.45591172,65.40742141,67.49651578,66.85813515,64.61862014,60.10368648,62.28251834,66.46969912,64.02943424,64.37994651,64.73045878,65.08097106,65.43148333,65.72957137,66.02765942,66.32574746,63.82375899,63.82375899
5,0,62.87764388,58.75466231,63.24137259,65.78062568,66.38934626,66.32261604,64.24617657,64.51849552,66.87628902,68.22241899,68.70601784,66.09797038,61.37324523,62.48176022,64.75168593,66.39310178,67.39055366,67.70437291,67.7234214,64.31208101,63.19420922,66.08459466,64.44324124,65.08392286,65.72460448,66.3652861,67.00596772,67.38170941,67.75745111,68.13319281,65.24124751,65.24124751
5,1,60.96864443,57.48042799,62.56336246,65.15290444,65.59393083,65.35272488,63.57600256,64.36602903,66.72926753,67.61749545,68.05611281,65.8258378,60.10015439,61.00216188,64.09568037,65.77216811,66.48683546,66.88274757,67.17857399,63.34582229,61.71419728,65.29539596,64.37187933,64.7661742,65.16046907,65.55476394,65.94905881,66.52343074,67.09780267,67.6721746,64.86557813,64.86557813
5,2,62.10431573,57.84872142,61.44424868,64.20151987,65.04866901,64.56915347,62.68432879,63.64407749,66.08870055,66.8408628,67.56297586,65.65069527,58.77046895,59.29290196,63.40445799,65.00805278,65.53071047,66.0003929,66.31559008,61.57051362,59.80384292,63.52519953,63.20836559,63.57473203,63.94109848,64.30746492,64.67383136,65.38428698,66.09474261,66.80519823,64.33368928,64.33368928
5,3,60.85475856,57.22461677,59.43641778,62.27379111,62.99088303,62.46410873,60.57536286,61.47651776,64.30920814,64.39318781,66.0308372,64.63695595,56.17297075,56.84154415,61.30058492,63.32121126,63.65643468,63.61620621,63.98373861,58.87245641,55.93094303,59.69650436,60.8858493,61.04990341,61.21395752,61.37801163,61.54206574,62.52139576,63.50072578,64.4800558,61.90317895,61.90317895
5,4,59.3768283,57.42564192,60.68809062,62.85694494,63.42202634,62.81172567,60.77256845,61.44753959,63.8376312,63.53426422,65.05169348,63.93892858,56.12885134,57.53011296,61.47987116,63.13585127,63.99855962,63.99236191,64.44627132,59.14602793,55.67899188,59.6419867,60.58715537,60.9692808,61.35140622,61.73353165,62.11565707,62.73404194,63.3524268,63.97081167,61.54738449,61.54738449
5,5,59.06494022,57.63128133,61.5649959,63.94479196,64.67803451,64.54162075,61.90059424,62.56789283,65.45416307,65.80039956,67.08714529,64.64149116,59.05155229,61.01928175,63.24401069,64.79774144,65.74924837,65.5510345,66.32271349,61.89901127,59.29651256,63.57982752,61.60715612,62.4174002,63.22764428,64.03788836,64.84813244,65.1463289,65.44452535,65.74272181,63.07249578,63.07249578
5,6,50.75844056,50.23884634,53.49444042,57.90476817,61.85716871,62.40765822,59.42676379,61.29738674,65.82653245,67.01822112,67.87669147,64.66729465,58.45418455,60.43959006,62.94652985,63.3698468,64.55601633,64.71375467,66.03755375,61.59170631,57.71386095,61.15915147,56.94254379,58.80583668,60.66912957,62.53242246,64.39571535,65.12844159,65.86116784,66.59389408,63.92021709,63.92021709
5,7,33.93588601,31.27830627,37.72968637,46.08466583,57.18565218,56.51879318,53.5765489,58.20556175,64.08750994,66.48702874,66.72672508,62.74070504,45.87711147,48.0346331,60.90525676,58.00643239,60.74494724,59.54798068,63.80973545,53.56247203,37.60178587,35.39006465,40.90027543,43.4625099,46.02474438,48.58697886,51.14921334,55.76967464,60.39013593,65.01059722,62.35117312,62.35117312
5,8,32.15036527,31.21429987,36.85397831,44.63991803,55.19342148,53.56352349,51.25166424,55.30680267,61.76491842,66.83267299,67.30244688,62.65710325,44.99381075,46.93255405,58.53695724,55.74102824,59.36230596,54.42924023,62.55124455,58.86327394,47.30863724,42.0863719,45.13059106,47.92751308,50.7244351,53.52135712,56.31827914,59.34446648,62.37065381,65.39684114,62.96710758,62.96710758
5,9,30.33334786,29.00963371,33.28042103,42.74214405,55.38008102,56.24947502,53.2582146,54.60027515,61.31409293,66.9897627,67.85550541,63.11625006,48.9455405,50.02982871,57.0882245,54.72066599,58.38079226,57.94642617,59.96090379,58.06550356,60.03674305,62.52469321,54.33179625,55.95669055,57.58158485,59.20647915,60.83137344,62.35202689,63.87268033,65.39333378,63.39968293,63.39968293
5,10,33.86917746,32.83932559,39.67798956,47.39536921,56.43294875,57.77270941,54.83923294,55.8065241,61.8453267,66.53774685,66.78320215,62.00214233,49.49232753,51.20255355,57.26656344,54.22385739,58.77143243,59.35706079,60.91191426,57.77635895,57.23827448,60.79877339,56.00395809,57.16040059,58.31684309,59.47328559,60.62972809,62.41780481,64.20588153,65.99395826,63.92047673,63.92047673
5,11,47.31268626,46.52973073,50.65934549,54.33119752,58.96180905,60.39253321,57.41371188,57.42483021,62.62337854,66.50816274,67.31473706,62.40408737,49.61244782,51.64169069,58.55902486,54.41763004,60.66480503,63.0762797,63.54960712,61.14814576,59.97192155,64.27136127,59.05589898,60.5599363,62.06397363,63.56801095,65.07204827,65.13618583,65.20032339,65.26446095,62.87398374,62.87398374
5,12,50.17016623,50.24742744,54.32512416,56.96161697,58.73539055,59.37537277,55.89730069,55.83352223,61.26590234,66.52783633,67.30675,61.97360863,48.02693561,50.57663836,57.66330639,53.62866902,60.71777527,61.1227319,60.72935765,59.13892435,59.76164178,64.46496573,58.59027592,60.07024116,61.5502064,63.03017164,64.51013688,61.79741915,59.08470142,56.37198369,54.9847872,54.9847872
5,13,51.92228639,51.57412792,55.65512701,57.01093611,57.21783815,55.87988994,51.09617731,49.07717238,57.00897145,65.76433388,66.84130942,60.25962388,44.43355609,48.2737761,52.31599472,50.85129976,58.34626207,58.259762,56.42408996,58.09016638,60.4014683,61.95792484,56.42695625,57.292697,58.15843775,59.02417851,59.88991926,53.64674395,47.40356864,41.16039332,42.01480097,42.01480097
5,14,49.01955827,49.28412632,51.99283869,50.35314598,45.72202754,41.18372119,35.86778445,35.9735207,50.44261193,63.75344325,64.56968261,54.16271995,37.42901365,37.73633254,37.42844954,42.74601187,45.86428108,39.27257411,35.56522506,44.09517131,52.20897608,50.46571604,45.75352679,45.41564714,45.07776749,44.73988785,44.4020082,38.03838821,31.67476822,25.31114824,27.36760608,27.36760608
5,15,48.15813718,51.41289497,49.12868422,41.64452785,31.4552483,26.20649486,22.87449353,25.92261352,44.29258962,63.04076262,65.72474663,46.78156046,30.419882,27.91324891,24.64385272,29.26807009,26.38580028,27.03003885,25.08755999,39.05497783,46.56557806,39.35413905,34.14894477,34.81271186,35.47647895,36.14024605,36.80401314,31.90313091,27.00224868,22.10136646,25.15592919,25.15592919
5,16,41.42574909,46.210398,44.1938904,34.13021235,23.61176669,18.95100836,16.92147,21.78089852,40.75973575,61.13944323,66.09059862,45.83696398,29.30335864,25.60769326,20.88711987,21.87538096,16.2049159,23.37085616,22.74966564,38.71297229,46.28853729,39.8318479,31.71687432,32.71549229,33.71411025,34.71272822,35.71134618,30.79284943,25.87435268,20.95585593,24.55459192,24.55459192
5,17,46.9385368,50.32679301,50.66481444,41.99873325,29.24159113,20.1883181,16.76018734,21.61548302,40.48497092,61.58305537,65.17569719,43.64126069,28.54293956,25.24434015,21.02826242,26.68141683,22.37141099,21.92186138,22.20664667,38.21814399,43.74782719,35.42412936,33.07167104,33.78091392,34.4901568,35.19939968,35.90864255,31.50786917,27.10709578,22.70632239,26.07736676,26.07736676
5,18,46.85820619,49.37051556,51.25437866,48.85586545,39.23469603,30.3256277,25.94071722,27.64227995,44.29930881,61.96899448,59.46986479,44.07613344,30.28611615,28.63971263,26.81870818,34.53184235,37.1497984,28.74800297,28.37727519,37.6723889,43.54822576,40.27657137,38.87520876,38.25221114,37.62921352,37.0062159,36.38321829,33.30941013,30.23560197,27.16179381,29.83459863,29.83459863
5,19,48.4696745,49.34064173,52.56960345,53.51500513,52.29553119,48.73722775,44.42580194,44.76221313,56.02005515,65.38301773,65.98186247,55.91850496,41.83673211,42.73486695,45.22457255,49.85548187,56.13028425,46.28336522,44.58959014,47.40786634,54.80708249,54.39489701,49.28520645,49.6706259,50.05604534,50.44146478,50.82688423,48.2540924,45.68130057,43.10850874,43.44021094,43.44021094
5,20,52.99804063,51.82463866,58.20145234,59.94315692,61.57562329,59.13572085,55.24096778,56.17207978,61.85261871,66.85842665,67.97806134,62.69763622,51.58801919,53.57669253,57.94312964,57.84768467,63.38533554,60.65259512,57.94505087,56.29976864,60.82897139,65.54389998,60.12844384,60.5187057,60.90896756,61.29922942,61.68949128,61.47500738,61.26052348,61.04603958,58.72331106,58.72331106
5,21,56.50721848,54.84091095,60.21961295,62.42475621,64.35223291,63.42491376,60.26789787,60.35783373,63.98741821,67.40494622,68.16629847,63.84716994,59.48036523,62.14762732,61.49854083,60.03489859,65.07185083,66.23839163,66.07940071,62.86891819,62.08423912,66.05959579,61.66535329,62.47274349,63.2801337,64.0875239,64.89491411,65.44535516,65.99579621,66.54623726,64.06749991,64.06749991
5,22,57.00306847,55.78228237,59.82213186,61.53860212,63.34622647,62.06696299,58.60408033,59.98883303,64.11208627,67.14748992,68.15928978,63.34096428,59.47238307,63.2925955,62.10613288,59.11761042,63.92834108,64.93090662,66.17948686,63.46287169,62.22235568,66.13384829,61.54303469,62.69324783,63.84346098,64.99367412,66.14388727,65.92991163,65.71593598,65.50196034,63.25437528,63.25437528
5,23,61.7405199,60.03067598,62.6635297,63.74802804,64.86220744,64.32946469,61.63132271,61.529253,64.2287795,67.61763336,68.6242548,64.52113252,60.79773448,63.52184122,62.38253561,62.07732534,67.01129461,65.66356163,67.30298459,64.04456845,62.64984681,66.36275804,62.53183073,63.39174384,64.25165696,65.11157007,65.97148319,66.47947681,66.98747042,67.49546404,64.91720658,64.91720658
6,0,64.7031903,62.17550571,64.10286402,66.21418533,67.66723406,66.43255189,63.80450211,63.87515073,66.52982185,67.95928775,68.62767884,65.88490763,61.18583544,63.0647334,63.95103278,66.44324787,68.43491869,66.70515616,65.94388395,63.39503784,63.82435133,67.34344034,65.16665548,65.675546,66.18443651,66.69332702,67.20221754,67.68075608,68.15929463,68.63783317,66.16179926,66.16179926
6,1,64.91365079,62.02402306,64.14029381,65.66294591,67.15939238,66.85984025,64.85058343,64.842124,67.30193248,68.27475168,68.31616556,65.6969358,61.63727176,62.59747997,64.56879022,66.06517782,67.35126096,68.26365981,66.65814786,62.68400742,63.70593312,67.0830794,65.67009293,66.09503083,66.51996873,66.94490663,67.36984452,67.67364109,67.97743765,68.28123421,65.7849973,65.7849973
6,2,65.61832018,62.62415521,64.02207734,66.14474137,67.69280059,66.71060484,64.77604117,65.08175525,67.32458158,68.64017346,68.92886389,66.43677491,61.31311042,62.36462477,64.90355464,65.7684225,67.10668864,68.26376079,68.08389582,63.74757664,62.59497059,66.59653758,65.82021548,66.10491239,66.3896093,66.67430621,66.95900312,67.5633248,68.16764648,68.77196816,65.59565863,65.59565863
6,3,64.33001568,61.43971158,63.06994308,64.4778913,65.70126142,65.4182465,63.70037085,64.31593031,66.61851111,67.33679287,67.94886384,65.86333682,59.15100808,60.19103391,64.20628535,65.84102548,66.71997734,66.84152876,65.995679,61.34040373,60.79486225,64.70422876,64.31514793,64.5814255,64.84770307,65.11398063,65.3802582,66.09515848,66.81005877,67.52495906,65.15791687,65.15791687
6,4,60.63575956,57.9716888,61.48923433,63.37234969,64.55764913,64.13346032,62.23933139,62.86403565,65.35391287,65.63771901,66.90746329,65.00068094,57.55028632,58.62560642,62.81162132,64.06037263,64.87528464,65.41738154,64.48708738,59.95551789,58.81533749,62.65715463,62.67546302,63.03089496,63.3863269,63.74175885,64.09719079,64.71284733,65.32850388,65.94416042,63.40834961,63.40834961
6,5,61.72596557,59.18268587,62.83327274,64.83394559,65.96105036,65.41991767,63.24596631,63.53138234,65.8416816,66.01082608,67.07909492,65.14672976,58.76546495,60.14028023,63.39040689,65.08387278,66.29982644,66.23118565,65.06243602,60.43787955,59.95561818,64.12771703,63.50680682,63.93294363,64.35908043,64.78521724,65.21135404,65.63010161,66.04884918,66.46759674,63.77419628,63.77419628
6,6,62.04085108,60.38945853,63.17274792,65.27663356,66.52527964,65.86065669,63.32932102,64.00068318,66.43508163,67.11996379,68.01925007,65.30326849,60.91879187,62.50654985,64.33662027,66.20845044,67.51046564,65.18336805,66.63219332,62.38033263,61.7232082,65.92788795,63.37753292,64.11726057,64.85698821,65.59671585,66.33644349,66.6708426,67.0052417,67.33964081,64.18498158,64.18498158
6,7,59.42138406,57.93346613,62.84130604,64.48715138,66.11954089,66.15090788,63.40217595,63.74977021,66.37992135,67.93929877,68.57668598,65.43432297,62.01928557,63.56951144,64.36418974,65.93464178,67.89759346,67.18334171,67.33505945,64.16529264,62.77452269,66.67949186,61.87255299,63.16309181,64.45363063,65.74416946,67.03470828,67.37705923,67.71941019,68.06176114,65.17492774,65.17492774
6,8,57.81020194,56.59685196,61.2885906,63.5071346,65.71986191,65.66951495,62.5935197,62.10678377,65.59934983,68.07459343,68.6747782,65.34180798,61.83218753,63.28022356,62.14226188,62.76694256,67.53104818,66.56453973,66.21420185,64.50764317,63.47718822,67.43004654,61.63057878,63.06349188,64.49640498,65.92931809,67.36223119,67.47738912,67.59254704,67.70770497,64.92997871,64.92997871
6,9,56.97423158,56.0119078,60.66323967,63.16639996,64.96938036,64.64557411,61.31549903,61.12760983,65.23885954,68.11820825,68.65284734,64.95797987,59.84463386,61.41282026,61.41854803,60.34307529,64.90158104,66.99784486,67.32655315,63.56958553,62.58955083,67.34846849,62.14267146,63.41229485,64.68191824,65.95154163,67.22116502,66.62139359,66.02162216,65.42185073,62.40134176,62.40134176
6,10,56.17902837,55.67521191,59.63394438,61.92898946,63.53730219,63.25984283,59.75279262,60.04856972,65.24673469,68.45900517,68.49101197,64.62017801,55.58953272,55.78536093,61.23074856,57.97580833,62.30446137,66.91434602,67.11460994,63.56441049,62.41393657,65.61935119,60.87301294,62.15540946,63.43780598,64.7202025,66.00259902,66.81386997,67.62514092,68.43641187,65.71746309,65.71746309
6,11,55.07017306,54.31887547,58.92444969,61.46746549,63.61913758,63.40060977,59.8657629,59.91837882,65.10052283,68.42873829,68.83232372,64.65843145,53.45952803,53.99197985,61.12427561,57.04160511,62.16313473,67.05207469,67.43175696,64.83105924,62.02286935,60.84732229,57.1907189,59.51787825,61.8450376,64.17219696,66.49935631,67.13121427,67.76307224,68.39493021,65.86802556,65.86802556
6,12,56.06252793,55.94911859,59.66560907,61.7023244,63.54269883,63.09833785,58.97264511,59.42075185,64.74440407,68.29822891,68.24126381,63.95864371,52.80463995,54.43630457,61.69322915,58.28434128,62.8602181,64.66377745,65.22256144,62.63532368,62.77762405,63.96116457,57.90474422,59.89622188,61.88769953,63.87917718,65.87065484,66.61004371,67.34943259,68.08882146,65.34197767,65.34197767
6,13,56.62722929,56.18294441,57.86299767,59.63923271,62.06636036,62.19528479,58.12240194,58.09023144,63.35287575,67.08861766,67.5115094,63.08696782,52.15111499,54.37161038,61.24598434,57.8543703,63.5769342,63.62917946,65.08634953,61.36559383,60.82009442,61.60640545,55.40626076,58.02211689,60.63797302,63.25382916,65.86968529,66.03980669,66.2099281,66.3800495,63.43029589,63.43029589
6,14,53.88678641,54.4112494,54.63555207,55.76156307,59.59936475,60.19709451,55.2938274,55.73733902,62.93226729,67.96827034,67.66230689,62.95466972,51.81123478,53.82146958,59.75391123,56.31352434,61.61160974,61.77949419,62.73940859,60.95014911,59.62839687,59.8671683,54.12179116,56.86589311,59.60999505,62.35409699,65.09819893,63.29837502,61.4985511,59.69872719,57.88110595,57.88110595
6,15,49.51222895,49.32440768,51.63632238,54.04743872,58.89692177,58.36232041,54.12606283,53.735758,61.14430682,67.44826722,66.18169718,61.69749491,49.23325148,53.54450542,57.75788658,54.28895047,60.21294578,60.16139385,57.47579912,56.56228813,58.17890354,55.34308465,50.70172497,52.82303779,54.9443506,57.06566342,59.18697623,53.43641355,47.68585086,41.93528817,44.26446887,44.26446887
6,16,44.85873473,43.82751706,48.08126972,51.13517987,56.25954053,55.67038554,51.48188825,50.51939441,58.72289104,66.76262645,66.04338202,61.23831732,46.64841832,50.46960744,53.70402424,53.5346373,60.55327491,54.2444893,51.19501857,52.71812059,57.63560189,55.52052651,49.0244541,50.49710395,51.9697538,53.44240366,54.91505351,49.60213329,44.28921307,38.97629285,41.0271105,41.0271105
6,17,45.69415297,44.18026961,47.82287071,51.24283651,57.39864601,56.49709066,52.31654467,52.53194013,60.11963589,66.59880524,67.22547782,62.25084331,47.43054936,52.49668924,55.28440588,55.45349636,60.34058836,57.05162077,55.35505837,54.40718695,57.68192225,57.95121848,49.40916389,50.83130931,52.25345473,53.67560015,55.09774557,50.87202153,46.64629749,42.42057345,43.92046749,43.92046749
6,18,46.15063651,45.98892798,48.7410989,53.65841278,59.88135114,59.45710621,56.10427778,57.44771836,62.98346879,66.95450848,67.42721371,62.66978675,47.65935238,53.2182353,60.36219349,57.74333067,62.17399478,63.09372231,63.89964275,59.52297457,57.46499837,59.34390004,53.35088755,55.44019556,57.52950357,59.61881159,61.7081196,59.40166597,57.09521234,54.78875871,53.99253847,53.99253847
6,19,48.29187304,48.1832044,49.74490428,54.72812169,60.34720176,58.49636284,55.2817024,58.77029275,64.69573057,67.66285617,67.77706465,63.24112067,51.51770169,54.54127294,61.57317214,59.73981879,63.29294502,61.03083458,60.84345895,57.89189669,59.19825259,64.91870331,57.5065936,59.08948789,60.67238219,62.25527648,63.83817078,64.33698391,64.83579704,65.33461018,62.82711105,62.82711105
6,20,54.654138,51.94797376,57.41036775,60.00459411,62.86619317,61.73258695,58.53740203,59.64860207,64.21774829,67.18045244,67.53712284,63.19877715,57.26879991,59.97719452,61.6785755,60.66839065,64.41871856,64.39483995,62.89987467,59.65680343,61.1469987,66.69871566,60.92991726,61.7630119,62.59610654,63.42920117,64.26229581,65.38008809,66.49788036,67.61567264,64.90829179,64.90829179
6,21,56.04333469,54.14047181,58.61872568,60.6899547,63.46379456,63.26359435,60.2363488,60.37090668,63.90217501,66.82349646,67.33168728,62.97167899,60.97434672,64.20029641,62.29132487,60.49336069,64.75450416,67.03564111,67.35047601,63.93703311,63.0463751,66.71376908,61.92910961,62.83127533,63.73344105,64.63560677,65.53777249,66.26199784,66.98622318,67.71044853,64.90719939,64.90719939
6,22,55.98273682,55.0921179,58.30074107,59.93825599,62.26538768,60.68679218,57.14238459,59.0812143,63.47904511,65.30900078,66.91574389,62.5534183,59.17497603,63.54120931,61.66193737,58.00218754,62.65877643,66.09295234,66.90565144,63.89364997,61.90596338,65.01399912,61.00703474,62.12541361,63.24379249,64.36217137,65.48055024,64.06427445,62.64799866,61.23172287,59.47484036,59.47484036
6,23,56.69106322,55.19561839,58.16026922,59.98069804,62.39362996,62.8388289,60.10798955,60.47687065,62.29990589,66.36233283,67.04702478,63.33910146,59.47170636,64.08291111,62.47169745,58.02577243,63.7894329,66.6597887,67.76724257,64.49486297,63.36059368,67.58047402,61.49217867,62.70601968,63.9198607,65.13370172,66.34754274,63.83010846,61.31267418,58.7952399,58.58405183,58.58405183
