weekdate,hour,716481,716485,716491,716500,718041,718166,759416,759418,763246,763251,763259,763267,763286,763299,763309,763314,763377,763447,763621,774703,766988,763275,763294,716494,764037
0,0,69.05294791,68.55351955,66.5571479,63.64027301,66.02894908,67.30797249,66.5105887,68.05994524,67.83139856,67.88763679,68.51044436,69.18943467,68.76237865,68.40004356,68.10083958,65.65485951,61.99652168,64.31804111,67.88043698,68.34707686,68.81371675,69.28035664,69.28035664,69.28035664,69.28035664
0,1,68.74510563,68.15476511,66.67322919,64.44645977,66.39197238,67.54926726,66.61113749,68.3433994,68.41236107,68.63582704,69.11736584,69.0251637,68.633245,68.15720237,68.03598817,66.06740574,63.15905955,64.50151091,67.5857457,67.74190107,67.89805643,68.0542118,68.0542118,68.0542118,68.0542118
0,2,68.75678605,68.27813274,66.75650946,64.54563465,66.34493178,67.72016255,66.75809107,68.31509077,68.69950236,68.92240028,69.0922229,68.9459604,69.0215869,68.20111738,68.23257437,66.29498119,63.44905926,64.86204288,67.63065302,67.59749676,67.56434051,67.53118425,67.53118425,67.53118425,67.53118425
0,3,68.31789193,67.6528174,66.38403574,63.94299272,65.80084476,67.4557181,66.55111486,67.98398132,68.22762686,68.62530586,69.0905697,69.39882814,68.70244457,67.60824298,67.79260094,66.44667117,63.67497725,64.75043865,66.79301641,67.55746132,68.32190624,69.08635115,69.08635115,69.08635115,69.08635115
0,4,67.75602965,66.86351609,65.97334355,63.6962196,65.73831668,67.07896491,65.74615336,67.47557902,68.01233968,68.45714684,68.81600006,69.20161208,68.35671939,67.17800869,67.37683862,66.31678851,63.61736565,64.13830776,66.40068792,67.2119754,68.02326287,68.83455034,68.83455034,68.83455034,68.83455034
0,5,67.67305069,67.02431747,65.9512645,63.43102831,65.62881246,66.80109528,65.71427611,67.45391116,68.04068308,68.11048505,68.61003633,69.22281486,68.20280891,67.14466509,67.53745461,65.9839732,63.30862648,64.15136457,66.12991047,67.04778968,67.96566888,68.88354809,68.88354809,68.88354809,68.88354809
0,6,68.52199769,68.01337245,66.40224434,63.97178843,65.82584794,66.77026314,65.41552202,67.7661685,68.38547202,68.45875391,68.80338192,69.38811244,68.51838406,67.57875643,67.98613327,66.07114087,63.47445424,64.85623395,66.83937398,67.53260008,68.22582618,68.91905229,68.91905229,68.91905229,68.91905229
0,7,69.00215604,68.64180162,66.75946183,64.67487478,66.43034273,67.09781114,66.01396718,68.18345879,68.4006695,68.24723954,68.83116088,69.41387319,68.88163063,68.27038711,68.63215645,66.23399569,63.19160102,65.13645944,67.88965595,68.26419148,68.638727,69.01326253,69.01326253,69.01326253,69.01326253
0,8,68.98899123,68.69313286,66.59530095,63.9949642,66.1184074,66.64767911,65.70685509,68.24771514,67.87800738,67.51012257,68.85933854,69.45493944,68.99242512,68.39351746,68.70264379,66.25229353,63.0179242,65.06355869,67.98364992,68.27768428,68.57171864,68.865753,68.865753,68.865753,68.865753
0,9,69.28190487,68.93271295,66.38425779,63.57847267,66.0125573,66.81102795,66.0472835,68.30407291,68.03246454,68.02702734,68.91745435,69.45176498,69.23681692,68.70192656,68.8937953,66.42449257,63.13831457,65.31733874,68.30409688,68.44080996,68.57752303,68.71423611,68.71423611,68.71423611,68.71423611
0,10,69.10548181,68.97359266,65.59099936,62.42620002,65.8505123,66.46300381,66.19553924,67.88299513,67.1796503,67.38399165,68.21727482,68.99752393,69.12767762,68.79792798,68.85771525,66.64216138,63.2259556,65.05724547,68.14436161,68.16788498,68.19140835,68.21493172,68.21493172,68.21493172,68.21493172
0,11,67.70584829,68.78873495,65.05771844,60.80508153,65.43357969,66.56075842,65.94408324,67.73551265,65.3260676,64.61031145,65.48141894,66.88480186,68.34476822,68.75114121,68.8869415,67.17588943,63.30607987,64.96869651,68.0232821,67.93486281,67.84644353,67.75802424,67.75802424,67.75802424,67.75802424
0,12,64.79005409,68.2431411,63.97650583,55.99250171,59.83905403,65.58618715,65.30425226,64.69902414,56.33040107,55.82039423,59.33782064,61.55434346,66.41395248,68.43206673,68.47453397,66.74016342,60.56197605,62.40824677,67.32338095,66.10263085,64.88188076,63.66113067,63.66113067,63.66113067,63.66113067
0,13,57.81558702,67.45980229,62.53557657,48.2345827,53.49364039,64.37806859,65.38021947,58.15298981,41.56425565,42.3466922,46.24847049,50.42200842,61.46335735,68.13152103,67.56624329,65.67102336,55.3262062,56.48977014,66.98773249,65.30329633,63.61886017,61.93442402,61.93442402,61.93442402,61.93442402
0,14,52.97181795,67.52087533,62.68038572,44.21604369,43.68505433,61.18431189,66.05637686,53.65761031,34.33391365,36.61579675,41.78286934,47.46091654,60.85396297,68.09563319,68.1312013,66.18377342,51.36921017,53.99942949,67.17419824,64.13424846,61.09429867,58.05434888,58.05434888,58.05434888,58.05434888
0,15,61.12021874,68.16425656,63.67251607,46.0205997,40.09206668,60.95531744,65.87957127,53.94671295,35.63911922,40.60196788,50.38357967,55.32308693,64.63823953,68.68298425,68.4993687,66.35896162,51.92086714,53.3200818,67.72020038,65.20983669,62.69947301,60.18910932,60.18910932,60.18910932,60.18910932
0,16,67.1220019,68.35439174,64.66313897,48.2162467,47.94203377,64.6303682,65.51466795,56.78400946,40.02992417,46.43472337,58.91516407,61.8955366,67.88052004,68.77865965,68.80017096,66.79189485,55.31271534,56.53120339,67.79270039,64.66839839,61.54409639,58.41979439,58.41979439,58.41979439,58.41979439
0,17,68.36375453,68.47301512,64.93843072,50.65472372,53.59923434,65.43015543,65.87908955,58.30761465,43.81902342,48.84139275,59.25729737,63.33185989,68.10585113,68.69951901,68.73235703,66.76089476,58.01707131,58.19954706,67.58552422,65.02475009,62.46397596,59.90320184,59.90320184,59.90320184,59.90320184
0,18,68.36446603,68.3785318,65.65119177,55.79518435,58.61978972,65.2451953,65.43109244,64.22138057,55.03730875,55.646743,63.42536594,65.69536002,68.03640634,68.38963502,68.09840492,65.86742835,60.5001975,61.00647991,67.06197066,65.9669695,64.87196833,63.77696717,63.77696717,63.77696717,63.77696717
0,19,68.95049789,68.44629534,65.77504071,59.22225561,62.45487463,66.37985528,65.84206057,65.61778822,61.36621215,61.31849216,63.66184866,66.51509709,68.14596142,68.29347122,68.59685884,66.03894831,60.74294689,62.12341943,67.26508582,66.7896171,66.31414837,65.83867964,65.83867964,65.83867964,65.83867964
0,20,68.72342059,68.22305708,65.1074613,58.25293925,62.13957252,66.25612439,65.79388297,65.12689955,60.39015635,60.13183312,63.63304364,66.67051478,67.93510255,68.02158664,68.3516871,65.25273111,58.17410106,61.29415266,67.50455408,67.6193757,67.73419733,67.84901895,67.84901895,67.84901895,67.84901895
0,21,68.95101989,68.49173431,65.19121682,58.6028369,63.02775035,66.81627568,65.98574152,66.34863504,63.4873502,62.46706273,64.99089306,67.61615213,68.41437913,67.90576627,68.35320398,65.41823087,59.64188003,62.33272583,67.71401484,67.704619,67.69522315,67.6858273,67.6858273,67.6858273,67.6858273
0,22,69.06227919,68.68009648,66.27460913,62.56491571,65.27675236,67.29857866,66.44837671,67.18868465,66.57747312,67.01323976,67.71634839,68.88704769,68.83802417,68.26825128,68.49742299,65.99471354,61.09170773,63.3906066,68.2068009,68.34954528,68.49228966,68.63503404,68.63503404,68.63503404,68.63503404
0,23,68.9111416,68.42722361,66.81217493,64.34207947,66.69054991,67.27381828,66.32292737,67.92713838,68.01767314,68.32885266,68.68525423,69.32246361,68.92327917,68.17095088,68.41635443,66.29080642,62.41689877,64.36852248,67.97354822,68.33017457,68.68680093,69.04342729,69.04342729,69.04342729,69.04342729
1,0,68.63397,67.86736479,66.40199286,64.60063942,66.45736407,67.34813453,66.10683454,67.81555205,68.3711531,68.68912094,68.97655041,69.31427237,68.52970556,67.53221685,67.90331733,66.21754645,63.14750731,64.68868045,67.51317013,68.05654386,68.59991759,69.14329132,69.14329132,69.14329132,69.14329132
1,1,68.201956,67.25437164,65.96609624,63.48212934,65.51002998,66.84554433,65.83312214,67.2577513,67.7346217,68.09184579,68.42862194,68.84655965,68.10654181,66.86592549,67.21179787,65.86852319,62.94052016,64.32332726,66.95249637,67.43497889,67.91746141,68.39994393,68.39994393,68.39994393,68.39994393
1,2,67.70617672,66.77518439,65.59473614,63.25986856,65.39859186,66.71079355,65.51752447,66.9358261,67.47976223,67.95219824,68.38398615,68.72030256,67.68391452,66.44249369,66.96096135,65.74557024,63.07813048,63.82120467,66.41638654,66.97605932,67.53573211,68.09540489,68.09540489,68.09540489,68.09540489
1,3,67.17818595,66.07339465,64.84686958,62.57278627,65.46800964,66.59432384,65.20175265,66.51405811,67.05848577,67.56650903,67.9605601,68.45459863,67.3721148,65.77817764,66.12488253,65.17796675,62.58470687,63.34399248,65.95569172,66.57503508,67.19437844,67.81372179,67.81372179,67.81372179,67.81372179
1,4,67.18131265,66.31163845,65.27354834,62.67423242,64.91646368,65.83163571,64.49237403,66.18654128,66.64958954,67.25797634,67.79106222,68.42851658,67.54698205,66.28396697,66.77821947,65.15369361,62.4881699,63.49580419,65.94540781,66.62228518,67.29916255,67.97603992,67.97603992,67.97603992,67.97603992
1,5,67.37126726,66.99628087,64.9959393,61.97328584,63.83473995,65.24063635,64.42214344,66.40914976,66.75192227,67.08216346,67.54705286,68.48950153,67.97574726,67.01097024,67.47891537,64.61549397,61.60705417,63.39608838,66.22867523,66.44208342,66.6554916,66.86889978,66.86889978,66.86889978,66.86889978
1,6,66.30443664,65.09844503,61.52863574,55.59746212,56.97145678,62.45818258,61.74852649,63.21551047,59.34491333,56.40464498,56.30854236,59.41507432,65.06850184,65.48298329,65.76607057,62.51081534,59.40064901,61.16751665,63.7018371,62.02013405,60.33843099,58.65672794,58.65672794,58.65672794,58.65672794
1,7,57.1323725,58.86052807,54.68550675,47.95926469,46.71770128,55.62358193,54.66891729,51.89225377,44.76676052,36.7869787,39.19192986,45.43577371,53.60857063,57.08187061,59.15060716,58.59348809,55.76811298,58.39313307,56.29208067,53.86180352,51.43152637,49.00124922,49.00124922,49.00124922,49.00124922
1,8,62.1320099,61.01368816,58.59101184,54.94795727,57.14424914,61.40562618,57.67483234,59.84358788,56.7971931,54.62988852,56.26245857,59.49798381,62.12450874,61.10982252,62.01546173,60.58424456,58.89017386,60.61179927,58.93527653,59.70474541,60.4742143,61.24368318,61.24368318,61.24368318,61.24368318
1,9,65.09620944,64.09298655,61.9279662,59.18053135,63.22095533,63.86860446,61.65157448,64.4411783,63.58732338,63.49317967,64.93602522,66.76606085,66.55198816,64.91183232,65.11572014,62.66013836,60.00605585,61.42445885,63.98718701,64.52047658,65.05376614,65.58705571,65.58705571,65.58705571,65.58705571
1,10,65.07464664,63.74512669,61.82249437,58.73307299,62.80220453,63.38405528,61.0948776,63.76099603,62.99862436,62.60629263,64.05964953,66.25296228,66.42887161,64.88245556,64.82047528,62.85551116,60.13731337,61.09559122,63.40684782,63.98545891,64.56407001,65.1426811,65.1426811,65.1426811,65.1426811
1,11,65.19586511,63.63856051,61.73430491,58.61488324,63.1429863,63.65011999,61.48111578,64.04630223,62.65291633,62.29724586,63.94155487,66.13852248,66.21493148,65.05995211,64.71422484,62.96067937,60.2642911,60.77515881,63.74135159,63.67248194,63.60361229,63.53474265,63.53474265,63.53474265,63.53474265
1,12,65.09987594,64.07426334,61.58792083,54.71440836,60.53787679,63.58558803,61.45693102,62.06700923,54.52929732,55.50318968,60.39827033,64.21806581,65.9993537,65.38842736,64.99950358,63.50838503,58.96914065,59.95949336,63.77102934,63.06841318,62.36579703,61.66318087,61.66318087,61.66318087,61.66318087
1,13,65.25190661,63.91337956,61.25849048,49.38246653,54.5295529,64.79002588,61.91868246,55.805973,43.66040195,48.33420766,58.03368061,61.77299709,65.04627871,64.77673156,64.98580792,63.23462291,55.76762213,56.74912441,63.99757452,62.77071609,61.54385767,60.31699924,60.31699924,60.31699924,60.31699924
1,14,60.43329895,62.60663306,59.79557094,43.93223965,41.77726748,58.41679712,62.64033261,49.30299648,32.31126485,42.90302921,53.2070819,58.99783845,65.13705694,65.03650019,63.89638927,62.32821268,52.24860168,52.97486907,63.04789315,61.05546802,59.06304289,57.07061777,57.07061777,57.07061777,57.07061777
1,15,50.46232968,59.63477304,56.94020721,40.34271132,27.94824486,48.61943472,61.79599965,43.04606156,24.62135443,35.66330866,42.73757211,51.19952545,62.37222798,63.78173518,61.18294481,60.74187891,46.33491347,45.41616869,62.37831563,59.96172587,57.5451361,55.12854634,55.12854634,55.12854634,55.12854634
1,16,45.6227342,59.18921416,56.46397436,39.12814128,24.44146504,42.80110975,61.60909392,42.04402458,22.50799842,30.85412835,36.93737539,48.60682464,62.96262841,63.10014486,60.45902301,60.2503751,44.1000449,42.80608931,62.18401246,59.29149498,56.39897749,53.50646001,53.50646001,53.50646001,53.50646001
1,17,39.7022578,58.82260117,57.25906819,37.22753092,26.07032542,44.28101852,61.77171938,41.08302983,20.87522232,29.0087794,35.45477685,47.83679173,63.06159233,64.25932662,61.94609725,60.51444926,42.48599299,40.66480995,62.59546712,58.52583383,54.45620055,50.38656727,50.38656727,50.38656727,50.38656727
1,18,45.33138318,60.1755943,58.09074964,39.45341205,29.61706111,46.54278052,61.56394882,44.10408858,24.69803334,31.10285076,37.31897748,49.11579063,64.09509921,64.48171679,62.36748064,60.92255914,45.37617192,44.2193137,60.9705602,57.61268011,54.25480002,50.89691993,50.89691993,50.89691993,50.89691993
1,19,64.45985858,65.85178727,63.30153842,49.39695362,50.31643745,57.73492534,63.70170304,54.88539774,42.48081539,47.03087896,55.2997523,61.58278276,66.83813084,67.0862126,66.47069179,64.07364492,55.45397617,56.44677385,64.43122993,62.41333766,60.39544538,58.3775531,58.3775531,58.3775531,58.3775531
1,20,67.63444402,67.170379,64.86098036,60.05338211,63.04437957,66.16476327,64.98994028,66.30522686,64.11403555,63.61751061,65.97372288,68.09799567,68.19838284,67.48517421,67.51250318,64.82435236,60.0202493,62.2461878,66.63374383,66.6179247,66.60210558,66.58628645,66.58628645,66.58628645,66.58628645
1,21,67.90073548,67.48280989,64.5787392,61.54504041,65.09483157,66.26868484,65.25900833,66.93116981,66.35867167,66.15771156,67.01101335,68.03249612,67.79286301,67.31679155,67.47986623,64.71112659,60.14818633,63.03416132,66.96057285,67.2896752,67.61877755,67.9478799,67.9478799,67.9478799,67.9478799
1,22,68.02257815,67.61214197,65.72406989,63.05380502,65.83662358,66.6543077,65.43784625,67.19216489,66.88371343,67.04981545,68.03837192,68.87577098,68.37115476,67.2513328,67.38079001,65.41347834,61.50305447,63.34214272,67.13109527,67.59746522,68.06383517,68.53020511,68.53020511,68.53020511,68.53020511
1,23,67.68167946,66.97598297,65.86862589,64.43847013,66.91578805,66.47781085,64.52617589,67.24841718,67.84882084,68.09769425,68.55316474,69.01027029,68.14185523,66.95208932,67.19692463,65.55091952,62.44161159,63.9754593,66.74132194,67.45779528,68.17426862,68.89074196,68.89074196,68.89074196,68.89074196
2,0,67.07346558,66.17012996,65.22629871,64.32137181,66.62716746,66.60662932,64.74864613,67.1528396,67.95099812,68.12777186,68.00881553,68.48669576,67.86911025,66.53377387,66.50698183,65.34169836,63.13271087,63.73674219,66.0209973,66.95684221,67.89268713,68.82853204,68.82853204,68.82853204,68.82853204
2,1,66.41708103,64.95606105,64.27322536,63.27206436,66.33519092,65.71753035,63.3515873,66.34812794,67.55911625,67.72070417,67.28770774,67.56913319,66.72902126,65.07866349,65.10335687,64.18285784,62.13827902,62.78622416,64.56312541,65.56252741,66.56192941,67.56133141,67.56133141,67.56133141,67.56133141
2,2,66.21561768,64.87680278,64.27877273,62.65040619,65.52500447,65.68390537,63.25270276,66.05750316,67.28497299,67.58487151,67.47268499,67.80898285,66.70015385,64.98090988,65.22959196,64.46588121,62.14776349,62.86056565,64.63621088,65.53002294,66.423835,67.31764706,67.31764706,67.31764706,67.31764706
2,3,66.38581591,64.79000451,63.99336582,62.43136754,65.48124504,65.67256555,63.55296452,65.94055378,66.6226338,66.93246458,67.1322941,67.59371319,66.5369417,64.85959511,65.01511661,64.20617304,61.89837555,62.58535644,64.74717343,65.48365597,66.22013851,66.95662105,66.95662105,66.95662105,66.95662105
2,4,66.94595113,65.93853665,64.9266754,62.6371612,64.76716627,65.61047572,63.83998002,65.52273864,66.02105481,66.56984807,67.26552412,68.05856205,67.15067898,65.88572673,66.21393307,64.62273524,61.81990394,63.30590507,65.7204231,66.3007134,66.8810037,67.461294,67.461294,67.461294,67.461294
2,5,67.18015613,66.70281628,64.82031131,61.77706235,64.37614243,65.4609837,64.11712185,66.33529504,66.53093451,66.67804129,67.16859652,68.29086435,67.93991117,66.95441911,67.2090846,64.3929408,61.36530108,63.35445523,66.14927378,66.40436876,66.65946374,66.91455872,66.91455872,66.91455872,66.91455872
2,6,65.85191261,64.06825163,60.39734293,54.36904992,55.57702527,59.95855801,60.97258695,62.43422367,56.97089567,53.87832769,54.24514747,57.82216604,63.98900653,64.78909441,64.7707662,62.21022005,58.76089062,60.57620978,63.54298763,62.91633106,62.28967449,61.66301792,61.66301792,61.66301792,61.66301792
2,7,50.46313274,56.38097695,52.41672088,44.17996882,42.13860878,48.36057131,46.51899023,44.86433573,36.02362334,30.75838258,33.09858111,40.74415901,48.38508246,50.61833263,55.84818594,55.76417453,50.70149976,54.26099919,51.62855676,51.11158504,50.59461333,50.07764161,50.07764161,50.07764161,50.07764161
2,8,57.49638095,59.7099162,56.38317276,53.50201644,59.30156189,57.75649704,52.61415149,57.10460667,53.96910541,50.40079279,51.60870807,54.60875229,57.14026786,57.33764557,59.39186796,57.9195698,56.57973787,58.78779545,56.04227802,57.56561215,59.08894629,60.61228043,60.61228043,60.61228043,60.61228043
2,9,64.51282012,63.71499936,61.49007909,58.58455224,60.36447364,60.34206335,60.44966945,63.98255632,63.11877177,63.71328282,64.7470039,65.93576994,66.16545963,65.03539941,64.85932416,62.36830689,59.54402441,60.33735249,63.19526995,63.90790192,64.62053388,65.33316585,65.33316585,65.33316585,65.33316585
2,10,64.47804706,63.03846564,60.81239421,57.80042743,60.79234447,61.33891388,59.69280215,63.05420971,62.10785539,61.97437739,63.31717326,65.53465611,65.90195395,64.35306692,64.21412245,62.33456424,59.28771202,59.8179598,62.63253157,63.2813666,63.93020162,64.57903665,64.57903665,64.57903665,64.57903665
2,11,64.54313384,63.07654421,60.43806776,56.09678435,60.21138727,61.12809116,59.52908323,62.34798213,58.58116619,58.66574178,61.56239522,64.22693358,65.29009795,64.49310022,64.36252242,62.94157968,58.84700024,58.73507299,62.29426008,62.54980646,62.80535284,63.06089922,63.06089922,63.06089922,63.06089922
2,12,64.77756271,63.30003372,60.65037262,52.69977846,53.22550126,60.18584462,59.48561216,59.31802549,50.828287,52.40601625,57.99923927,61.77159839,64.81409486,64.46968426,64.0963044,62.90417861,58.06243296,57.20683324,62.4140544,62.35845822,62.30286203,62.24726584,62.24726584,62.24726584,62.24726584
2,13,64.36419069,62.79849533,60.21502553,45.77572915,46.56406952,59.25614565,59.59510193,53.27478569,38.33373602,44.31289054,53.82481604,58.35939075,63.83019974,64.42529312,64.07865075,62.5575152,54.06980723,52.72999975,62.16170995,61.45648478,60.75125962,60.04603445,60.04603445,60.04603445,60.04603445
2,14,57.51787896,62.16559833,59.25457095,40.86616399,30.77353353,48.78488549,58.07945598,44.96076788,26.77475679,38.33558134,47.83027008,53.93380912,63.23455942,63.8933867,63.31818802,61.66101072,48.75533692,49.53711708,61.95872363,60.30365028,58.64857694,56.99350359,56.99350359,56.99350359,56.99350359
2,15,43.76627912,56.9020193,55.04468949,38.05680367,24.20820893,38.75210072,60.05711182,39.74008609,20.79128934,30.79441147,36.57881038,47.93817723,61.93780144,61.54696252,58.72633749,58.83921884,43.61066246,44.25426214,60.69501731,57.7371189,54.77922049,51.82132208,51.82132208,51.82132208,51.82132208
2,16,37.9221354,52.94511166,49.58069492,34.10741311,20.54695827,36.37880291,53.98813025,35.68857188,17.03750582,25.84133887,30.64949043,44.94443353,59.76866022,58.21327716,55.06704029,56.42961597,39.87829358,39.01824732,56.41895084,52.86759567,49.3162405,45.76488533,45.76488533,45.76488533,45.76488533
2,17,33.24957336,52.19117128,49.76947015,32.54186368,18.47120248,35.83147954,54.94179505,36.94363805,16.3539013,24.13997576,28.74857852,43.9067897,61.31534399,60.51205323,56.30785728,57.61521628,39.96005547,37.71649646,57.25899187,52.81530812,48.37162436,43.9279406,43.9279406,43.9279406,43.9279406
2,18,37.69473356,55.64496504,52.76040153,34.32834281,21.76644653,38.33717933,59.25742005,39.60238207,17.24630356,24.62337872,29.24965194,43.70946129,62.43789751,63.58087791,59.27049841,58.39958237,41.27231648,39.26232794,58.28515467,53.82885911,49.37256356,44.91626801,44.91626801,44.91626801,44.91626801
2,19,59.9734027,62.88415612,60.10928825,43.75675476,38.29143311,44.30513272,56.07694328,48.60549332,30.74211521,39.15192323,48.49910278,56.08843727,65.49020677,65.92892524,64.22006823,61.86922519,52.04505933,50.98858375,60.05886551,57.47770118,54.89653684,52.3153725,52.3153725,52.3153725,52.3153725
2,20,67.34505519,66.65433524,64.09832311,57.33973844,60.29703983,64.58245489,64.51323627,64.84928019,59.37466869,59.60833156,64.52578685,67.35829018,67.97760107,67.27147531,67.0002701,64.29887793,59.42930309,61.57450034,66.01664934,65.69702052,65.37739171,65.0577629,65.0577629,65.0577629,65.0577629
2,21,67.75783507,67.15875069,64.64029432,60.75255935,63.38349475,64.70698706,64.58823126,66.73481719,65.38540468,64.75928951,66.46476296,68.23891819,68.08197612,67.27948137,67.10770075,64.50787463,59.84781602,61.74514044,66.7022653,66.85045265,66.99863999,67.14682734,67.14682734,67.14682734,67.14682734
2,22,67.06068232,67.24686561,65.37386517,62.33353381,64.03826126,64.74971308,64.79316935,66.8760564,66.66338654,66.56973398,67.39245634,68.6881827,68.39741617,67.48609282,66.66519546,63.93793266,60.42100487,62.83184028,66.92329404,67.18684965,67.45040525,67.71396086,67.71396086,67.71396086,67.71396086
2,23,67.55230684,66.7567399,65.50868317,63.664466,66.52096351,66.76656357,65.00670907,66.8511602,66.81063134,67.13354247,68.15781829,68.96753671,68.24282356,67.0408368,67.06123193,65.13414895,61.80682943,62.74278167,66.57021007,67.19961826,67.82902646,68.45843466,68.45843466,68.45843466,68.45843466
3,0,67.09377158,66.27519801,65.2717914,63.87860879,66.01934697,66.27741124,64.67189542,67.17539163,67.9277482,68.00352397,68.3382402,68.89398971,67.99496586,66.59028403,66.54770908,65.13638376,62.81319318,63.53223243,65.99703654,66.71196804,67.42689953,68.14183102,68.14183102,68.14183102,68.14183102
3,1,66.23274543,64.72547109,64.34144725,62.90678468,66.14646249,65.88507139,63.57776027,66.3209914,67.51455287,67.74774527,68.10943391,68.44066696,67.07348318,65.30110587,65.0284062,63.99024612,62.25332963,62.74543845,64.40636265,65.45619767,66.5060327,67.55586773,67.55586773,67.55586773,67.55586773
3,2,66.50146168,64.7849985,64.02047247,62.71494386,65.18109933,65.56086927,63.18925011,65.84080282,67.09887731,67.3058508,67.62479538,68.09424243,66.67894383,64.91157744,65.06464559,64.03028383,61.7381595,62.56619234,64.20911052,65.19402723,66.17894395,67.16386066,67.16386066,67.16386066,67.16386066
3,3,66.54676098,65.18789564,64.14692512,61.80014439,64.75414538,65.71346983,63.86331019,65.77286031,66.3577092,66.85140558,67.35815334,68.05095154,66.99081879,65.32347086,65.35723136,64.08730364,61.54669492,62.54332516,64.93659393,65.61493942,66.2932849,66.97163039,66.97163039,66.97163039,66.97163039
3,4,66.98944924,66.02836242,64.87053196,62.1443726,64.50120218,65.71298575,64.11687355,65.64450328,65.85803116,66.50284357,67.31051162,68.17642003,67.14437938,65.76325613,66.31151197,64.40525046,61.76353697,63.29906101,65.76004294,66.33122015,66.90239736,67.47357458,67.47357458,67.47357458,67.47357458
3,5,67.29504995,66.73464052,64.72346322,61.50015267,64.11238976,64.53869283,63.45584067,66.16050334,66.4749992,66.66857802,67.15709611,68.26851617,67.96880782,66.94947013,67.23163048,64.19726519,61.44425988,63.62303581,66.11367443,66.21118149,66.30868856,66.40619562,66.40619562,66.40619562,66.40619562
3,6,65.86510248,64.44619012,60.70409592,54.12242948,55.98382475,60.08314135,61.33280423,62.42089935,56.43036653,52.9334962,53.26733424,57.03807035,64.0778926,65.32036892,65.03307965,62.12847727,58.90183886,60.49272331,63.68328454,61.65308577,59.622887,57.59268823,57.59268823,57.59268823,57.59268823
3,7,50.78984572,57.54573631,53.15352425,43.69462337,44.46518626,51.28620266,44.50680633,44.3650979,36.26566309,30.15023551,32.0732461,40.65272638,47.16391171,50.3500835,57.82633987,56.18030638,51.69541275,53.63249539,53.17147855,52.18429832,51.1971181,50.20993788,50.20993788,50.20993788,50.20993788
3,8,57.4036734,59.91888961,56.60937285,54.45186092,59.72866822,60.29761346,53.45230244,58.12542885,58.85793617,54.15538395,54.01140955,57.39720498,58.6997585,58.40721907,60.42747598,58.93711888,57.69099579,60.68340142,57.80106052,58.43549872,59.06993692,59.70437512,59.70437512,59.70437512,59.70437512
3,9,64.92711246,63.79809696,61.57558094,59.04290269,61.54114172,62.46763733,61.03896864,64.58736586,63.27534845,63.93408125,64.93994371,66.97778466,66.70463299,65.07691488,64.84448317,62.49495925,58.80641724,61.01545107,63.53185605,63.94252065,64.35318525,64.76384985,64.76384985,64.76384985,64.76384985
3,10,64.74242464,63.56465585,60.93993803,57.40259451,58.10694118,62.33603353,59.88320062,62.6478553,60.14244622,60.53221294,63.09027894,65.88569877,66.15544583,64.86880124,64.65907403,62.71343309,58.53014011,60.21157288,63.42184184,63.70436242,63.986883,64.26940358,64.26940358,64.26940358,64.26940358
3,11,64.54350543,63.10570917,60.43074429,55.97817269,58.91758256,60.26031131,57.39586391,61.55344574,56.50825852,56.29361441,60.54523353,64.14258068,65.1441503,63.90704618,63.99771363,62.61643878,57.92346464,58.46474689,62.02326462,62.56866882,63.11407301,63.65947721,63.65947721,63.65947721,63.65947721
3,12,64.42676972,63.07862092,60.38725729,51.1552513,50.63052838,56.21742058,59.49947152,57.33480181,46.85947782,49.02787851,57.21258706,61.71308515,64.8984837,64.38197975,64.05812418,62.49998479,55.92140384,54.80464549,61.81821485,60.37409649,58.92997814,57.48585978,57.48585978,57.48585978,57.48585978
3,13,63.33600717,62.42744822,60.68547481,44.65572614,44.52335461,58.76645911,60.2702455,49.78558724,34.99360183,41.82541628,51.5433915,56.76183224,63.50607082,64.83835364,64.17454663,62.79435452,53.44000198,53.1094536,61.8660119,59.92001149,57.97401108,56.02801067,56.02801067,56.02801067,56.02801067
3,14,51.78972689,60.51571283,58.18479304,40.81395427,31.02576168,50.61330782,60.81265659,44.91180009,27.35430022,37.45075158,45.22338378,52.87955658,63.25255614,64.13152751,62.22392474,60.98481575,48.92845509,48.03291406,61.74486522,59.76160512,57.77834501,55.79508491,55.79508491,55.79508491,55.79508491
3,15,42.28748102,53.06058387,51.36360412,36.70512707,18.04505841,35.038437,55.07565359,36.03869721,18.7794986,27.85264131,32.58922645,45.77834214,59.50361989,58.18629773,54.19900767,56.39513659,40.83078363,39.99776666,56.78642429,54.75824953,52.73007476,50.7019,50.7019,50.7019,50.7019
3,16,37.08604075,50.08021834,47.47648565,32.97296332,15.65712815,29.04845805,46.22299448,33.13204485,16.00629714,24.142341,28.65629894,42.80835372,56.31856476,54.49727025,52.58656144,55.14823662,37.65181936,36.94190443,49.50951665,48.3262265,47.14293635,45.9596462,45.9596462,45.9596462,45.9596462
3,17,30.28600453,48.34476687,47.65263683,31.07566207,14.44681215,32.51483816,55.32244106,35.23927113,14.88974519,22.47510041,27.00482812,41.73656702,59.91643413,60.59444231,55.46978333,55.99458835,37.3300939,34.99505876,53.54874675,49.89123453,46.23372231,42.57621009,42.57621009,42.57621009,42.57621009
3,18,36.01699847,51.86966401,48.392244,32.84694072,16.30151116,33.56615688,53.98823043,36.49590841,15.76695208,23.50287185,27.90311975,42.62894322,59.79420165,59.44741759,55.16519013,55.40196688,38.97265096,37.27261807,52.206276,49.59470504,46.98313408,44.37156312,44.37156312,44.37156312,44.37156312
3,19,56.22989602,58.2807773,55.95016829,41.57378075,35.27430118,44.46151266,59.17284567,45.69909123,27.52283668,36.50942172,44.87620957,54.05459849,64.0264388,63.16381693,59.85807532,58.33111413,46.91443482,45.14436087,56.56208346,55.00738243,53.4526814,51.89798037,51.89798037,51.89798037,51.89798037
3,20,66.86457015,66.01378131,63.20037525,54.48862705,55.53577301,63.36668369,62.87674584,63.19527841,54.70173083,55.9827058,61.90466867,65.14359741,67.10077233,66.95584483,66.60607832,63.62550181,57.93594369,59.60485986,65.00900306,62.90110916,60.79321525,58.68532135,58.68532135,58.68532135,58.68532135
3,21,67.66686667,67.07712963,64.23939157,58.96585153,61.15345878,65.26861948,64.36026397,65.52327192,61.8789684,61.75745777,64.76326376,67.68198331,68.02341799,67.17269501,67.15575722,64.36831975,59.318408,61.14746716,65.99697006,65.70341218,65.40985431,65.11629643,65.11629643,65.11629643,65.11629643
3,22,67.04024363,67.25083265,65.01829489,61.58487677,65.38232413,66.37452828,65.02489107,66.48595164,65.83425093,65.62788643,67.07858563,68.68432321,68.28356193,67.2846919,67.58339297,64.84949591,60.46996678,62.70503656,67.12862448,66.9647141,66.80080372,66.63689335,66.63689335,66.63689335,66.63689335
3,23,66.72515096,66.6257833,65.25634261,63.59185423,66.40333873,66.34833392,64.43725004,67.12543549,67.63205737,67.79247553,68.20196817,68.83527017,68.23066082,67.19464908,67.23179674,65.19112684,61.98718032,63.27429822,66.53102904,67.08905833,67.64708762,68.20511691,68.20511691,68.20511691,68.20511691
4,0,67.01570997,66.11005913,64.97837056,63.59813538,65.87696132,66.19610858,64.37787018,67.0385307,67.8892546,68.08886309,68.45729007,69.00246679,68.02986701,66.68266736,66.5019218,64.89740028,62.54016054,63.23748288,65.82946415,66.74955645,67.66964876,68.58974106,68.58974106,68.58974106,68.58974106
4,1,66.35248556,64.9951239,64.22920897,62.70543939,65.69102503,65.70089533,63.58232309,66.40928856,67.45214959,67.64257087,68.10835986,68.60223239,67.37734515,65.59236047,65.51826961,64.30116078,62.22900716,62.6306743,64.89949196,65.76373991,66.62798786,67.49223581,67.49223581,67.49223581,67.49223581
4,2,66.41695813,64.76173999,63.81665769,62.27448684,65.3482979,65.50010838,63.31890715,66.2483856,67.24678759,67.45987393,67.76683078,68.18928819,67.06127899,65.2429579,65.43290815,64.27096239,61.91836242,62.35326375,64.53942904,65.64758812,66.75574719,67.86390627,67.86390627,67.86390627,67.86390627
4,3,66.72793204,65.24238323,64.03869322,62.11914781,64.72360534,65.42529373,63.98293651,65.90334201,66.37819372,66.76084127,67.20931265,67.4665641,66.97589398,65.38877796,65.54581269,64.25421518,61.63454273,62.24225846,64.86604835,65.60899835,66.35194835,67.09489834,67.09489834,67.09489834,67.09489834
4,4,67.09488344,66.05439966,64.69565929,62.1397376,64.35703814,65.13430789,63.32272742,65.71840901,65.92495419,66.47591097,67.206106,67.98777154,67.16092872,65.80832718,66.38926421,64.4929482,61.5742104,62.77041601,65.42970369,66.00530938,66.58091508,67.15652077,67.15652077,67.15652077,67.15652077
4,5,67.14389711,66.48786731,64.55135201,60.98512224,63.64549422,64.55071195,63.10648273,66.04624465,66.19403702,65.98264621,66.79678083,68.04146768,67.87621366,66.82020454,67.04229448,64.05195431,60.78715379,62.1379162,65.33825024,65.76892213,66.19959402,66.6302659,66.6302659,66.6302659,66.6302659
4,6,65.96871334,63.7129669,59.95558431,53.27637049,53.50880278,57.38497024,58.9325533,61.91299029,55.82390398,52.74191326,54.44825395,57.39137554,63.4290317,64.34546525,64.29354881,61.53178859,57.50426782,59.29159858,62.30093521,61.31516574,60.32939627,59.3436268,59.3436268,59.3436268,59.3436268
4,7,49.64308395,56.28492441,50.89654589,41.94066897,38.3231301,41.38277214,40.41084559,41.39595125,33.96551239,29.38888111,32.66780991,40.62938295,45.53338467,48.09709186,54.58536991,54.00107972,50.27211769,52.93945712,50.07372199,51.46890043,52.86407887,54.25925731,54.25925731,54.25925731,54.25925731
4,8,56.92552299,59.71357145,56.55361861,53.22793518,56.34850067,54.99399115,48.10473448,56.06788419,53.79343895,48.1266027,50.71954163,55.44814121,55.91032591,57.54108278,59.7507757,58.13270972,55.32994358,55.90591684,56.50788331,58.56286557,60.61784784,62.6728301,62.6728301,62.6728301,62.6728301
4,9,65.14821221,64.04014338,62.13922251,58.74527925,62.8317036,63.03238448,61.13637219,63.97493844,63.74315615,63.6950158,65.05103807,66.95947965,66.46247973,65.29031997,64.88201821,62.54078944,59.78437077,58.91362507,63.91305507,63.98776324,64.06247141,64.13717958,64.13717958,64.13717958,64.13717958
4,10,63.92169514,63.24996167,61.09990535,57.4793208,60.11251999,62.29376751,60.49038574,63.21567904,61.64580584,60.60007714,62.54605006,65.44003438,65.82042266,64.85433857,64.54911474,62.82521556,59.4772621,60.22575231,62.83062364,63.08890251,63.34718137,63.60546024,63.60546024,63.60546024,63.60546024
4,11,64.30399161,63.37105091,60.68824885,55.74857631,59.50237405,61.79458876,60.34819497,62.61881579,59.06020741,58.47392499,61.11230265,63.94125961,65.53578893,64.88418413,64.56613524,63.08210043,59.44434548,60.60418466,63.41349467,62.21706238,61.02063008,59.82419779,59.82419779,59.82419779,59.82419779
4,12,63.02080318,63.22285801,60.64813695,48.88865464,52.76525297,61.16530975,60.50178739,56.64835289,44.31072085,48.81377669,57.27065071,61.0786189,64.85271802,64.79912396,64.554376,62.90866487,56.98370616,57.74984699,62.97076967,62.17207086,61.37337205,60.57467323,60.57467323,60.57467323,60.57467323
4,13,60.97259713,61.85410791,59.29454968,42.18173332,38.46293476,57.1656783,60.79571237,47.36137865,30.52454429,41.39980532,50.41113727,54.98990493,62.64617919,64.12301867,62.79298339,61.41026455,50.79211258,50.66838832,61.96936372,61.69610008,61.42283645,61.14957281,61.14957281,61.14957281,61.14957281
4,14,50.01831305,57.67745925,56.15201172,40.30279084,30.1618908,46.34667247,60.80894467,43.26315265,25.84121925,35.17052496,41.38777851,50.78983837,61.87804708,61.16685047,58.5830936,58.79956859,47.52745129,46.72478248,61.07790126,59.51066333,57.9434254,56.37618747,56.37618747,56.37618747,56.37618747
4,15,37.94102174,51.16416203,49.92406467,36.92081327,19.73632265,35.70232141,55.69697788,36.90001848,19.95329192,28.75914534,34.47492896,46.67246556,59.61887505,56.21429981,51.93851798,54.94677741,40.31562261,38.19690772,55.58769879,55.43233543,55.27697206,55.1216087,55.1216087,55.1216087,55.1216087
4,16,33.86437353,48.50208614,45.80715866,33.1159742,15.82260879,34.36401069,55.20318044,35.59794998,17.67747542,25.26777814,30.14119342,43.24826341,56.33026213,54.18384627,51.25037791,54.1634159,39.05722257,38.44371276,54.20198802,53.62462684,53.04726567,52.46990449,52.46990449,52.46990449,52.46990449
4,17,30.43653088,49.53395054,49.62092646,32.39981639,14.83907585,35.40947032,61.34527797,38.20341383,16.81785622,24.00446656,28.42858704,43.57980969,60.56290256,61.3898042,56.37741357,56.77605084,39.42427322,37.44971892,57.21705536,55.27285637,53.32865739,51.3844584,51.3844584,51.3844584,51.3844584
4,18,37.13752152,53.72309166,49.59775514,33.70251463,16.70695285,34.35143142,55.85989243,38.70825252,17.56121331,24.463732,28.73861194,43.29427526,60.75293945,61.18346457,57.075604,56.83316816,38.97305492,38.30611092,54.28321574,53.35279461,52.42237349,51.49195237,51.49195237,51.49195237,51.49195237
4,19,58.97113894,60.10902646,56.88406579,40.80130273,33.16779917,50.49026355,61.21651605,46.0288384,26.4627312,35.24459099,43.55555497,53.08278741,63.96400279,64.20138768,61.93778558,59.82921135,47.61164147,47.24659155,59.98188649,60.88245842,61.78303034,62.68360226,62.68360226,62.68360226,62.68360226
4,20,67.01377986,66.31612516,63.7064725,51.721358,54.35818423,63.20593585,64.53907952,61.56906596,50.40701631,51.97019104,61.46628102,65.85867784,67.34850458,67.16309985,66.94950816,63.9205894,57.92811005,59.47717636,65.65932982,65.85610924,66.05288867,66.2496681,66.2496681,66.2496681,66.2496681
4,21,67.86511162,67.33854684,64.52991422,59.27759252,63.53642244,65.82601346,65.26714616,65.79457053,62.59895304,62.48393867,65.27407149,67.79088124,68.19382371,67.44575316,67.34008921,64.48281267,57.80579129,60.28519477,66.66883913,66.80042877,66.93201841,67.06360805,67.06360805,67.06360805,67.06360805
4,22,67.98033519,67.48971187,65.28554423,60.56662666,63.54234148,66.42803357,65.50900249,65.32136595,63.16018696,64.14495577,66.28306269,68.32053228,68.41243502,67.48199039,67.44534731,65.08135278,59.12769636,61.60523897,67.02560496,66.47062982,65.91565467,65.36067952,65.36067952,65.36067952,65.36067952
4,23,67.79491532,66.86806925,65.6661562,63.09320152,66.02357373,66.13331772,65.08903561,66.48301982,65.85935668,66.09402435,67.7415237,68.9379819,68.31877515,67.1675648,67.31721958,65.421799,61.11408329,63.53464879,66.66515434,67.01991045,67.37466655,67.72942266,67.72942266,67.72942266,67.72942266
5,0,67.19778486,66.21443326,65.40318198,64.04899534,65.93410495,66.45432617,65.31222281,66.93123905,67.61414315,68.25856429,68.54011745,68.93854194,68.1641557,66.79842664,66.52972736,64.96415205,62.03765274,63.90447828,66.43598547,67.05836012,67.68073478,68.30310944,68.30310944,68.30310944,68.30310944
5,1,66.74066693,65.38497709,64.64284395,63.43141788,66.30091066,66.51481773,64.71657482,66.33975423,67.28300195,67.99640893,68.24860825,68.58354119,67.44846871,66.01421297,65.79819307,64.49997651,61.97217693,63.36922142,65.43788693,66.1618437,66.88580047,67.60975724,67.60975724,67.60975724,67.60975724
5,2,66.91808264,65.3727083,64.30852182,62.6233485,65.67579979,66.25759318,64.21164535,66.08928252,67.01377661,67.7335644,68.09706197,68.48915178,67.24603728,65.72702894,65.71966799,64.56292359,61.96383336,63.19044531,65.26131945,66.01268022,66.764041,67.51540178,67.51540178,67.51540178,67.51540178
5,3,66.89755389,65.66104091,64.48432907,62.20519345,65.07286263,66.0774928,64.48959792,65.97913199,66.54854733,67.23344803,67.68110902,68.3475769,67.31620388,65.82945611,65.89218124,64.80133867,62.10371673,63.09441093,65.64246757,66.1076268,66.57278603,67.03794526,67.03794526,67.03794526,67.03794526
5,4,66.84055081,65.97943529,64.82821382,61.81690489,64.42224946,65.30037932,63.86164799,65.58583749,65.87809024,66.55222992,67.21055825,67.98266313,67.11845427,66.03832652,66.35779612,64.7313575,61.85510382,63.20147875,65.76858806,65.95678391,66.14497976,66.33317561,66.33317561,66.33317561,66.33317561
5,5,67.18471649,66.83555748,64.77511535,61.61355379,63.86689951,65.26295907,64.19254688,66.09386288,66.21836098,66.56406578,67.05011657,68.22373429,67.87015706,67.05087611,67.34151553,64.38733833,61.27016519,63.54323484,66.10721121,65.84990188,65.59259255,65.33528322,65.33528322,65.33528322,65.33528322
5,6,64.34480402,65.01368663,61.41471223,54.82188879,56.35111724,59.9382528,62.15340998,63.59549696,58.68630817,55.76695133,55.49281532,58.32884691,64.42181635,66.07677891,65.96672255,62.54211645,58.75875198,60.76378213,64.0958718,61.58702066,59.07816953,56.56931839,56.56931839,56.56931839,56.56931839
5,7,46.13115376,58.84254375,54.94536782,47.65752845,46.04136876,56.55211621,55.64744767,53.92777996,43.13437332,36.52985314,37.78313955,44.02266363,54.41956951,58.42231406,59.4061555,59.55970249,56.16498561,56.94866558,58.86258913,56.43600895,54.00942876,51.58284858,51.58284858,51.58284858,51.58284858
5,8,52.80397876,61.01096479,58.57165678,55.36450104,57.87824179,62.25753092,59.68293335,60.7925512,57.56594195,55.18963272,55.45448745,58.41264445,62.30745336,61.86846857,62.27026953,60.25027354,58.27005451,59.53035188,62.6053503,60.742834,58.88031769,57.01780138,57.01780138,57.01780138,57.01780138
5,9,63.77484812,63.53845202,61.221176,57.96344253,60.28853335,62.27778345,61.52353055,64.04333257,63.29236717,62.54171605,64.10182318,66.290376,66.46511956,64.89563617,64.59382439,62.19121381,59.32407764,60.86572949,63.96508238,64.03593436,64.10678633,64.17763831,64.17763831,64.17763831,64.17763831
5,10,64.47695054,63.5112517,61.09233654,57.58779547,62.51415256,62.78396261,60.97949708,63.66137951,62.05526895,61.35644877,62.98960008,65.31221478,66.08756539,64.87277576,64.54750401,62.48686539,59.43983538,60.47164509,63.24056373,63.41171251,63.58286129,63.75401008,63.75401008,63.75401008,63.75401008
5,11,64.23143577,63.25267473,60.58251841,54.07747381,60.06322016,62.06613676,61.00272331,62.17171275,56.29885852,55.93806233,59.28338245,61.99626345,64.92258186,64.9476783,64.53509465,63.22341613,58.69932335,59.84683415,63.37331533,63.10733394,62.84135254,62.57537115,62.57537115,62.57537115,62.57537115
5,12,62.91765809,61.92738918,59.72476203,45.81246942,46.44136686,58.13850284,61.61553349,51.45104838,36.72982079,44.42926619,54.35460067,58.75475258,64.06784075,64.82045313,64.3144204,62.63767773,53.03545331,51.15143183,62.75571247,61.72103212,60.68635178,59.65167143,59.65167143,59.65167143,59.65167143
5,13,59.16843962,60.29460808,58.0283863,41.16736283,30.0974537,47.63447629,60.67819241,44.21535193,26.77751256,38.2660072,46.26691179,52.35407939,62.38912443,63.78038647,61.70809971,60.77498665,47.87208737,46.20406563,62.11044679,60.90965834,59.70886988,58.50808143,58.50808143,58.50808143,58.50808143
5,14,43.87473099,51.88694846,50.98849023,38.54006389,20.2414037,41.09609658,60.14804265,38.07101804,23.09561914,32.86906711,38.2884147,48.37265342,58.76389799,57.50422228,53.43581232,55.3203095,43.36632133,41.57319733,57.73100059,56.79519048,55.85938037,54.92357026,54.92357026,54.92357026,54.92357026
5,15,33.35941966,47.10682099,46.91983653,34.85750215,15.27372685,31.00325338,50.04260426,32.75350987,17.80521386,26.16570209,31.68452461,44.33551451,54.74715298,49.90821905,49.47406736,52.95518175,37.88332775,36.36074492,49.62975716,49.73708666,49.84441615,49.95174564,49.95174564,49.95174564,49.95174564
5,16,36.89065081,50.1742534,46.72079887,33.08078785,14.84171797,29.19776105,46.87021475,35.27522446,16.64435191,24.42125705,29.51489452,42.96618027,56.30574554,54.13014278,52.50150468,53.83734694,36.54398998,37.75272387,52.90676957,51.57312014,50.2394707,48.90582127,48.90582127,48.90582127,48.90582127
5,17,38.17216888,56.08459344,53.90114093,34.53222998,13.98693567,31.24390465,53.09364788,37.72198796,16.86408517,24.73532223,29.60338355,44.10859991,61.44112711,61.81385265,57.31115162,58.09021394,38.08832653,38.21685176,58.55782271,54.77234192,50.98686112,47.20138033,47.20138033,47.20138033,47.20138033
5,18,48.80823021,57.28386275,53.66867295,35.75200668,14.40691845,34.01788243,57.1719071,40.09557141,18.73544473,27.21564952,32.54947558,44.96151413,61.78044987,62.84885639,58.29142356,57.47922105,38.95568083,36.62653089,55.66572898,54.11704871,52.56836845,51.01968818,51.01968818,51.01968818,51.01968818
5,19,63.11649311,61.28925244,59.09090385,42.78537966,27.2998929,43.70490002,60.28116246,48.77948983,30.79020446,37.59451169,44.49581307,53.2514254,64.56219321,64.60992842,61.77872762,60.64073081,47.35549406,45.3188085,57.44306113,57.27645751,57.10985389,56.94325027,56.94325027,56.94325027,56.94325027
5,20,67.07756185,66.005441,62.99548739,50.23173156,53.85768175,62.29935823,64.2683089,59.73272638,47.61170254,49.57696699,58.62613304,63.01971583,66.12170881,66.62961618,66.39485059,63.45917632,56.23487264,58.8389949,64.37602604,63.64025594,62.90448585,62.16871575,62.16871575,62.16871575,62.16871575
5,21,68.01429077,67.32527643,64.19005598,57.72774931,62.86768543,65.99969703,65.45872566,65.98300064,61.63185944,60.22298275,63.98632553,66.58920973,67.61317878,67.56185714,67.43756821,64.76133517,59.10093666,61.3762605,66.77309652,65.82661876,64.880141,63.93366324,63.93366324,63.93366324,63.93366324
5,22,68.27052199,67.26771532,64.57442465,58.84230921,63.71827598,66.29892089,65.51577478,66.20158668,62.58109447,61.9008885,65.19518955,67.56520533,68.40504152,67.46491898,67.67860443,65.09801476,59.39076757,62.3055673,67.26633031,65.35658009,63.44682988,61.53707967,61.53707967,61.53707967,61.53707967
5,23,68.33177305,67.45294615,65.47336331,61.18496677,65.95263737,66.79475276,65.72602769,66.77796698,65.10972361,65.22224914,67.03810736,68.39104764,68.41998564,67.68873917,67.95490181,65.51434728,60.40688806,62.55664731,67.03397461,66.39842723,65.76287986,65.12733248,65.12733248,65.12733248,65.12733248
6,0,68.18716235,67.15320135,66.0548359,64.00552311,66.50030553,67.07125859,66.01831767,67.60455017,67.64649121,67.92059822,68.5041282,69.21015247,68.63911691,67.65389005,67.74769258,65.82591472,62.3043932,63.85751725,66.95895638,67.36315668,67.76735698,68.17155728,68.17155728,68.17155728,68.17155728
6,1,67.92355664,66.76753686,65.69495005,64.15416107,66.72551584,67.19342612,65.85975529,67.6726533,68.33493226,68.47134763,68.75025453,69.01213456,68.27044701,67.31436799,67.17875836,65.52645373,62.87996678,64.05088994,66.98613607,67.49668696,68.00723785,68.51778874,68.51778874,68.51778874,68.51778874
6,2,67.99557012,66.79399289,65.51709902,64.00509982,66.44890069,67.1125462,65.68219258,67.63870542,68.30322574,68.49351234,68.83366077,69.21984791,68.40141793,67.26438059,67.13515844,65.78750195,63.21829953,64.21551676,66.89191206,67.51704252,68.14217299,68.76730345,68.76730345,68.76730345,68.76730345
6,3,67.58908366,66.44362245,65.43266885,63.69673814,65.92438036,66.75187738,65.74491251,67.30784623,67.90857723,68.20428336,68.47636171,68.94936873,68.07628534,66.89181133,66.9380851,65.5871023,63.04441023,64.12658147,66.63083129,67.163666,67.69650071,68.22933541,68.22933541,68.22933541,68.22933541
6,4,67.02090581,66.07274347,64.99601777,62.74496888,65.3169023,65.7048134,64.20125011,66.12948689,66.58877154,67.24767763,67.93540127,68.51292563,67.34954493,66.02090586,66.47510642,64.98549452,62.03597137,63.22867856,65.5989543,66.29920974,66.99946517,67.6997206,67.6997206,67.6997206,67.6997206
6,5,67.13233636,66.4969001,65.23359998,62.69940134,65.3437599,65.92868498,64.45241183,66.34533776,66.79625331,67.18733412,67.63182605,68.50156694,67.73378947,66.54837126,66.88633941,64.59467238,61.70875731,63.25900103,65.85928046,66.43651256,67.01374466,67.59097676,67.59097676,67.59097676,67.59097676
6,6,67.63848838,67.02898864,65.37194643,62.54710533,64.69932027,65.44260086,63.65852542,66.55131227,66.88072758,67.10745474,67.77052043,68.69352661,67.98284918,67.06803212,67.50103835,64.77625728,61.58560571,63.65355218,66.22828645,66.78916349,67.35004053,67.91091756,67.91091756,67.91091756,67.91091756
6,7,67.63337616,67.2036319,65.08293178,62.50861859,65.23977034,66.08746268,64.82849946,67.04916842,66.94316093,66.9297608,67.61272639,68.50921648,68.49415072,67.57846641,67.90087038,64.93642877,61.30373922,63.7670084,67.1635086,67.42072997,67.67795133,67.9351727,67.9351727,67.9351727,67.9351727
6,8,66.95938428,66.9056197,64.30778841,61.89475911,64.84469953,66.11974651,64.91963641,67.15710628,66.83969475,65.86331619,66.91674349,68.5749605,68.47260441,67.55020732,67.87151569,65.0221214,61.46725262,63.95582684,67.11352867,67.36299282,67.61245698,67.86192113,67.86192113,67.86192113,67.86192113
6,9,66.62292564,67.46863932,64.50780127,60.75585242,64.53125204,66.15570617,64.94750136,67.08295906,66.07575542,64.61111784,66.1307024,67.79289715,68.00451121,67.7560357,67.88495417,65.11878641,61.337357,63.80926637,67.06020075,67.30952041,67.55884006,67.80815972,67.80815972,67.80815972,67.80815972
6,10,67.73726263,67.41825656,64.14121757,59.13836089,63.29302424,65.82337753,64.8334456,66.41139197,63.41713901,62.54549446,64.91135155,66.94489806,68.10891796,67.9749366,67.73278107,65.17502925,61.1581197,63.24221028,66.74787686,66.64485717,66.54183747,66.43881778,66.43881778,66.43881778,66.43881778
6,11,65.63702728,67.01943357,63.44305609,55.67247574,60.57272205,65.48480341,64.65180183,64.09593664,56.467811,56.01079729,60.87303216,63.51236349,66.84253528,67.8307562,67.67044924,65.42577752,59.86913759,60.96970383,66.33859083,64.90223979,63.46588875,62.02953772,62.02953772,62.02953772,62.02953772
6,12,60.81412196,65.36494311,61.4902304,48.52401585,51.18259618,64.59489679,64.90206422,56.99338083,42.56172932,46.66847518,54.33787284,57.43453307,64.22257272,66.72778763,65.81518312,64.22920813,54.61458421,56.32618278,64.10486107,63.29625239,62.48764372,61.67903504,61.67903504,61.67903504,61.67903504
6,13,56.62514945,64.91727316,61.05382691,44.07784235,42.34128389,61.08768815,64.33878925,50.73839875,33.30755354,38.97199932,45.27344176,50.37939371,62.83004327,67.10373786,65.96071306,64.09628704,48.6342727,51.11873833,65.07983023,61.4613239,57.84281756,54.22431123,54.22431123,54.22431123,54.22431123
6,14,55.41131044,64.11152035,60.6874104,41.18336438,29.69243487,50.9699662,64.49903918,46.15263153,26.70676958,34.84405623,41.45341925,49.12301056,62.98478163,66.94545977,65.52298827,63.83997054,45.21244393,45.47470919,65.13916406,61.18464623,57.23012839,53.27561056,53.27561056,53.27561056,53.27561056
6,15,58.30518531,65.92384166,61.89118724,40.70871479,23.29593331,45.83757364,64.76243362,45.05082708,24.82505787,33.82468672,41.00841065,49.12718225,62.72892632,67.82955446,67.2959883,64.87874313,43.01759531,45.40740741,66.04252791,63.8186422,61.59475649,59.37087078,59.37087078,59.37087078,59.37087078
6,16,61.98189692,65.84924111,61.9352891,40.52428006,19.95039027,41.95616509,64.8991053,45.09919776,25.53528631,35.29078085,41.61732405,50.14219316,64.39486367,67.99158319,67.35746738,64.88600362,43.35606617,43.66439165,65.49677225,61.98303259,58.46929294,54.95555329,54.95555329,54.95555329,54.95555329
6,17,65.74344289,65.218255,61.19435997,40.03944311,22.31832611,44.33145656,64.20168505,44.33555712,24.08278457,34.94444143,44.0213504,51.43550381,63.97823537,67.56955949,66.45989532,63.99312458,43.05175136,41.73562237,63.09009793,58.64158345,54.19306898,49.74455451,49.74455451,49.74455451,49.74455451
6,18,67.51977747,66.38574266,62.62573841,43.73936216,31.38416611,49.1990838,63.92551232,50.33512647,31.8184544,39.92259775,50.51031725,56.88935578,65.75590561,67.59048363,67.5277487,64.56778549,49.00691886,49.06943131,64.68277141,61.55583799,58.42890457,55.30197116,55.30197116,55.30197116,55.30197116
6,19,67.93253682,67.34025317,63.95149952,51.09209041,50.49927709,60.31475184,65.00994349,60.25871354,47.68136856,50.40186832,59.07102878,63.31487043,67.61002198,67.95525835,68.10054048,64.93786777,56.38912887,56.88008773,65.89658508,64.94141168,63.98623828,63.03106488,63.03106488,63.03106488,63.03106488
6,20,68.23092472,67.03701321,64.12174357,57.42174444,60.63069786,65.39309057,65.40854656,65.36012113,59.97637389,59.45040396,63.81186486,66.78201155,68.01373127,67.88188822,67.40076401,64.28801673,58.68917718,61.00310312,67.15367642,66.82534378,66.49701115,66.16867851,66.16867851,66.16867851,66.16867851
6,21,68.44801387,67.89774306,64.73990739,57.27448186,62.06404619,66.01958401,65.77221201,65.16644083,59.96741832,60.06933733,64.168521,66.79302282,67.81690165,67.97249258,67.63479135,64.46921423,57.97525841,61.29018198,67.46360294,66.49668248,65.52976201,64.56284155,64.56284155,64.56284155,64.56284155
6,22,68.44422226,68.53294182,64.94089393,57.22959815,61.93807623,66.48191539,65.74819957,65.0496718,59.67591624,59.50380962,64.4369471,67.54230484,68.23941443,68.00668295,68.01362365,64.62523992,57.64067149,61.63330881,67.77242552,67.64207907,67.51173262,67.38138617,67.38138617,67.38138617,67.38138617
6,23,68.939392,68.39471563,65.39520435,59.97899141,65.01356058,66.66497481,66.03363034,66.63892675,63.31680105,63.53140114,66.618554,68.56192731,68.37190068,68.12623854,67.45928737,64.53984678,59.56051764,63.03268266,67.91890659,68.13005643,68.34120627,68.55235611,68.55235611,68.55235611,68.55235611
