weekdate,hour,715915,715933,715938,715944,716921,716923,716925,716933,716937,718086,759542,759566,759576,763700,763975,764435,775008,775049,775067,775080,718360,715918,715930,716896,716899,716900,716929,718081,718358,759518,759531,759552,762347,762353,763985,764232,769625,775041,775059,775495
0,0,68.95502351,65.83213167,63.32492067,65.60558262,69.02682407,67.68304545,63.93115715,61.84242725,62.90277121,65.82795196,67.50735087,66.81878204,61.52221605,64.78675919,67.54890997,74.5796018,73.01051334,66.43372141,58.71424571,63.88848039,64.10370034,64.31892029,64.53414024,64.74936019,64.96458014,65.17980009,65.39502005,65.61024,65.82545995,66.0406799,66.25589985,66.25589985,66.25589985,66.25589985,66.25589985,66.25589985,66.25589985,66.25589985,66.25589985,66.25589985
0,1,74.1572427,66.84878403,64.87071867,66.11537835,68.84190444,68.02526863,65.15029208,64.14645533,65.23966057,66.03374731,67.08033437,66.50828791,65.57293153,66.65907455,68.19197758,76.41217435,75.13039824,68.61557904,57.46770738,62.671875,63.02058119,63.36928738,63.71799357,64.06669976,64.41540595,64.76411214,65.11281833,65.46152452,65.8102307,66.15893689,66.50764308,66.50764308,66.50764308,66.50764308,66.50764308,66.50764308,66.50764308,66.50764308,66.50764308,66.50764308
0,2,75.00149092,66.71208256,65.1439287,65.87455619,68.18685331,67.60796766,64.90590367,64.46237471,65.81910938,65.36201027,66.28561691,66.53557381,66.19769563,66.33815111,67.17008491,76.943622,75.71115026,69.1148829,54.95953245,62.61383929,62.9212177,63.22859611,63.53597452,63.84335293,64.15073135,64.45810976,64.76548817,65.07286658,65.380245,65.68762341,65.99500182,65.99500182,65.99500182,65.99500182,65.99500182,65.99500182,65.99500182,65.99500182,65.99500182,65.99500182
0,3,74.59650573,65.72096352,64.3694995,65.20697829,67.30192675,66.5593534,63.92594335,63.58649764,65.16742076,65.63333054,65.76204165,65.58352194,64.86233094,65.80886303,67.25617393,76.61793395,73.37899419,67.71929466,50.98253623,57.80759804,58.50094514,59.19429225,59.88763935,60.58098645,61.27433356,61.96768066,62.66102776,63.35437486,64.04772197,64.74106907,65.43441617,65.43441617,65.43441617,65.43441617,65.43441617,65.43441617,65.43441617,65.43441617,65.43441617,65.43441617
0,4,74.25678198,65.38913135,64.16837834,64.41962313,66.5243473,66.3475002,63.52680524,63.0319764,64.60613652,65.46914947,65.50143252,65.10686345,64.1979392,65.0280972,66.86938809,76.1073606,73.55227601,66.58949006,51.07031921,56.67463235,57.50498818,58.33534402,59.16569985,59.99605568,60.82641151,61.65676734,62.48712317,63.317479,64.14783483,64.97819067,65.8085465,65.8085465,65.8085465,65.8085465,65.8085465,65.8085465,65.8085465,65.8085465,65.8085465,65.8085465
0,5,74.17613581,66.03330983,64.41408842,65.39251919,67.84896081,66.98431841,63.74052444,62.96529288,64.9193378,66.3463172,66.75083744,65.67335511,64.59782696,65.66448437,66.87648192,77.16493336,77.57740332,74.59606481,55.02876202,59.92922794,60.54222539,61.15522283,61.76822028,62.38121772,62.99421517,63.60721261,64.22021006,64.8332075,65.44620495,66.05920239,66.67219984,66.67219984,66.67219984,66.67219984,66.67219984,66.67219984,66.67219984,66.67219984,66.67219984,66.67219984
0,6,74.78592297,66.50280951,64.67755642,65.81768028,68.29809647,67.41031019,64.29423524,63.29093668,64.66196411,66.65266909,67.42189063,66.29911412,65.17346212,66.57282217,67.55724012,77.84522377,77.14079521,74.48294526,59.15243026,66.60667892,66.6570179,66.70735688,66.75769585,66.80803483,66.85837381,66.90871279,66.95905177,67.00939074,67.05972972,67.1100687,67.16040768,67.16040768,67.16040768,67.16040768,67.16040768,67.16040768,67.16040768,67.16040768,67.16040768,67.16040768
0,7,75.21687799,66.69261962,64.97782221,65.9623632,68.60576277,67.71637059,65.03726078,63.83359092,64.93403691,67.18550876,67.7593845,66.7186977,65.85941229,66.50531955,67.96014456,77.5656512,78.97556694,72.74132227,63.96184523,70.32487745,70.08372234,69.84256724,69.60141213,69.36025702,69.11910192,68.87794681,68.6367917,68.39563659,68.15448149,67.91332638,67.67217127,67.67217127,67.67217127,67.67217127,67.67217127,67.67217127,67.67217127,67.67217127,67.67217127,67.67217127
0,8,73.05969726,66.01680051,63.17234439,65.03559351,68.58735109,67.31472879,63.80200833,63.10538713,64.71244525,66.34139064,68.03790882,66.93303036,65.27716031,65.95314908,67.69709546,75.93756214,76.18712191,69.84964352,65.52230528,69.01711758,68.85820169,68.69928579,68.5403699,68.38145401,68.22253811,68.06362222,67.90470632,67.74579043,67.58687453,67.42795864,67.26904274,67.26904274,67.26904274,67.26904274,67.26904274,67.26904274,67.26904274,67.26904274,67.26904274,67.26904274
0,9,63.8675021,62.22249255,58.10964516,61.61112806,67.87179429,65.47250628,60.09193118,59.49931681,62.27380379,64.24877955,66.00271026,62.58162465,60.62417446,63.44320076,63.50111762,70.58139266,66.20008745,54.9009276,55.4422831,55.42942028,56.31615696,57.20289364,58.08963033,58.97636701,59.8631037,60.74984038,61.63657707,62.52331375,63.41005044,64.29678712,65.18352381,65.18352381,65.18352381,65.18352381,65.18352381,65.18352381,65.18352381,65.18352381,65.18352381,65.18352381
0,10,54.32865722,51.91036894,49.02937473,53.99211644,60.45559659,56.61219444,49.93967677,51.66412285,57.59576536,58.33664393,56.56247405,47.85963319,47.57223464,51.51604111,50.95562033,63.0934229,50.86571259,38.45094797,39.19562907,43.86476067,45.03506643,46.2053722,47.37567796,48.54598372,49.71628948,50.88659524,52.056901,53.22720676,54.39751253,55.56781829,56.73812405,56.73812405,56.73812405,56.73812405,56.73812405,56.73812405,56.73812405,56.73812405,56.73812405,56.73812405
0,11,51.75856643,49.11581009,45.51449138,51.67303606,57.21795734,51.64027526,42.57120635,42.8089557,50.18513803,54.35519437,51.70108749,38.74029478,35.05830172,41.01354797,45.51775168,59.63980946,48.40294631,36.26563482,34.17636165,43.41751225,44.27529168,45.13307111,45.99085054,46.84862997,47.7064094,48.56418883,49.42196825,50.27974768,51.13752711,51.99530654,52.85308597,52.85308597,52.85308597,52.85308597,52.85308597,52.85308597,52.85308597,52.85308597,52.85308597,52.85308597
0,12,52.59297066,48.43676013,45.43504427,51.93627358,54.69177559,50.38269434,41.03584007,38.78259809,46.54881934,53.66722354,50.58047731,35.70873959,29.13811143,38.27984736,45.76100303,62.76152358,50.03719028,36.30654809,35.18421231,43.31269744,44.55219545,45.79169347,47.03119148,48.2706895,49.51018751,50.74968553,51.98918354,53.22868156,54.46817957,55.70767759,56.9471756,56.9471756,56.9471756,56.9471756,56.9471756,56.9471756,56.9471756,56.9471756,56.9471756,56.9471756
0,13,53.42098901,47.85700948,43.79475709,51.60333856,58.07458808,52.38157281,41.77050082,38.17780571,44.8172307,54.97106859,50.77751843,33.35530735,27.31144072,36.42267095,45.56725771,63.19559642,49.37008499,37.57396088,38.84512257,37.54079521,39.30991824,41.07904127,42.84816431,44.61728734,46.38641037,48.1555334,49.92465644,51.69377947,53.4629025,55.23202554,57.00114857,57.00114857,57.00114857,57.00114857,57.00114857,57.00114857,57.00114857,57.00114857,57.00114857,57.00114857
0,14,55.09883111,53.21463997,46.34331336,53.88587458,62.03409562,55.87088533,44.37790329,38.35783358,44.56567995,56.79791974,52.13638126,35.02533093,26.83329587,39.35695235,50.86403449,61.27364984,46.38661938,34.70740597,34.38727623,40.0225747,41.80030414,43.57803357,45.35576301,47.13349245,48.91122188,50.68895132,52.46668076,54.2444102,56.02213963,57.79986907,59.57759851,59.57759851,59.57759851,59.57759851,59.57759851,59.57759851,59.57759851,59.57759851,59.57759851,59.57759851
0,15,56.76469527,55.22113218,47.17387724,55.8305704,64.10368536,57.43608896,45.63109071,40.97222457,45.84086027,56.99072499,54.89217886,37.93156105,29.58901938,42.72261288,52.37184122,61.45596795,46.58427914,36.09805956,36.32706657,44.64055011,46.18412033,47.72769055,49.27126077,50.81483099,52.35840122,53.90197144,55.44554166,56.98911188,58.5326821,60.07625232,61.61982254,61.61982254,61.61982254,61.61982254,61.61982254,61.61982254,61.61982254,61.61982254,61.61982254,61.61982254
0,16,55.24297306,52.46437348,46.31419513,54.79464936,62.09282559,55.18432639,44.27464648,40.9411693,46.4801356,57.37050858,55.21527253,36.83989596,28.7199649,40.20138445,50.56150551,60.50280343,48.50668683,37.78099317,37.57271195,44.13886234,45.59460412,47.05034591,48.5060877,49.96182948,51.41757127,52.87331305,54.32905484,55.78479663,57.24053841,58.6962802,60.15202198,60.15202198,60.15202198,60.15202198,60.15202198,60.15202198,60.15202198,60.15202198,60.15202198,60.15202198
0,17,54.97490729,52.8414059,46.19952744,55.34109315,63.54180007,56.69329626,44.56117725,41.47583789,46.52890387,56.44620097,52.67885901,37.44121218,28.29005307,40.58735951,49.56706207,59.06885473,49.00872053,37.16153454,37.69300441,43.52753838,45.10958213,46.69162588,48.27366963,49.85571338,51.43775713,53.01980088,54.60184463,56.18388838,57.76593213,59.34797588,60.93001963,60.93001963,60.93001963,60.93001963,60.93001963,60.93001963,60.93001963,60.93001963,60.93001963,60.93001963
0,18,57.22500933,54.86255622,48.66583953,56.45249053,62.70411251,57.39825443,47.18943369,44.88729238,48.94082633,57.39464901,56.21418808,42.71811641,32.39334302,44.33586544,52.57891238,62.65989844,54.17394926,41.4417058,43.18940944,52.10988732,52.96801792,53.82614851,54.6842791,55.5424097,56.40054029,57.25867088,58.11680147,58.97493207,59.83306266,60.69119325,61.54932385,61.54932385,61.54932385,61.54932385,61.54932385,61.54932385,61.54932385,61.54932385,61.54932385,61.54932385
0,19,59.42868184,57.85468841,50.52396533,57.87702557,66.03584297,60.00609476,49.63245363,45.47366405,49.26596444,58.53926782,57.11651081,42.44948758,35.54352949,48.62117265,56.77207593,61.79301656,53.43493489,40.3898357,41.97680075,51.21739243,52.24395072,53.27050901,54.29706731,55.3236256,56.35018389,57.37674218,58.40330048,59.42985877,60.45641706,61.48297535,62.50953364,62.50953364,62.50953364,62.50953364,62.50953364,62.50953364,62.50953364,62.50953364,62.50953364,62.50953364
0,20,57.08791492,57.39183649,52.34967366,58.76098289,65.12448319,58.61079206,49.39261943,44.70797269,50.40329016,59.99416645,55.81404951,42.42647097,35.9722052,46.9002696,60.04347906,65.03227681,45.78809055,36.11028353,37.55718051,53.74558415,54.34529441,54.94500466,55.54471492,56.14442518,56.74413543,57.34384569,57.94355595,58.5432662,59.14297646,59.74268672,60.34239697,60.34239697,60.34239697,60.34239697,60.34239697,60.34239697,60.34239697,60.34239697,60.34239697,60.34239697
0,21,55.87242176,59.01525856,53.04493416,59.00035137,64.0273975,59.35179609,49.9890267,45.13844454,50.68569426,59.34710355,57.00635728,46.20592081,39.86573322,49.4823835,61.67936679,63.50780423,54.80025969,47.04785247,37.48565926,44.68229218,46.13394382,47.58559545,49.03724708,50.48889871,51.94055035,53.39220198,54.84385361,56.29550524,57.74715688,59.19880851,60.65046014,60.65046014,60.65046014,60.65046014,60.65046014,60.65046014,60.65046014,60.65046014,60.65046014,60.65046014
0,22,59.82663037,62.56426883,59.43559349,62.8104339,67.38685577,64.52962579,58.20102078,54.84207691,59.36846732,63.69490981,63.2961863,58.37601343,52.31594243,57.03140237,66.02565881,65.11601944,60.97707069,55.49903711,43.89979513,47.93233308,49.33874354,50.74515401,52.15156447,53.55797493,54.96438539,56.37079586,57.77720632,59.18361678,60.59002724,61.99643771,63.40284817,63.40284817,63.40284817,63.40284817,63.40284817,63.40284817,63.40284817,63.40284817,63.40284817,63.40284817
0,23,67.86488934,64.72824164,62.66111258,64.47400171,67.92436771,66.69230282,63.16222153,61.30765251,64.09308867,65.51537132,66.29819044,65.06228894,63.11764312,64.39522275,67.45236906,70.33013716,70.27357594,65.54671954,57.23543897,51.02969139,52.34813332,53.66657525,54.98501718,56.30345911,57.62190104,58.94034297,60.2587849,61.57722683,62.89566876,64.21411069,65.53255262,65.53255262,65.53255262,65.53255262,65.53255262,65.53255262,65.53255262,65.53255262,65.53255262,65.53255262
1,0,72.49377323,64.78965387,63.94121367,64.80969251,67.59864042,66.78325745,64.04625719,63.54532738,64.93032574,65.58636917,66.31767856,65.56628059,64.34632092,65.55507412,67.52792686,75.1359799,74.91805215,69.46752451,59.71939059,65.1875817,65.20256521,65.21754872,65.23253223,65.24751574,65.26249925,65.27748275,65.29246626,65.30744977,65.32243328,65.33741679,65.3524003,65.3524003,65.3524003,65.3524003,65.3524003,65.3524003,65.3524003,65.3524003,65.3524003,65.3524003
1,1,72.15486721,63.46304013,62.58765118,62.95293016,66.27152074,65.06375526,62.38382588,61.75667463,63.34967584,64.15123514,64.63416504,63.48131589,61.97378603,63.53119302,66.00293991,74.91767379,74.61714325,68.87739651,54.63365552,59.07676675,59.54856006,60.02035338,60.4921467,60.96394001,61.43573333,61.90752665,62.37931996,62.85111328,63.3229066,63.79469991,64.26649323,64.26649323,64.26649323,64.26649323,64.26649323,64.26649323,64.26649323,64.26649323,64.26649323,64.26649323
1,2,71.91233809,62.15358475,60.95879536,61.72980543,64.59031667,63.30245008,60.41537211,60.32801312,61.86249986,62.51452419,63.30383045,62.17313272,60.55845298,62.35427344,64.16806686,73.88130483,73.24850461,69.2943642,53.24212973,59.97504085,60.2450122,60.51498355,60.7849549,61.05492625,61.3248976,61.59486895,61.86484029,62.13481164,62.40478299,62.67475434,62.94472569,62.94472569,62.94472569,62.94472569,62.94472569,62.94472569,62.94472569,62.94472569,62.94472569,62.94472569
1,3,70.76243437,60.44383898,58.99852911,59.3720337,62.83339373,61.67344964,57.91903666,57.1625887,59.06971658,60.77389739,61.26296932,59.36889792,56.8003278,60.02138403,62.83122066,72.58776346,74.31942572,69.49610226,56.77433203,60.55047998,60.64262042,60.73476085,60.82690129,60.91904172,61.01118216,61.10332259,61.19546302,61.28760346,61.37974389,61.47188433,61.56402476,61.56402476,61.56402476,61.56402476,61.56402476,61.56402476,61.56402476,61.56402476,61.56402476,61.56402476
1,4,70.9201261,61.31741965,59.57323694,61.10032637,64.82817327,63.39068575,58.48275363,57.61465803,60.29596446,61.74245347,62.67596246,60.79143588,57.97014889,60.68085645,64.28143907,73.13667961,75.25258112,70.33848969,65.01773204,64.6637687,64.49815894,64.33254917,64.16693941,64.00132965,63.83571989,63.67011013,63.50450037,63.33889061,63.17328085,63.00767109,62.84206133,62.84206133,62.84206133,62.84206133,62.84206133,62.84206133,62.84206133,62.84206133,62.84206133,62.84206133
1,5,54.87348216,54.67906091,53.28256808,56.29510267,60.26768004,56.40622562,46.97219891,46.26475537,51.80667921,48.28662147,47.32728938,45.67994041,47.07586053,53.2634161,58.87020147,66.95207134,58.03535766,47.09090187,43.14721332,59.61296977,58.27618289,56.939396,55.60260911,54.26582223,52.92903534,51.59224846,50.25546157,48.91867469,47.5818878,46.24510091,44.90831403,44.90831403,44.90831403,44.90831403,44.90831403,44.90831403,44.90831403,44.90831403,44.90831403,44.90831403
1,6,41.57502327,42.1931091,41.41269648,43.58669252,44.06914327,38.23866473,30.54691219,32.12436532,37.40681258,30.22748777,26.37940048,25.74745343,29.44848175,35.79830623,41.72128813,62.80571084,61.13801743,54.57334559,34.10686169,38.86166031,37.94295153,37.02424276,36.10553398,35.1868252,34.26811642,33.34940764,32.43069887,31.51199009,30.59328131,29.67457253,28.75586375,28.75586375,28.75586375,28.75586375,28.75586375,28.75586375,28.75586375,28.75586375,28.75586375,28.75586375
1,7,37.64992444,41.15933852,42.34299374,44.03766202,44.87651631,38.73420048,31.20245201,30.32568672,35.20723714,32.04510736,27.44233515,24.060157,29.20353766,35.67425436,42.39650614,57.50082097,48.43246201,37.33695461,31.5722626,29.60716395,29.4716369,29.33610985,29.20058281,29.06505576,28.92952871,28.79400167,28.65847462,28.52294757,28.38742052,28.25189348,28.11636643,28.11636643,28.11636643,28.11636643,28.11636643,28.11636643,28.11636643,28.11636643,28.11636643,28.11636643
1,8,38.81212582,41.85848693,35.93324812,40.42758639,47.92934009,41.18903426,30.02884384,29.27216628,30.94875466,27.93056307,25.96901768,22.20817458,33.40984933,40.81872209,39.26232796,46.38525751,34.00117682,22.65247533,29.40432029,28.7910718,28.90403568,29.01699957,29.12996346,29.24292735,29.35589124,29.46885513,29.58181902,29.69478291,29.8077468,29.92071068,30.03367457,30.03367457,30.03367457,30.03367457,30.03367457,30.03367457,30.03367457,30.03367457,30.03367457,30.03367457
1,9,44.5759781,45.14376531,41.21495114,46.83368772,52.26399075,44.66648193,34.46262302,32.11836128,36.01949056,37.17803232,34.45183233,27.13663073,32.96684953,44.32722345,46.95712563,52.52230643,42.7770506,32.89399545,35.88285848,35.26772355,35.39753812,35.52735269,35.65716726,35.78698183,35.91679641,36.04661098,36.17642555,36.30624012,36.4360547,36.56586927,36.69568384,36.69568384,36.69568384,36.69568384,36.69568384,36.69568384,36.69568384,36.69568384,36.69568384,36.69568384
1,10,47.10043356,46.76913129,46.54214081,49.71688528,54.19590227,49.06539931,41.34882435,38.4377442,46.04099454,47.38806057,44.08347652,36.73330407,35.43532736,42.6969586,51.99238243,58.15969013,45.27434502,34.61529828,37.85238444,42.0260291,42.24783152,42.46963395,42.69143637,42.91323879,43.13504121,43.35684363,43.57864605,43.80044847,44.02225089,44.24405332,44.46585574,44.46585574,44.46585574,44.46585574,44.46585574,44.46585574,44.46585574,44.46585574,44.46585574,44.46585574
1,11,47.4336884,46.39503323,46.36052048,51.0022669,55.18754813,49.97546886,42.18814538,42.43044778,48.01124056,50.50023378,48.02685721,40.29062542,35.33439954,42.65831211,52.72022982,54.87219371,39.56016081,33.00469205,33.36098471,38.91111412,39.69767572,40.48423731,41.27079891,42.05736051,42.8439221,43.6304837,44.41704529,45.20360689,45.99016849,46.77673008,47.56329168,47.56329168,47.56329168,47.56329168,47.56329168,47.56329168,47.56329168,47.56329168,47.56329168,47.56329168
1,12,49.22701414,49.81549151,47.68956061,54.21477975,58.42770712,52.20691709,44.50120145,42.44472425,48.50044269,53.61156879,52.59230894,41.69584006,34.79662337,42.57888293,55.36778287,55.81547943,42.58271511,33.33688342,35.37260864,38.93913453,40.33044409,41.72175365,43.11306321,44.50437277,45.89568233,47.28699189,48.67830145,50.069611,51.46092056,52.85223012,54.24353968,54.24353968,54.24353968,54.24353968,54.24353968,54.24353968,54.24353968,54.24353968,54.24353968,54.24353968
1,13,50.17142976,51.76900865,49.56724857,54.62303809,58.57393336,55.3539687,47.12566399,46.20970232,50.94663841,54.18824808,52.62183442,44.80993553,37.12489244,45.28985848,56.03958389,58.87434618,44.3756975,32.63156733,37.63143004,42.74657356,43.7456237,44.74467384,45.74372399,46.74277413,47.74182428,48.74087442,49.73992456,50.73897471,51.73802485,52.737075,53.73612514,53.73612514,53.73612514,53.73612514,53.73612514,53.73612514,53.73612514,53.73612514,53.73612514,53.73612514
1,14,51.78712588,51.94556933,50.33401914,56.8031705,63.05349015,56.18005835,49.09722754,46.19560018,50.52485819,56.27095326,53.53472249,45.62028632,33.02219564,41.05856195,54.98435466,56.29402508,42.02969097,34.63033749,37.19912086,39.66206399,41.04406296,42.42606193,43.8080609,45.19005987,46.57205884,47.9540578,49.33605677,50.71805574,52.10005471,53.48205368,54.86405265,54.86405265,54.86405265,54.86405265,54.86405265,54.86405265,54.86405265,54.86405265,54.86405265,54.86405265
1,15,53.23585252,53.92130682,51.43610262,57.01480956,59.9628003,55.80943906,49.13178471,48.28698143,53.02616113,58.26218354,56.34995528,48.10429512,37.27571325,43.83842014,56.31430612,51.06232412,34.29586883,32.81345594,34.47562448,36.61113737,38.48940233,40.3676673,42.24593226,44.12419722,46.00246218,47.88072715,49.75899211,51.63725707,53.51552203,55.393787,57.27205196,57.27205196,57.27205196,57.27205196,57.27205196,57.27205196,57.27205196,57.27205196,57.27205196,57.27205196
1,16,53.77823095,54.60991902,51.72328805,58.2800765,61.7438551,56.69678932,50.54618332,49.6839545,53.8785476,59.65253252,59.18144725,52.90679681,39.79212067,43.24835169,55.23834554,50.02250369,35.11642134,31.83467961,32.77702189,35.38309757,37.55534341,39.72758924,41.89983508,44.07208091,46.24432675,48.41657258,50.58881841,52.76106425,54.93331008,57.10555592,59.27780175,59.27780175,59.27780175,59.27780175,59.27780175,59.27780175,59.27780175,59.27780175,59.27780175,59.27780175
1,17,54.53114243,58.11478057,54.26304811,59.59647738,64.84560576,61.53667166,54.95190257,51.46692295,54.87725637,60.9545413,61.86186461,54.97225661,39.40117297,44.7317667,59.94633953,50.15019594,34.72409817,31.46439174,32.22799472,35.64279883,38.02140756,40.4000163,42.77862504,45.15723378,47.53584251,49.91445125,52.29305999,54.67166873,57.05027746,59.4288862,61.80749494,61.80749494,61.80749494,61.80749494,61.80749494,61.80749494,61.80749494,61.80749494,61.80749494,61.80749494
1,18,55.19039939,59.72432128,56.99275871,60.12700919,65.59238024,62.93832753,55.86215036,51.25039114,55.65284541,61.12855246,61.42077048,55.17408335,40.56937278,47.44313997,62.6822468,59.41302362,45.35668388,36.5180529,38.4467464,41.95926202,43.78626916,45.6132763,47.44028344,49.26729058,51.09429772,52.92130486,54.748312,56.57531914,58.40232628,60.22933342,62.05634056,62.05634056,62.05634056,62.05634056,62.05634056,62.05634056,62.05634056,62.05634056,62.05634056,62.05634056
1,19,59.82719772,60.12037379,57.46287693,60.87468978,64.7583234,62.6510241,56.81198567,54.84206505,57.74803456,61.37749444,63.33222129,60.01258336,51.39336348,55.92859653,63.21633981,69.03227707,60.56613862,51.25702188,54.30709285,56.89221714,57.35343972,57.81466229,58.27588487,58.73710744,59.19833002,59.65955259,60.12077517,60.58199774,61.04322032,61.50444289,61.96566547,61.96566547,61.96566547,61.96566547,61.96566547,61.96566547,61.96566547,61.96566547,61.96566547,61.96566547
1,20,65.20444658,60.75734731,58.41336299,61.13253176,65.04573039,63.41089167,57.63939255,56.08141085,59.10811273,61.78102187,62.75658295,58.65938389,54.84400821,58.79984035,64.08117593,70.6928002,68.54392458,62.93027572,60.79980777,63.00659146,62.92528725,62.84398304,62.76267883,62.68137462,62.60007041,62.5187662,62.43746198,62.35615777,62.27485356,62.19354935,62.11224514,62.11224514,62.11224514,62.11224514,62.11224514,62.11224514,62.11224514,62.11224514,62.11224514,62.11224514
1,21,66.5463218,61.65903263,58.51271353,60.80493446,65.65386569,63.89706901,58.27129783,55.60140886,58.2712283,62.07319835,62.56447203,59.44483495,53.97309742,59.48274594,64.95809132,70.56783398,67.38364858,64.03188062,61.37824543,59.78057258,60.05840131,60.33623004,60.61405877,60.8918875,61.16971623,61.44754497,61.7253737,62.00320243,62.28103116,62.55885989,62.83668862,62.83668862,62.83668862,62.83668862,62.83668862,62.83668862,62.83668862,62.83668862,62.83668862,62.83668862
1,22,66.87806674,60.39984133,57.87392633,60.69055025,64.51829909,62.6807152,57.13906182,54.64052847,57.94782768,61.47142721,61.43561549,58.30179765,53.35245565,57.89085872,65.19700423,71.13062797,71.28958552,66.59661252,59.58733723,54.91083184,55.60924829,56.30766474,57.00608119,57.70449764,58.40291409,59.10133053,59.79974698,60.49816343,61.19657988,61.89499633,62.59341278,62.59341278,62.59341278,62.59341278,62.59341278,62.59341278,62.59341278,62.59341278,62.59341278,62.59341278
1,23,68.95815579,61.14544966,59.53227069,60.21235048,63.62106002,62.61379029,58.49658021,56.81187595,59.80882112,61.72694924,61.34115625,59.66569364,55.6586431,57.63640182,64.31186728,72.71379791,74.06370507,69.15890037,59.93553333,55.58169764,56.21797882,56.85426,57.49054118,58.12682235,58.76310353,59.39938471,60.03566589,60.67194706,61.30822824,61.94450942,62.5807906,62.5807906,62.5807906,62.5807906,62.5807906,62.5807906,62.5807906,62.5807906,62.5807906,62.5807906
2,0,69.17792155,61.06798238,59.7057945,60.44696783,63.29040216,62.38863334,58.31299618,56.75934634,59.27532121,61.07137309,61.00419707,58.74614139,55.39541537,58.45582426,63.73808867,72.86126956,73.09489979,68.82485703,56.29671735,55.19727215,55.85172998,56.50618782,57.16064565,57.81510349,58.46956132,59.12401915,59.77847699,60.43293482,61.08739266,61.74185049,62.39630832,62.39630832,62.39630832,62.39630832,62.39630832,62.39630832,62.39630832,62.39630832,62.39630832,62.39630832
2,1,69.01120558,59.34890197,58.30723606,58.0508926,60.89343241,60.41825615,56.85274333,55.74545681,57.79469326,59.25648047,59.43137432,57.08948998,53.68166088,58.10383541,62.35490224,72.08013963,72.25895856,67.68590005,53.5443011,54.40804285,54.98122671,55.55441056,56.12759442,56.70077828,57.27396214,57.847146,58.42032986,58.99351372,59.56669757,60.13988143,60.71306529,60.71306529,60.71306529,60.71306529,60.71306529,60.71306529,60.71306529,60.71306529,60.71306529,60.71306529
2,2,68.67620633,58.0081751,57.20914631,57.557208,60.61063104,59.18043203,55.66243418,54.96607284,56.69939561,57.93165818,58.52879578,56.46864617,53.12705081,56.79548074,60.74497165,71.02286365,71.72167951,67.6641727,52.76569149,50.89137229,51.69613733,52.50090236,53.3056674,54.11043244,54.91519747,55.71996251,56.52472754,57.32949258,58.13425762,58.93902265,59.74378769,59.74378769,59.74378769,59.74378769,59.74378769,59.74378769,59.74378769,59.74378769,59.74378769,59.74378769
2,3,68.69779657,57.83288478,56.53371713,57.54932089,60.52876988,58.85080789,54.68971101,53.74413233,56.11730102,58.09148465,58.52101892,56.11429029,51.97533296,55.36147852,60.41286137,71.43818764,74.37957857,69.2986026,57.42609639,54.32156182,54.79355658,55.26555135,55.73754611,56.20954088,56.68153564,57.1535304,57.62552517,58.09751993,58.5695147,59.04150946,59.51350422,59.51350422,59.51350422,59.51350422,59.51350422,59.51350422,59.51350422,59.51350422,59.51350422,59.51350422
2,4,69.30728118,60.54673265,58.53723181,59.82398079,63.52914418,62.03803641,56.30050536,55.06943994,58.1027926,60.73350927,61.49637001,58.50197538,53.90632992,58.1393418,63.68898754,73.09877745,75.30849189,70.88415808,65.60743686,63.03710285,62.94757598,62.85804911,62.76852224,62.67899537,62.5894685,62.49994162,62.41041475,62.32088788,62.23136101,62.14183414,62.05230727,62.05230727,62.05230727,62.05230727,62.05230727,62.05230727,62.05230727,62.05230727,62.05230727,62.05230727
2,5,50.77074867,52.13350648,49.38614154,54.12116966,58.05446652,52.61593596,42.44401143,43.78425814,49.85265461,47.32664636,45.58557776,43.045545,43.75447681,50.1351974,55.18215689,66.89458808,56.7145702,49.83226103,41.52876,50.02972948,49.26865393,48.50757838,47.74650283,46.98542727,46.22435172,45.46327617,44.70220062,43.94112507,43.18004951,42.41897396,41.65789841,41.65789841,41.65789841,41.65789841,41.65789841,41.65789841,41.65789841,41.65789841,41.65789841,41.65789841
2,6,33.91862926,38.89557787,39.0916901,39.39203602,36.97963259,33.7109124,26.35340039,29.01268894,35.72190646,28.94159732,26.71669603,23.04668467,27.80582506,33.68192854,41.52325447,62.68345624,53.94142157,40.74063862,26.11911926,29.26690862,28.82037172,28.37383482,27.92729792,27.48076102,27.03422412,26.58768722,26.14115033,25.69461343,25.24807653,24.80153963,24.35500273,24.35500273,24.35500273,24.35500273,24.35500273,24.35500273,24.35500273,24.35500273,24.35500273,24.35500273
2,7,31.83861472,38.80785007,39.11003543,39.52444645,38.0162837,35.2128341,26.26665003,23.59731066,30.30732186,27.41199718,23.82151018,19.38672531,23.75639709,31.45712322,41.18889247,51.0878398,33.04861467,25.9550066,21.76408689,28.3777584,28.0506082,27.723458,27.3963078,27.0691576,26.7420074,26.41485721,26.08770701,25.76055681,25.43340661,25.10625641,24.77910621,24.77910621,24.77910621,24.77910621,24.77910621,24.77910621,24.77910621,24.77910621,24.77910621,24.77910621
2,8,32.8964978,39.15884024,30.75289592,35.38609562,41.57302086,36.00462865,24.65680644,21.88847832,24.34328995,22.5181129,23.17383367,18.19220395,28.91983611,37.93295198,36.98941034,34.91165673,19.47733618,16.57842597,17.58747746,25.86821264,26.04784828,26.22748392,26.40711956,26.5867552,26.76639084,26.94602648,27.12566212,27.30529776,27.4849334,27.66456904,27.84420468,27.84420468,27.84420468,27.84420468,27.84420468,27.84420468,27.84420468,27.84420468,27.84420468,27.84420468
2,9,38.55227699,40.78243351,37.25197748,43.12051445,44.15827574,37.70522497,27.17062425,24.47882795,31.52439764,33.48477754,28.80623676,20.34876217,28.44401333,37.04810581,42.21352793,43.61258238,29.37058243,25.68556455,25.89996718,30.72736571,30.98584324,31.24432077,31.50279829,31.76127582,32.01975335,32.27823088,32.53670841,32.79518594,33.05366347,33.31214099,33.57061852,33.57061852,33.57061852,33.57061852,33.57061852,33.57061852,33.57061852,33.57061852,33.57061852,33.57061852
2,10,45.49340842,44.09179363,42.4748482,47.42171511,52.01616506,45.54618032,34.45986162,30.59277318,39.86757795,43.95433764,37.32985047,26.12366688,28.84746337,38.58469937,47.16550358,51.10216021,37.1407589,31.04149514,31.91651987,37.23384119,37.76331198,38.29278276,38.82225354,39.35172433,39.88119511,40.41066589,40.94013668,41.46960746,41.99907824,42.52854903,43.05801981,43.05801981,43.05801981,43.05801981,43.05801981,43.05801981,43.05801981,43.05801981,43.05801981,43.05801981
2,11,47.65786305,45.11860631,45.06907095,51.33923698,52.40316205,47.15899186,41.82324412,42.64377621,47.91417866,51.07930822,47.32202812,38.66155709,36.75933687,41.01898072,50.0708597,58.26787647,39.90632669,32.32970896,34.24158413,37.45567609,38.46907589,39.48247569,40.49587549,41.50927529,42.52267509,43.53607489,44.54947469,45.56287449,46.57627429,47.58967409,48.60307389,48.60307389,48.60307389,48.60307389,48.60307389,48.60307389,48.60307389,48.60307389,48.60307389,48.60307389
2,12,48.3694971,46.8087446,46.64875541,51.69384049,55.972516,50.61571209,44.02236104,43.90917881,49.45195057,52.03374776,49.81366506,43.71768908,38.12765965,42.00080261,52.05422261,58.81384429,43.23725522,36.8760609,37.22341451,38.81987155,39.92161548,41.02335941,42.12510334,43.22684727,44.3285912,45.43033513,46.53207906,47.63382299,48.73556692,49.83731085,50.93905478,50.93905478,50.93905478,50.93905478,50.93905478,50.93905478,50.93905478,50.93905478,50.93905478,50.93905478
2,13,50.11876461,49.49627345,47.95507988,54.19563383,58.07759171,52.4982995,45.38021507,45.16658785,49.83437593,53.4484581,52.0046743,43.66721458,38.42870813,43.88976208,53.34969636,57.51015429,45.14870797,35.68074397,38.61754658,37.93968159,39.28551257,40.63134355,41.97717452,43.3230055,44.66883648,46.01466746,47.36049844,48.70632942,50.05216039,51.39799137,52.74382235,52.74382235,52.74382235,52.74382235,52.74382235,52.74382235,52.74382235,52.74382235,52.74382235,52.74382235
2,14,50.39755157,50.57197477,48.75209648,54.93609651,60.12418381,54.00960826,46.33669618,45.20828239,50.86412718,56.7071398,54.36960239,44.46442699,34.37922171,39.80152764,54.13731681,53.69642157,38.14201766,32.61465926,33.99222222,37.64330954,39.23246969,40.82162985,42.41079001,43.99995017,45.58911033,47.17827049,48.76743065,50.3565908,51.94575096,53.53491112,55.12407128,55.12407128,55.12407128,55.12407128,55.12407128,55.12407128,55.12407128,55.12407128,55.12407128,55.12407128
2,15,50.85900449,51.50614718,49.78638542,55.37637278,58.71678713,53.78942553,47.28922606,47.29803697,53.3593981,57.69064703,55.13003432,46.6450361,36.38201821,40.87574436,54.56485831,48.32321314,30.13933223,29.51442871,30.83581318,35.26552102,37.25661571,39.2477104,41.23880509,43.22989979,45.22099448,47.21208917,49.20318387,51.19427856,53.18537325,55.17646794,57.16756264,57.16756264,57.16756264,57.16756264,57.16756264,57.16756264,57.16756264,57.16756264,57.16756264,57.16756264
2,16,51.73433311,53.88681549,51.00641212,57.21607372,62.12096589,56.81141976,50.78448416,48.76763928,52.92044492,59.01334419,58.20590495,51.58067974,34.24610845,38.54271828,55.51700804,49.42427894,29.00435641,28.57563406,29.32876859,31.51956549,34.00762254,36.49567958,38.98373663,41.47179368,43.95985072,46.44790777,48.93596482,51.42402187,53.91207891,56.40013596,58.88819301,58.88819301,58.88819301,58.88819301,58.88819301,58.88819301,58.88819301,58.88819301,58.88819301,58.88819301
2,17,52.96932329,56.10009648,51.5251278,57.49870533,63.81307891,59.70136029,53.57972927,48.39354955,51.92249715,60.6064687,59.45515508,54.16715443,32.98230421,39.4896158,57.35871997,47.69295285,28.40243767,28.42783364,28.46189212,33.49200593,35.9799088,38.46781166,40.95571453,43.4436174,45.93152026,48.41942313,50.907326,53.39522887,55.88313173,58.3710346,60.85893747,60.85893747,60.85893747,60.85893747,60.85893747,60.85893747,60.85893747,60.85893747,60.85893747,60.85893747
2,18,53.88744923,58.86700913,54.87897504,59.59643729,65.82600914,62.97604083,56.38447876,49.94047153,52.61677365,61.09813538,59.79500166,56.23005066,33.02129207,42.15981998,61.707918,58.35227043,37.96502343,30.99901798,33.64247708,35.84146582,38.15018703,40.45890824,42.76762944,45.07635065,47.38507186,49.69379306,52.00251427,54.31123548,56.61995668,58.92867789,61.2373991,61.2373991,61.2373991,61.2373991,61.2373991,61.2373991,61.2373991,61.2373991,61.2373991,61.2373991
2,19,57.03996625,59.37518047,56.81124301,60.79884707,65.90675363,63.59372215,56.51397521,54.09771661,57.00885417,61.07694543,61.98293885,59.06415927,47.80695772,53.25742021,62.964591,68.07982769,55.0128209,42.89479311,47.81494406,51.29105385,52.16983094,53.04860803,53.92738513,54.80616222,55.68493931,56.5637164,57.44249349,58.32127058,59.20004767,60.07882476,60.95760185,60.95760185,60.95760185,60.95760185,60.95760185,60.95760185,60.95760185,60.95760185,60.95760185,60.95760185
2,20,64.89258013,60.52557698,57.89609366,60.54428329,65.22855534,63.69482265,57.28311326,55.50176642,58.85342527,61.67868918,62.34760435,59.07585181,54.12143275,58.52663631,64.49232642,70.75491407,68.59760119,61.65625695,62.68879211,62.16906707,62.16879602,62.16852498,62.16825393,62.16798289,62.16771184,62.16744079,62.16716975,62.1668987,62.16662765,62.16635661,62.16608556,62.16608556,62.16608556,62.16608556,62.16608556,62.16608556,62.16608556,62.16608556,62.16608556,62.16608556
2,21,65.52417843,60.59185866,57.48749026,60.16580853,65.56900119,63.63967524,57.26944743,55.62413308,58.91749418,61.24386382,62.10172447,59.22753577,54.66933279,58.93953498,63.58076008,69.92780174,67.93799214,60.1671092,61.80253103,65.87378132,65.53503453,65.19628774,64.85754095,64.51879416,64.18004737,63.84130059,63.5025538,63.16380701,62.82506022,62.48631343,62.14756664,62.14756664,62.14756664,62.14756664,62.14756664,62.14756664,62.14756664,62.14756664,62.14756664,62.14756664
2,22,67.42725257,61.19017504,58.60261489,60.36139541,64.85952753,63.46527664,57.97979019,55.59431025,58.28928829,61.50903604,62.17360109,58.93146191,53.9964283,59.06509524,64.39672799,70.92757041,71.11311955,65.8036541,62.40014825,57.0957498,57.59169245,58.0876351,58.58357775,59.0795204,59.57546306,60.07140571,60.56734836,61.06329101,61.55923366,62.05517631,62.55111896,62.55111896,62.55111896,62.55111896,62.55111896,62.55111896,62.55111896,62.55111896,62.55111896,62.55111896
2,23,69.35142802,61.14400093,58.88259751,60.03873611,63.85319234,62.76591432,58.34996613,56.96818374,58.88427936,61.15465673,61.09505331,57.95762339,54.65194492,59.01408386,64.4341073,72.3977118,73.63943031,69.07022172,62.60880126,63.50556334,63.44130416,63.37704499,63.31278582,63.24852664,63.18426747,63.1200083,63.05574913,62.99148995,62.92723078,62.86297161,62.79871243,62.79871243,62.79871243,62.79871243,62.79871243,62.79871243,62.79871243,62.79871243,62.79871243,62.79871243
3,0,69.6968064,60.32918562,58.94707907,59.27949373,62.88631212,62.00925334,57.70131876,56.82992866,58.84825805,60.25632666,60.07555379,57.23327412,54.32106299,58.87885487,63.37963052,72.82421241,72.95762527,68.74357979,58.56445964,61.0778799,61.15293273,61.22798557,61.3030384,61.37809123,61.45314406,61.52819689,61.60324972,61.67830256,61.75335539,61.82840822,61.90346105,61.90346105,61.90346105,61.90346105,61.90346105,61.90346105,61.90346105,61.90346105,61.90346105,61.90346105
3,1,69.60933104,59.35196156,57.70202919,57.96244609,61.40870701,60.52345585,56.85542445,55.83100842,57.81564611,59.56627935,59.48320217,57.28991743,54.23393851,58.19164651,62.48929477,72.57734053,71.83147195,68.15202478,54.40865696,57.83736383,58.11635609,58.39534834,58.6743406,58.95333285,59.23232511,59.51131736,59.79030962,60.06930187,60.34829413,60.62728638,60.90627863,60.90627863,60.90627863,60.90627863,60.90627863,60.90627863,60.90627863,60.90627863,60.90627863,60.90627863
3,2,68.99720239,58.197551,57.17077786,57.61570254,60.69416026,59.22773096,55.78063185,55.03729019,57.32307289,58.2853679,58.43909237,56.64763219,53.34078471,57.04682209,61.38396051,72.03501595,70.8778748,68.0118396,54.05053267,55.90770016,56.26074074,56.61378133,56.96682191,57.31986249,57.67290307,58.02594365,58.37898423,58.73202481,59.08506539,59.43810598,59.79114656,59.79114656,59.79114656,59.79114656,59.79114656,59.79114656,59.79114656,59.79114656,59.79114656,59.79114656
3,3,68.64825458,57.49934319,55.86606932,56.59310654,60.02164544,58.63234235,54.27680028,52.93811751,55.84315638,57.99502022,58.16071414,55.81251221,51.39415599,55.8704366,60.62004845,71.15664965,73.20276887,69.22396815,57.22009511,59.8666939,59.81138914,59.75608437,59.70077961,59.64547485,59.59017008,59.53486532,59.47956056,59.42425579,59.36895103,59.31364627,59.2583415,59.2583415,59.2583415,59.2583415,59.2583415,59.2583415,59.2583415,59.2583415,59.2583415,59.2583415
3,4,70.11900781,60.1038965,58.37083178,60.11526544,63.58769615,61.66243431,56.09048044,54.24500135,57.42775515,61.00941255,61.44335351,58.05024282,52.90023797,57.87674813,63.37090532,73.26244263,74.31318423,72.7204759,66.42891572,67.544881,67.03813426,66.53138753,66.02464079,65.51789406,65.01114732,64.50440058,63.99765385,63.49090711,62.98416038,62.47741364,61.97066691,61.97066691,61.97066691,61.97066691,61.97066691,61.97066691,61.97066691,61.97066691,61.97066691,61.97066691
3,5,51.02656451,52.95601148,50.92496894,54.43900343,57.16141828,54.09404475,43.46061588,43.21361515,49.36520459,47.73004066,45.00188892,42.18911016,42.39170714,51.38910035,57.24145841,68.08411769,49.21796705,41.08542688,42.6662675,65.11109069,62.94783562,60.78458056,58.6213255,56.45807043,54.29481537,52.1315603,49.96830524,47.80505018,45.64179511,43.47854005,41.31528499,41.31528499,41.31528499,41.31528499,41.31528499,41.31528499,41.31528499,41.31528499,41.31528499,41.31528499
3,6,34.89080454,38.5556551,37.22527833,38.58427347,36.61424972,32.30473436,25.48534157,28.65864205,33.14516987,26.50493747,26.1708849,21.75621499,26.71122458,33.33490881,38.53244306,61.51827288,38.63034693,18.76868435,29.90765477,42.42505787,40.86087153,39.29668519,37.73249885,36.1683125,34.60412616,33.03993982,31.47575348,29.91156714,28.3473808,26.78319446,25.21900811,25.21900811,25.21900811,25.21900811,25.21900811,25.21900811,25.21900811,25.21900811,25.21900811,25.21900811
3,7,32.1413233,39.37563959,37.95297888,39.3451896,38.02384417,34.90067877,25.67211138,23.41206652,29.91835391,25.72083828,23.12927253,19.36380768,23.85561986,32.77519234,40.32368731,50.54446103,28.52200323,18.0769699,23.31183254,30.56215432,30.02578892,29.48942352,28.95305812,28.41669272,27.88032732,27.34396192,26.80759652,26.27123113,25.73486573,25.19850033,24.66213493,24.66213493,24.66213493,24.66213493,24.66213493,24.66213493,24.66213493,24.66213493,24.66213493,24.66213493
3,8,33.5899326,38.3227344,31.73961018,37.14529991,42.75407873,35.56297961,25.17635934,23.0181309,27.46051814,24.74340398,23.28752495,18.83714791,29.23455265,37.66098389,37.69829939,44.1214842,26.78979548,22.81527722,22.80450295,28.31477858,28.18253279,28.050287,27.91804121,27.78579542,27.65354963,27.52130384,27.38905805,27.25681226,27.12456647,26.99232068,26.86007489,26.86007489,26.86007489,26.86007489,26.86007489,26.86007489,26.86007489,26.86007489,26.86007489,26.86007489
3,9,38.70724262,40.79012216,37.17391573,42.9734606,46.32407167,38.52098406,28.18322083,24.75081823,31.54436126,33.55974437,29.37808005,22.58629785,28.07040339,35.93479953,42.73507243,50.05520161,31.72062394,24.96144608,26.83909569,30.56543261,30.78578326,31.00613391,31.22648456,31.44683522,31.66718587,31.88753652,32.10788717,32.32823782,32.54858847,32.76893912,32.98928978,32.98928978,32.98928978,32.98928978,32.98928978,32.98928978,32.98928978,32.98928978,32.98928978,32.98928978
3,10,44.99493561,45.10206112,44.61487361,50.12047594,53.19966553,46.62058608,36.13175696,31.17697922,40.55451673,45.08583208,38.59532558,29.67485115,31.12251942,39.70790997,50.36832983,52.59020068,40.15430071,30.60997264,33.58863665,36.1886508,36.82946493,37.47027906,38.1110932,38.75190733,39.39272147,40.0335356,40.67434973,41.31516387,41.955978,42.59679214,43.23760627,43.23760627,43.23760627,43.23760627,43.23760627,43.23760627,43.23760627,43.23760627,43.23760627,43.23760627
3,11,46.50315129,45.81948116,46.75387948,51.38270858,55.19967767,49.33735447,42.96256739,40.60650261,47.18783172,50.76557894,46.79364193,41.05517165,35.98877902,41.80198022,51.62658047,54.3175734,40.75431714,31.79486292,33.11304059,37.09752165,38.09091055,39.08429946,40.07768837,41.07107728,42.06446619,43.0578551,44.05124401,45.04463291,46.03802182,47.03141073,48.02479964,48.02479964,48.02479964,48.02479964,48.02479964,48.02479964,48.02479964,48.02479964,48.02479964,48.02479964
3,12,49.15232547,47.28188931,45.98208784,53.00793251,57.2691416,50.29979403,43.6074244,43.57084096,49.12503127,52.85474261,51.39880068,44.86499391,38.0747547,40.14353699,51.20099978,56.56022366,41.64111661,34.72096802,33.55243721,39.73660798,40.74468094,41.75275391,42.76082687,43.76889983,44.7769728,45.78504576,46.79311873,47.80119169,48.80926466,49.81733762,50.82541058,50.82541058,50.82541058,50.82541058,50.82541058,50.82541058,50.82541058,50.82541058,50.82541058,50.82541058
3,13,49.03145399,49.74265416,47.53679791,55.17264257,58.85955809,52.27065108,45.790746,47.71079303,52.54121694,55.63667943,54.18214708,47.15798945,42.57193303,45.062373,52.72997591,55.87244128,40.90562489,31.90598882,34.86843991,39.86199182,41.22515364,42.58831546,43.95147727,45.31463909,46.67780091,48.04096273,49.40412454,50.76728636,52.13044818,53.49361,54.85677181,54.85677181,54.85677181,54.85677181,54.85677181,54.85677181,54.85677181,54.85677181,54.85677181,54.85677181
3,14,48.93579567,49.80181901,48.23501077,55.51191768,58.9932178,52.24529076,47.16573009,47.29047311,50.96200253,56.75229647,54.76370525,45.14023716,36.8527706,42.10872303,52.09998947,54.20711087,36.32144107,29.59980037,33.12601312,37.0255684,38.63221025,40.2388521,41.84549395,43.4521358,45.05877766,46.66541951,48.27206136,49.87870321,51.48534506,53.09198691,54.69862877,54.69862877,54.69862877,54.69862877,54.69862877,54.69862877,54.69862877,54.69862877,54.69862877,54.69862877
3,15,49.43433575,50.90366457,48.86585322,56.27598179,62.11522161,52.99114229,46.71019464,45.37568913,51.2732085,57.36486333,54.58716003,43.29263931,34.09202833,39.32216341,51.09452752,46.42596982,29.72537971,28.18132097,29.54125211,32.87549565,35.01299684,37.15049803,39.28799922,41.42550041,43.5630016,45.70050279,47.83800398,49.97550517,52.11300636,54.25050755,56.38800874,56.38800874,56.38800874,56.38800874,56.38800874,56.38800874,56.38800874,56.38800874,56.38800874,56.38800874
3,16,51.12778199,53.06755635,49.55887719,56.51155032,61.88803986,55.17242647,49.50123748,44.58979658,50.03146817,59.24817465,56.01019111,45.72568666,30.61094124,38.28449959,53.76801024,44.74706336,28.03207503,27.30672774,28.32697545,30.3026148,32.87345721,35.44429961,38.01514202,40.58598442,43.15682683,45.72766923,48.29851164,50.86935404,53.44019645,56.01103885,58.58188126,58.58188126,58.58188126,58.58188126,58.58188126,58.58188126,58.58188126,58.58188126,58.58188126,58.58188126
3,17,52.12002497,55.11645833,50.11964203,56.88382913,65.325451,59.17445109,54.240121,45.29775697,48.5374016,59.70517118,59.58983183,52.50107878,29.44438558,35.1942691,54.11177899,43.30972211,25.85885277,27.0345709,26.96971685,28.4516195,31.1246135,33.79760749,36.47060149,39.14359549,41.81658949,44.48958348,47.16257748,49.83557148,52.50856548,55.18155947,57.85455347,57.85455347,57.85455347,57.85455347,57.85455347,57.85455347,57.85455347,57.85455347,57.85455347,57.85455347
3,18,52.88378841,57.97541328,54.57328398,59.28052341,65.40427284,61.67438317,56.08737413,47.62676411,50.6772432,60.3684946,61.5828165,57.53795191,34.31350987,39.92795763,60.12882632,54.5295093,34.724062,29.27594918,30.38878756,34.96856778,37.06507073,39.16157367,41.25807662,43.35457956,45.45108251,47.54758545,49.64408839,51.74059134,53.83709428,55.93359723,58.03010017,58.03010017,58.03010017,58.03010017,58.03010017,58.03010017,58.03010017,58.03010017,58.03010017,58.03010017
3,19,54.79951264,57.48350029,54.69208417,59.40613899,64.72158571,61.04274735,54.83073921,52.01937539,54.96001583,59.87121239,61.39833604,56.78253653,44.21049403,50.34187539,60.71793872,62.30546553,48.87802004,37.01743274,41.09141621,44.76205483,46.01174166,47.2614285,48.51111533,49.76080217,51.010489,52.26017584,53.50986267,54.75954951,56.00923634,57.25892318,58.50861001,58.50861001,58.50861001,58.50861001,58.50861001,58.50861001,58.50861001,58.50861001,58.50861001,58.50861001
3,20,61.62251279,58.49746025,55.86078782,60.26254307,65.29541117,61.75359654,55.91503528,53.58400651,56.59926783,60.55232644,61.58849832,58.11340346,49.45956439,54.28071867,61.98730077,64.04336874,63.85215861,54.63453702,57.614269,53.77704652,54.37366721,54.97028789,55.56690858,56.16352926,56.76014995,57.35677063,57.95339132,58.55001201,59.14663269,59.74325338,60.33987406,60.33987406,60.33987406,60.33987406,60.33987406,60.33987406,60.33987406,60.33987406,60.33987406,60.33987406
3,21,64.73531013,59.86028183,56.75459567,59.87402452,65.41688727,62.63117516,56.97152287,55.10450034,58.20592661,60.91148008,62.116671,59.03568605,54.63928439,57.91499012,62.86839595,68.86915093,66.0151335,61.40063949,60.73092642,56.98430074,57.36602691,57.74775309,58.12947926,58.51120543,58.89293161,59.27465778,59.65638395,60.03811013,60.4198363,60.80156248,61.18328865,61.18328865,61.18328865,61.18328865,61.18328865,61.18328865,61.18328865,61.18328865,61.18328865,61.18328865
3,22,66.23778978,59.44538203,57.31805171,60.25753647,64.33341859,61.42141587,57.05013102,55.62931865,58.63268246,60.83643333,61.56212129,58.22212011,54.68533378,56.988756,63.00044599,69.50044632,70.42624592,64.72589869,60.91953461,55.69284858,56.21795389,56.74305919,57.26816449,57.79326979,58.3183751,58.8434804,59.3685857,59.893691,60.41879631,60.94390161,61.46900691,61.46900691,61.46900691,61.46900691,61.46900691,61.46900691,61.46900691,61.46900691,61.46900691,61.46900691
3,23,68.68931502,60.209922,58.30807637,60.30708213,64.2385947,62.16737913,58.22682996,56.66596714,58.58986465,60.47211308,61.21498516,58.53479394,55.43051601,58.50468698,63.42254418,71.05479681,72.52371324,67.22555828,59.70904914,51.40232376,52.35081526,53.29930675,54.24779824,55.19628974,56.14478123,57.09327272,58.04176422,58.99025571,59.9387472,60.8872387,61.83573019,61.83573019,61.83573019,61.83573019,61.83573019,61.83573019,61.83573019,61.83573019,61.83573019,61.83573019
4,0,69.46400611,59.58709336,58.15916414,59.14967895,62.6287704,61.00792219,57.81635982,56.79604367,58.67304089,60.16733793,60.72690024,58.87041274,55.81382664,58.13947181,61.59546679,71.45562986,71.5549326,66.34315768,56.60931804,49.16210342,50.27245222,51.38280102,52.49314982,53.60349862,54.71384742,55.82419622,56.93454502,58.04489383,59.15524263,60.26559143,61.37594023,61.37594023,61.37594023,61.37594023,61.37594023,61.37594023,61.37594023,61.37594023,61.37594023,61.37594023
4,1,69.12816973,58.61812945,57.52861056,58.13435505,61.45873313,59.87623272,56.64464225,55.63323467,57.97041487,58.97243359,59.37859752,57.68967184,54.52694717,57.3664011,60.83232649,71.67333802,70.39144265,65.57675811,53.09070786,59.0274663,59.1439381,59.2604099,59.37688171,59.49335351,59.60982531,59.72629711,59.84276892,59.95924072,60.07571252,60.19218432,60.30865613,60.30865613,60.30865613,60.30865613,60.30865613,60.30865613,60.30865613,60.30865613,60.30865613,60.30865613
4,2,68.59980292,57.18785471,56.34310958,57.493489,60.64131463,58.3966983,55.43330493,54.77519647,56.91090578,58.19460006,57.82755218,56.59990679,53.71821277,56.41658144,60.24974239,70.65749036,71.34661531,65.48637663,52.79081652,56.75650505,56.97779095,57.19907686,57.42036277,57.64164867,57.86293458,58.08422049,58.30550639,58.5267923,58.74807821,58.96936411,59.19065002,59.19065002,59.19065002,59.19065002,59.19065002,59.19065002,59.19065002,59.19065002,59.19065002,59.19065002
4,3,68.4341259,56.83120274,55.35004966,56.71841114,60.05979384,57.82254127,54.00658593,52.67418665,55.49918861,57.62797776,57.84986268,55.789247,51.78027819,55.08900877,60.06641761,70.21076313,71.97457432,66.45456933,56.73724834,61.40373775,61.15958309,60.91542843,60.67127378,60.42711912,60.18296447,59.93880981,59.69465516,59.4505005,59.20634584,58.96219119,58.71803653,58.71803653,58.71803653,58.71803653,58.71803653,58.71803653,58.71803653,58.71803653,58.71803653,58.71803653
4,4,69.71110593,58.99602255,57.01606598,59.20078526,63.51035771,60.67981904,55.45362943,54.21161025,57.39905074,59.79529465,60.67685633,57.77093314,53.60946555,57.38922832,61.78979099,71.82916671,74.77817655,67.71081836,65.03011714,68.21685146,67.57951937,66.94218727,66.30485517,65.66752308,65.03019098,64.39285888,63.75552679,63.11819469,62.4808626,61.8435305,61.2061984,61.2061984,61.2061984,61.2061984,61.2061984,61.2061984,61.2061984,61.2061984,61.2061984,61.2061984
4,5,50.76656917,50.97087367,49.14725363,53.9029882,56.72116034,51.00081054,42.93388952,44.17117877,50.61385726,47.80341224,45.65569838,43.43647059,44.65564516,50.59316127,53.95998633,66.48502968,54.18964461,39.00704657,40.89257952,52.28637777,51.27967654,50.2729753,49.26627407,48.25957283,47.2528716,46.24617037,45.23946913,44.2327679,43.22606667,42.21936543,41.2126642,41.2126642,41.2126642,41.2126642,41.2126642,41.2126642,41.2126642,41.2126642,41.2126642,41.2126642
4,6,33.4345886,37.63472674,37.18526757,38.75204481,37.19005986,31.42899013,25.45859189,27.71475655,34.28624661,27.84777735,26.16827183,24.52833359,26.7479732,31.05719664,38.15504717,61.30121609,45.25074891,18.98342184,26.16131443,34.11384274,33.24637268,32.37890262,31.51143255,30.64396249,29.77649242,28.90902236,28.0415523,27.17408223,26.30661217,25.4391421,24.57167204,24.57167204,24.57167204,24.57167204,24.57167204,24.57167204,24.57167204,24.57167204,24.57167204,24.57167204
4,7,30.85169794,38.48953704,38.13353489,39.17070961,35.82273966,32.35094485,26.03459644,22.02923979,29.00727086,27.30823248,22.92157179,20.73879228,22.82557456,28.90806544,41.05357755,49.18309656,29.27881403,18.04053545,22.85283531,29.75769311,29.24618991,28.73468671,28.2231835,27.7116803,27.2001771,26.68867389,26.17717069,25.66566749,25.15416429,24.64266108,24.13115788,24.13115788,24.13115788,24.13115788,24.13115788,24.13115788,24.13115788,24.13115788,24.13115788,24.13115788
4,8,30.39332879,37.36773814,31.79533236,37.05237746,37.86502537,32.20139835,24.87507482,21.92694527,25.17111916,24.16280527,23.62865727,19.66339007,28.54938074,35.36891132,36.72491506,37.41073503,23.17189578,21.38671883,20.46397629,26.40601289,26.35385828,26.30170368,26.24954907,26.19739447,26.14523986,26.09308525,26.04093065,25.98877604,25.93662144,25.88446683,25.83231223,25.83231223,25.83231223,25.83231223,25.83231223,25.83231223,25.83231223,25.83231223,25.83231223,25.83231223
4,9,37.66290441,41.49743889,37.46285869,41.63364695,42.93278735,37.98292249,29.04413514,24.74310619,30.21445196,30.8955567,28.18757403,23.07180782,28.49435058,37.19217258,44.84088498,43.91317718,28.56529031,24.86317723,25.85072111,28.74879987,28.99635795,29.24391603,29.49147412,29.7390322,29.98659029,30.23414837,30.48170645,30.72926454,30.97682262,31.22438071,31.47193879,31.47193879,31.47193879,31.47193879,31.47193879,31.47193879,31.47193879,31.47193879,31.47193879,31.47193879
4,10,44.95786512,44.4706888,41.33686391,48.04914388,49.60432733,43.05734508,33.96376641,29.33318802,36.97859279,42.4178889,37.25188724,27.6639715,29.60487739,36.56600622,47.98259441,49.51459998,36.12093658,29.08069068,30.59218966,34.99928224,35.62665013,36.25401802,36.88138591,37.50875381,38.1361217,38.76348959,39.39085748,40.01822537,40.64559326,41.27296115,41.90032904,41.90032904,41.90032904,41.90032904,41.90032904,41.90032904,41.90032904,41.90032904,41.90032904,41.90032904
4,11,46.08439452,45.43896633,45.25447076,50.78909151,51.55227673,45.50732619,38.81654516,36.79465627,45.66344651,49.26453325,44.63629395,37.20670668,33.19571836,38.6127938,49.98784725,49.96905467,36.7681088,30.68117117,31.41893577,34.19746725,35.21839654,36.23932582,37.2602551,38.28118439,39.30211367,40.32304295,41.34397224,42.36490152,43.3858308,44.40676009,45.42768937,45.42768937,45.42768937,45.42768937,45.42768937,45.42768937,45.42768937,45.42768937,45.42768937,45.42768937
4,12,48.15582146,46.60945357,45.24072212,52.55020765,55.86507479,48.28626179,41.89448105,41.09939889,48.59543552,53.65835954,50.12978501,41.19005932,34.44905379,39.00645854,50.94639709,52.54213877,39.52995276,31.12293923,33.8857237,38.70852798,39.96904801,41.22956804,42.49008807,43.7506081,45.01112812,46.27164815,47.53216818,48.79268821,50.05320824,51.31372827,52.57424829,52.57424829,52.57424829,52.57424829,52.57424829,52.57424829,52.57424829,52.57424829,52.57424829,52.57424829
4,13,49.7883122,48.91823664,47.44730614,54.49588648,57.15667133,50.83435977,44.62522509,42.67955033,49.82076221,55.72566648,52.14416289,43.41193244,36.22872053,39.18591901,54.00914331,53.31035894,38.96646262,31.57531188,34.6733109,38.4116074,39.92378629,41.43596518,42.94814408,44.46032297,45.97250187,47.48468076,48.99685965,50.50903855,52.02121744,53.53339633,55.04557523,55.04557523,55.04557523,55.04557523,55.04557523,55.04557523,55.04557523,55.04557523,55.04557523,55.04557523
4,14,50.44463702,50.53135625,47.90242789,55.2888495,59.73991807,51.98750368,45.85705149,42.57795743,49.99305123,56.53526326,52.455044,42.92480305,31.77067409,36.96822417,53.60832005,50.44504444,32.51744932,29.15199849,31.79992128,34.56715826,36.35653251,38.14590676,39.93528101,41.72465525,43.5140295,45.30340375,47.092778,48.88215225,50.6715265,52.46090075,54.25027499,54.25027499,54.25027499,54.25027499,54.25027499,54.25027499,54.25027499,54.25027499,54.25027499,54.25027499
4,15,50.76942424,50.58311043,47.33722896,54.54917671,59.48557864,51.39109467,44.1906399,40.29839692,49.77034224,58.45530634,51.38453131,41.32104509,27.3967862,32.74861395,49.93535598,43.70984931,28.3486858,28.73615071,29.86724469,33.86755542,35.8725626,37.87756978,39.88257696,41.88758414,43.89259131,45.89759849,47.90260567,49.90761285,51.91262003,53.91762721,55.92263439,55.92263439,55.92263439,55.92263439,55.92263439,55.92263439,55.92263439,55.92263439,55.92263439,55.92263439
4,16,50.67145875,51.02360467,47.78604018,53.82430382,57.20371675,52.28204101,48.26832713,41.95085104,48.24616546,59.54795222,54.23705163,43.42095038,24.01519215,32.04106493,52.87791585,42.94634947,27.2729077,27.93149777,28.44997253,32.2359511,34.47849102,36.72103094,38.96357086,41.20611078,43.4486507,45.69119062,47.93373054,50.17627045,52.41881037,54.66135029,56.90389021,56.90389021,56.90389021,56.90389021,56.90389021,56.90389021,56.90389021,56.90389021,56.90389021,56.90389021
4,17,52.37473885,52.19699713,47.12868361,54.72638089,61.49743899,55.82706086,52.0362333,43.33660789,47.38725545,60.07901415,59.79182183,50.73987494,25.64208464,32.67887488,51.54417393,39.70865717,27.43993835,27.64092456,27.84073588,32.91129486,35.39985911,37.88842336,40.37698761,42.86555186,45.35411611,47.84268035,50.3312446,52.81980885,55.3083731,57.79693735,60.2855016,60.2855016,60.2855016,60.2855016,60.2855016,60.2855016,60.2855016,60.2855016,60.2855016,60.2855016
4,18,52.64985119,56.47890268,52.28438264,57.97338017,63.41594886,59.32106605,54.05198187,45.37775821,48.16908947,60.33385073,60.63856373,52.71192708,29.23878165,35.91162684,57.4278375,49.32625628,34.47149473,29.76030774,31.61404225,38.76096133,40.7512405,42.74151967,44.73179884,46.72207801,48.71235718,50.70263635,52.69291552,54.68319469,56.67347385,58.66375302,60.65403219,60.65403219,60.65403219,60.65403219,60.65403219,60.65403219,60.65403219,60.65403219,60.65403219,60.65403219
4,19,54.89516191,58.57691427,55.80568756,60.17837287,65.63754045,62.82217165,55.45925072,49.9540102,54.14028782,61.01860925,60.74387104,55.41648654,41.66701291,49.75578127,62.7910976,65.03060349,48.38562151,35.34599559,40.32078512,48.43419681,49.49877649,50.56335617,51.62793586,52.69251554,53.75709522,54.82167491,55.88625459,56.95083427,58.01541396,59.07999364,60.14457332,60.14457332,60.14457332,60.14457332,60.14457332,60.14457332,60.14457332,60.14457332,60.14457332,60.14457332
4,20,57.89133112,57.80033812,55.39239798,59.7228205,64.97117355,62.03241524,54.97092235,52.66774957,56.47944242,60.39840281,60.40444651,55.60113363,48.36009046,54.68679539,62.63730213,68.02370459,60.27899907,49.89917846,51.53825537,57.83338333,57.96719834,58.10101336,58.23482838,58.3686434,58.50245842,58.63627344,58.77008846,58.90390348,59.03771849,59.17153351,59.30534853,59.30534853,59.30534853,59.30534853,59.30534853,59.30534853,59.30534853,59.30534853,59.30534853,59.30534853
4,21,62.92847706,59.55238537,57.62555704,59.7178374,64.73611503,63.19538704,56.96799081,55.36513534,58.63240387,61.00697474,62.22923927,60.57299931,54.82734708,58.45953648,63.27948847,67.32840317,67.15659124,60.39339728,55.90370134,51.32592593,52.12147138,52.91701684,53.71256229,54.50810775,55.30365321,56.09919866,56.89474412,57.69028957,58.48583503,59.28138049,60.07692594,60.07692594,60.07692594,60.07692594,60.07692594,60.07692594,60.07692594,60.07692594,60.07692594,60.07692594
4,22,65.25744664,59.82905656,57.90988351,60.03012453,64.6711773,62.81885737,57.22993459,56.53422107,59.53933716,61.87430763,63.10707736,60.21975642,55.61134407,59.28018932,63.74546709,68.97075239,68.77134395,62.89767582,56.1770533,51.15570559,52.12138479,53.087064,54.05274321,55.01842241,55.98410162,56.94978083,57.91546003,58.88113924,59.84681845,60.81249766,61.77817686,61.77817686,61.77817686,61.77817686,61.77817686,61.77817686,61.77817686,61.77817686,61.77817686,61.77817686
4,23,68.25026457,61.16566492,59.22841292,60.85637974,64.61929828,63.60225853,59.47551197,58.61052951,60.47652771,62.01940024,63.31088746,61.68062793,57.85438749,61.03439329,64.52071472,72.41319823,73.73048407,68.11788109,58.36247374,57.22053372,57.77013631,58.31973889,58.86934148,59.41894406,59.96854665,60.51814923,61.06775182,61.6173544,62.16695699,62.71655958,63.26616216,63.26616216,63.26616216,63.26616216,63.26616216,63.26616216,63.26616216,63.26616216,63.26616216,63.26616216
5,0,70.1982568,61.46593526,60.47683008,60.78128462,63.68785286,63.08762019,59.65135378,59.12762726,60.97025183,61.96216278,62.78294212,61.47347662,58.22716858,60.96696923,65.08466653,71.36467491,74.27982346,68.40543787,56.73641902,61.25524918,61.41400757,61.57276596,61.73152434,61.89028273,62.04904112,62.2077995,62.36655789,62.52531628,62.68407466,62.84283305,63.00159144,63.00159144,63.00159144,63.00159144,63.00159144,63.00159144,63.00159144,63.00159144,63.00159144,63.00159144
5,1,69.95550084,60.45181342,59.19601279,59.52811984,63.08902967,61.92743301,58.71336092,58.35809112,60.37033508,61.44416711,61.92160701,60.39446653,57.54298571,59.95129342,63.11970797,71.86733818,73.39701911,68.0538081,54.07530183,63.23637663,63.15888019,63.08138374,63.00388729,62.92639084,62.84889439,62.77139795,62.6939015,62.61640505,62.5389086,62.46141215,62.38391571,62.38391571,62.38391571,62.38391571,62.38391571,62.38391571,62.38391571,62.38391571,62.38391571,62.38391571
5,2,70.14527411,59.75469764,58.24017015,58.50767924,62.10385602,60.95762221,57.47117454,57.09462114,59.46414013,60.87541453,61.18155565,59.55984482,56.32809724,58.420483,61.31065635,72.71834585,72.9315451,67.65524724,53.99130421,61.82250458,61.78773949,61.75297439,61.7182093,61.68344421,61.64867912,61.61391402,61.57914893,61.54438384,61.50961875,61.47485365,61.44008856,61.44008856,61.44008856,61.44008856,61.44008856,61.44008856,61.44008856,61.44008856,61.44008856,61.44008856
5,3,69.33476296,58.60752618,57.1477284,57.35509942,60.97700512,59.78818338,55.60653119,54.86486267,57.75051267,59.49274887,59.89891628,58.03976639,54.0530515,57.40711398,60.82039696,72.40532678,71.8287963,66.90923203,56.34895712,64.15872141,63.79697655,63.43523169,63.07348683,62.71174197,62.34999711,61.98825225,61.6265074,61.26476254,60.90301768,60.54127282,60.17952796,60.17952796,60.17952796,60.17952796,60.17952796,60.17952796,60.17952796,60.17952796,60.17952796,60.17952796
5,4,70.49854454,59.82279016,58.70192653,59.563514,63.36711789,62.04446832,56.78603008,56.35642082,59.62513346,61.34185354,62.19349725,59.93207088,55.87990128,59.27515848,63.53200792,73.86909124,74.88449132,70.01783555,64.83328678,68.64344363,68.05412235,67.46480107,66.87547979,66.28615851,65.69683724,65.10751596,64.51819468,63.9288734,63.33955212,62.75023084,62.16090957,62.16090957,62.16090957,62.16090957,62.16090957,62.16090957,62.16090957,62.16090957,62.16090957,62.16090957
5,5,54.99299702,53.48222769,51.23783878,55.69033337,60.6512649,55.57301344,45.47943159,45.44402235,51.74462158,50.64520402,48.17029996,45.17204062,45.83399124,52.43496146,56.78391057,67.80822465,60.79196487,45.81344085,48.4604386,56.5584695,55.45371815,54.3489668,53.24421545,52.1394641,51.03471274,49.92996139,48.82521004,47.72045869,46.61570734,45.51095599,44.40620464,44.40620464,44.40620464,44.40620464,44.40620464,44.40620464,44.40620464,44.40620464,44.40620464,44.40620464
5,6,48.42812927,45.05160486,40.1309502,46.44697879,50.55693624,40.43335414,28.48965225,26.87297339,34.51669929,32.30157263,29.54416371,24.72808506,23.7738723,31.01812449,45.75977052,60.45675691,67.95541258,63.69148284,51.68747773,54.89284398,52.80739107,50.72193817,48.63648527,46.55103236,44.46557946,42.38012656,40.29467365,38.20922075,36.12376785,34.03831495,31.95286204,31.95286204,31.95286204,31.95286204,31.95286204,31.95286204,31.95286204,31.95286204,31.95286204,31.95286204
5,7,45.3960443,44.75284348,41.17343378,46.28908047,50.84692036,42.9933508,29.65456621,23.65318453,31.11187524,31.25953276,27.29846145,22.42953355,24.45877178,35.14375761,46.81205522,60.01177136,57.47882627,42.54308173,43.40847395,45.68201508,44.39449098,43.10696689,41.81944279,40.53191869,39.2443946,37.9568705,36.6693464,35.38182231,34.09429821,32.80677412,31.51925002,31.51925002,31.51925002,31.51925002,31.51925002,31.51925002,31.51925002,31.51925002,31.51925002,31.51925002
5,8,44.61023524,45.75790641,37.69280651,42.42315027,49.51418842,44.41710546,30.76165279,24.13901866,29.22763913,30.2274037,28.63031381,22.23896393,30.81715745,42.86458013,45.80736292,53.53756252,49.22181994,34.42479698,35.97492885,40.32523441,39.58986271,38.85449101,38.11911932,37.38374762,36.64837592,35.91300422,35.17763253,34.44226083,33.70688913,32.97151743,32.23614574,32.23614574,32.23614574,32.23614574,32.23614574,32.23614574,32.23614574,32.23614574,32.23614574,32.23614574
5,9,46.91063378,47.32632093,43.78439085,49.12995363,54.25216822,48.00663629,35.77663475,30.24684284,37.07976405,42.18847405,38.70756138,29.30938775,32.0410553,44.07004493,52.2423996,57.56139765,47.28731732,34.26488339,36.64374811,41.91093056,42.10310383,42.2952771,42.48745036,42.67962363,42.8717969,43.06397017,43.25614344,43.4483167,43.64048997,43.83266324,44.02483651,44.02483651,44.02483651,44.02483651,44.02483651,44.02483651,44.02483651,44.02483651,44.02483651,44.02483651
5,10,47.03708249,47.01342897,46.47327391,51.77302155,56.35498975,50.52991576,40.95804285,38.34999057,45.76094587,50.04655413,46.04864311,38.46513275,32.94392493,42.07138607,52.17834557,54.33489678,37.57871605,29.49242448,29.53269155,36.20921551,37.19168898,38.17416244,39.1566359,40.13910937,41.12158283,42.10405629,43.08652976,44.06900322,45.05147669,46.03395015,47.01642361,47.01642361,47.01642361,47.01642361,47.01642361,47.01642361,47.01642361,47.01642361,47.01642361,47.01642361
5,11,45.84982391,44.67588546,44.96916352,51.68812921,53.78837219,45.73225695,40.20589479,41.74605104,48.49573246,51.44741558,46.98880889,38.90011063,34.40615575,39.8382207,49.03222383,50.61122711,33.67751322,29.72213249,29.03219804,34.57386486,35.45715594,36.34044702,37.2237381,38.10702917,38.99032025,39.87361133,40.7569024,41.64019348,42.52348456,43.40677563,44.29006671,44.29006671,44.29006671,44.29006671,44.29006671,44.29006671,44.29006671,44.29006671,44.29006671,44.29006671
5,12,46.04406258,43.40809213,44.6216367,50.44923301,50.24632381,42.96031322,39.07727852,39.46265862,47.41163394,51.2753057,46.26225501,39.82780365,31.78911526,34.82054326,47.77692766,51.7940153,34.93768302,31.60437788,30.16873494,33.43998214,34.53528784,35.63059354,36.72589924,37.82120494,38.91651064,40.01181634,41.10712203,42.20242773,43.29773343,44.39303913,45.48834483,45.48834483,45.48834483,45.48834483,45.48834483,45.48834483,45.48834483,45.48834483,45.48834483,45.48834483
5,13,47.63228446,46.39893524,45.80213985,52.02663778,54.37105819,46.85947391,39.18532422,35.61211308,44.97985428,53.44659976,47.16739366,38.71249045,24.91061272,32.32015064,49.04998584,52.84850887,32.92001549,29.35126155,30.36873728,34.53067325,36.04097915,37.55128505,39.06159095,40.57189684,42.08220274,43.59250864,45.10281453,46.61312043,48.12342633,49.63373222,51.14403812,51.14403812,51.14403812,51.14403812,51.14403812,51.14403812,51.14403812,51.14403812,51.14403812,51.14403812
5,14,47.9766195,47.73271791,45.7362549,53.60726598,55.46868461,48.05178142,40.24846475,35.75916168,45.272252,56.29870688,48.70023751,40.53457365,24.75241324,31.96751393,49.28195666,43.23852679,30.24808221,29.87577865,29.52452063,31.99920024,33.7927209,35.58624156,37.37976223,39.17328289,40.96680355,42.76032422,44.55384488,46.34736554,48.14088621,49.93440687,51.72792753,51.72792753,51.72792753,51.72792753,51.72792753,51.72792753,51.72792753,51.72792753,51.72792753,51.72792753
5,15,49.03251649,46.93079756,44.7642866,52.53071228,54.79506537,44.56483365,37.34015565,31.48653656,44.32542338,58.57260429,47.80624179,37.7749403,17.19824885,24.2552254,44.03794969,38.56015455,27.72860321,27.751984,27.84413582,31.77309998,33.8060798,35.83905962,37.87203944,39.90501926,41.93799909,43.97097891,46.00395873,48.03693855,50.06991837,52.10289819,54.13587801,54.13587801,54.13587801,54.13587801,54.13587801,54.13587801,54.13587801,54.13587801,54.13587801,54.13587801
5,16,47.92123899,45.45155843,44.16087917,52.38911449,55.89835152,44.84630666,39.6040319,33.31248778,44.32427466,57.65151552,49.31561703,40.8395474,17.01500115,24.71025159,43.36741491,37.24759259,28.35578702,28.01788397,28.5194746,32.07049732,33.90139111,35.7322849,37.56317868,39.39407247,41.22496626,43.05586004,44.88675383,46.71764761,48.5485414,50.37943519,52.21032897,52.21032897,52.21032897,52.21032897,52.21032897,52.21032897,52.21032897,52.21032897,52.21032897,52.21032897
5,17,48.86648737,46.99518889,44.34196797,52.94561478,57.52232405,47.51430817,44.92756458,39.63335401,45.3227044,59.51832781,54.69920685,45.23708389,19.23934192,26.45937235,43.39571188,41.175721,27.39913032,26.79388505,27.84798725,30.10339459,32.57024325,35.03709192,37.50394059,39.97078926,42.43763793,44.9044866,47.37133527,49.83818394,52.3050326,54.77188127,57.23872994,57.23872994,57.23872994,57.23872994,57.23872994,57.23872994,57.23872994,57.23872994,57.23872994,57.23872994
5,18,51.77523649,51.32609872,47.69622413,55.84025193,58.98804009,50.99429207,47.5689262,40.43831812,45.68500573,59.87801474,54.25298341,40.14113323,20.9065716,31.97130308,49.54235889,47.25867307,34.11532351,28.62875695,29.89813064,34.02241626,36.29887653,38.57533681,40.85179708,43.12825736,45.40471763,47.68117791,49.95763818,52.23409846,54.51055873,56.78701901,59.06347928,59.06347928,59.06347928,59.06347928,59.06347928,59.06347928,59.06347928,59.06347928,59.06347928,59.06347928
5,19,52.3311027,54.1221312,51.53622085,58.36774745,62.729673,55.45626363,48.35698553,44.82607229,49.63090129,59.42066183,56.97424,47.21858926,31.88427003,43.08412442,55.41924042,59.72788973,42.70654075,30.09751797,34.23212646,40.04053528,41.72048126,43.40042723,45.08037321,46.76031919,48.44026517,50.12021114,51.80015712,53.4801031,55.16004907,56.83999505,58.51994103,58.51994103,58.51994103,58.51994103,58.51994103,58.51994103,58.51994103,58.51994103,58.51994103,58.51994103
5,20,54.35116967,56.21620902,53.95965077,59.94915177,63.44241553,58.1884261,51.65009869,49.28275013,53.86739992,60.52883721,58.55988963,50.87629788,39.22169577,48.26831605,61.0355506,67.51618425,49.91229801,33.15668484,39.224417,46.45794615,47.51245044,48.56695473,49.62145901,50.6759633,51.73046759,52.78497188,53.83947617,54.89398046,55.94848475,57.00298903,58.05749332,58.05749332,58.05749332,58.05749332,58.05749332,58.05749332,58.05749332,58.05749332,58.05749332,58.05749332
5,21,57.18684814,58.85999835,55.27655647,59.20650421,64.17957807,61.52123944,54.64012654,50.85307135,55.99739389,60.85345639,59.68793919,54.80142892,48.11803746,53.89435874,62.27296947,65.09646217,58.26268382,43.73159041,46.74904074,48.91388601,49.95092869,50.98797137,52.02501405,53.06205673,54.09909941,55.13614209,56.17318477,57.21022745,58.24727013,59.28431281,60.32135549,60.32135549,60.32135549,60.32135549,60.32135549,60.32135549,60.32135549,60.32135549,60.32135549,60.32135549
5,22,58.17671649,59.21363494,56.46863585,58.65480926,62.75270975,61.46703871,56.0451592,54.08612292,57.49579594,60.99893477,62.25435256,58.79029356,53.47174237,57.538781,61.72575298,65.0434751,59.70506687,54.15118918,49.27266124,45.02594027,46.45588888,47.88583749,49.3157861,50.74573471,52.17568332,53.60563193,55.03558054,56.46552915,57.89547776,59.32542637,60.75537498,60.75537498,60.75537498,60.75537498,60.75537498,60.75537498,60.75537498,60.75537498,60.75537498,60.75537498
5,23,63.46941656,61.19251303,59.41034618,61.19124814,63.97803674,63.03944926,59.01750005,58.47655577,61.03132623,62.32924298,63.99642383,62.75001247,58.58876729,59.91802751,63.67823612,70.15684409,65.93153729,58.92658973,54.91594475,49.26478077,50.4275264,51.59027203,52.75301766,53.91576329,55.07850892,56.24125455,57.40400018,58.56674581,59.72949144,60.89223707,62.0549827,62.0549827,62.0549827,62.0549827,62.0549827,62.0549827,62.0549827,62.0549827,62.0549827,62.0549827
6,0,69.58001382,63.18216697,61.42306059,62.57865007,66.08475959,64.99434853,61.32182395,61.03663709,62.5705255,63.31473743,64.87041218,63.98356308,61.21913401,62.71883643,65.78571154,72.93395536,71.05953597,64.67463831,58.82470478,57.54806872,58.16219971,58.77633071,59.3904617,60.00459269,60.61872369,61.23285468,61.84698567,62.46111667,63.07524766,63.68937865,64.30350965,64.30350965,64.30350965,64.30350965,64.30350965,64.30350965,64.30350965,64.30350965,64.30350965,64.30350965
6,1,72.02565927,63.41423173,61.91493742,62.7074918,65.81168255,64.82248934,61.81686209,61.85400713,63.39627849,64.10262316,65.12517543,64.03461996,61.72916449,63.25077468,65.85605702,73.73047341,72.93572304,67.54969363,56.27760964,53.1638422,54.2154243,55.26700639,56.31858848,57.37017058,58.42175267,59.47333476,60.52491685,61.57649895,62.62808104,63.67966313,64.73124523,64.73124523,64.73124523,64.73124523,64.73124523,64.73124523,64.73124523,64.73124523,64.73124523,64.73124523
6,2,72.160159,62.8093522,61.74622237,62.05428787,64.74300607,63.95269567,61.55026285,61.74953909,62.99619259,63.19978494,64.07850758,63.39744075,61.45927683,62.32675672,64.90942289,74.121004,73.8666296,67.25189532,54.37747124,49.46148897,50.76655874,52.07162851,53.37669828,54.68176804,55.98683781,57.29190758,58.59697735,59.90204712,61.20711689,62.51218665,63.81725642,63.81725642,63.81725642,63.81725642,63.81725642,63.81725642,63.81725642,63.81725642,63.81725642,63.81725642
6,3,70.89758075,61.22539978,59.53048263,60.75003646,63.30408473,62.08532593,59.69905268,59.86330615,61.25414822,61.59860661,62.53128063,61.56457427,59.47894344,61.11517924,64.0599823,73.1234425,69.78364141,63.28525837,53.85853635,55.64705882,56.21012719,56.77319555,57.33626392,57.89933229,58.46240065,59.02546902,59.58853738,60.15160575,60.71467411,61.27774248,61.84081085,61.84081085,61.84081085,61.84081085,61.84081085,61.84081085,61.84081085,61.84081085,61.84081085,61.84081085
6,4,71.25817077,61.20985044,60.02573009,60.47999253,63.53740596,62.48526171,59.28519262,59.13935263,60.99471153,61.55390763,62.48865619,61.36360895,58.89828693,61.19607698,63.68856217,73.49345064,73.03750065,65.95693489,57.10217609,52.70984163,53.60451602,54.4991904,55.39386479,56.28853918,57.18321357,58.07788796,58.97256234,59.86723673,60.76191112,61.65658551,62.5512599,62.5512599,62.5512599,62.5512599,62.5512599,62.5512599,62.5512599,62.5512599,62.5512599,62.5512599
6,5,71.54073813,62.72123486,61.02459269,62.26919814,65.63925296,64.19623398,60.18119391,59.46342546,62.00875517,63.3262065,64.258791,62.59460571,60.09474604,62.46288333,65.39062551,73.78782414,72.80909359,68.03134078,61.65476921,54.47365196,55.33979037,56.20592878,57.07206719,57.9382056,58.80434402,59.67048243,60.53662084,61.40275925,62.26889766,63.13503607,64.00117448,64.00117448,64.00117448,64.00117448,64.00117448,64.00117448,64.00117448,64.00117448,64.00117448,64.00117448
6,6,71.36787012,63.2403532,60.78717973,62.55910943,66.40428711,64.73251238,58.75445393,57.31841326,60.58079409,63.65407235,64.18934447,60.08824116,60.00487736,62.41893096,65.7096946,74.10403934,72.16695278,67.65005447,64.18117115,57.64935662,58.27723274,58.90510886,59.53298498,60.16086111,60.78873723,61.41661335,62.04448947,62.67236559,63.30024172,63.92811784,64.55599396,64.55599396,64.55599396,64.55599396,64.55599396,64.55599396,64.55599396,64.55599396,64.55599396,64.55599396
6,7,69.60744836,63.0766893,59.111274,61.85152137,66.9153649,65.06760565,58.12849686,54.9500598,58.41436912,62.35691607,63.12278258,58.38725851,56.0549894,61.90426867,65.46558361,73.33636475,73.78221539,66.38379491,64.11837899,64.01545285,64.03703575,64.05861865,64.08020154,64.10178444,64.12336734,64.14495024,64.16653314,64.18811604,64.20969894,64.23128184,64.25286474,64.25286474,64.25286474,64.25286474,64.25286474,64.25286474,64.25286474,64.25286474,64.25286474,64.25286474
6,8,61.61243271,59.86962749,55.18431325,59.49197678,64.42756174,61.45528946,54.25549704,52.62074199,54.74994463,60.30163873,60.98112729,52.65321466,50.71284199,57.68830555,61.03018564,67.58178331,68.5486495,57.84101116,54.82531745,59.51972441,59.79545045,60.07117648,60.34690252,60.62262856,60.8983546,61.17408063,61.44980667,61.72553271,62.00125874,62.27698478,62.55271082,62.55271082,62.55271082,62.55271082,62.55271082,62.55271082,62.55271082,62.55271082,62.55271082,62.55271082
6,9,52.80779954,50.58512003,47.47748699,52.94028863,56.75479273,50.0338761,43.4708854,44.34429297,50.44607789,56.61422986,52.84792438,40.45075009,37.51755982,44.50139224,49.23780708,63.36041182,50.80139164,41.87004332,38.60324055,52.46197917,52.71090549,52.9598318,53.20875812,53.45768444,53.70661076,53.95553708,54.2044634,54.45338972,54.70231604,54.95124236,55.20016868,55.20016868,55.20016868,55.20016868,55.20016868,55.20016868,55.20016868,55.20016868,55.20016868,55.20016868
6,10,50.42335188,47.79279237,43.57676545,51.22171129,57.23767873,50.06265346,40.72344392,40.59204279,45.19027939,52.01123476,48.59785661,37.42197253,33.07310219,40.48476521,46.88844852,57.23247366,44.61303052,35.42880678,32.57747166,43.10166262,43.70592637,44.31019011,44.91445385,45.51871759,46.12298134,46.72724508,47.33150882,47.93577256,48.54003631,49.14430005,49.74856379,49.74856379,49.74856379,49.74856379,49.74856379,49.74856379,49.74856379,49.74856379,49.74856379,49.74856379
6,11,47.90459793,44.66206314,42.90781949,49.98959513,51.56428559,43.90317437,37.62633311,39.86727702,46.40083305,51.1778452,47.30540712,36.76986061,31.86245844,37.13260281,44.52302422,53.68834367,41.11751776,34.25635113,34.81289027,38.24869603,39.03980705,39.83091807,40.62202909,41.41314011,42.20425113,42.99536215,43.78647317,44.57758418,45.3686952,46.15980622,46.95091724,46.95091724,46.95091724,46.95091724,46.95091724,46.95091724,46.95091724,46.95091724,46.95091724,46.95091724
6,12,48.62719789,45.37014859,42.78641423,51.18818717,51.93363247,42.07108562,38.44377045,38.33032021,45.07286889,51.84241044,47.23277419,37.15976433,28.46046595,32.79911173,43.33735393,55.87131477,41.70864429,31.8393346,32.64069942,37.21331631,38.35246696,39.49161761,40.63076826,41.76991891,42.90906956,44.04822021,45.18737086,46.32652151,47.46567216,48.60482281,49.74397346,49.74397346,49.74397346,49.74397346,49.74397346,49.74397346,49.74397346,49.74397346,49.74397346,49.74397346
6,13,50.6061723,48.13796412,43.71209858,51.91495873,55.66494597,46.63681908,39.57905469,36.90691007,43.4933177,54.42371812,49.06261084,34.96515616,26.27283661,32.57355053,45.68988564,58.85447502,43.46329232,32.55283264,33.87830483,39.25309563,40.7336111,42.21412656,43.69464203,45.17515749,46.65567296,48.13618842,49.61670389,51.09721935,52.57773482,54.05825028,55.53876575,55.53876575,55.53876575,55.53876575,55.53876575,55.53876575,55.53876575,55.53876575,55.53876575,55.53876575
6,14,53.705156,52.31231006,46.16127997,53.70846165,60.76419763,54.3729812,43.49613849,37.65477454,43.19730738,55.39270672,50.39029605,36.23303345,24.05759792,36.69086324,48.77981681,56.60568174,42.1064554,32.47762441,33.56572474,39.95009339,41.65339481,43.35669623,45.05999765,46.76329907,48.4666005,50.16990192,51.87320334,53.57650476,55.27980618,56.9831076,58.68640902,58.68640902,58.68640902,58.68640902,58.68640902,58.68640902,58.68640902,58.68640902,58.68640902,58.68640902
6,15,54.51708335,53.88939319,47.37195176,55.28122329,63.9200242,56.38871503,45.62591405,39.96551909,45.3450718,57.29455793,54.02565807,39.93900026,27.25315194,37.62437363,51.23489507,54.44596345,38.75511523,31.90460636,32.32187656,34.01433817,36.54455559,39.07477301,41.60499042,44.13520784,46.66542526,49.19564268,51.7258601,54.25607752,56.78629494,59.31651236,61.84672978,61.84672978,61.84672978,61.84672978,61.84672978,61.84672978,61.84672978,61.84672978,61.84672978,61.84672978
6,16,53.92225538,52.84474405,46.93503916,55.16355414,61.43977989,54.50406907,44.34119942,40.77674017,46.2233104,57.45721839,54.30614277,40.42224661,28.25550459,36.59711359,47.60498635,55.44776484,39.00320332,29.64591169,31.51273875,37.84658425,39.92762853,42.00867282,44.0897171,46.17076138,48.25180566,50.33284994,52.41389422,54.4949385,56.57598279,58.65702707,60.73807135,60.73807135,60.73807135,60.73807135,60.73807135,60.73807135,60.73807135,60.73807135,60.73807135,60.73807135
6,17,50.77521454,51.63411835,46.10726561,54.63065768,61.28147714,51.78289283,41.482382,39.10252248,45.52903835,55.37751067,51.98419213,35.84272619,27.02251583,36.40294467,48.28315717,54.02711175,37.18665711,28.204142,29.87944598,39.12811829,40.81402976,42.49994123,44.18585269,45.87176416,47.55767563,49.2435871,50.92949856,52.61541003,54.3013215,55.98723297,57.67314443,57.67314443,57.67314443,57.67314443,57.67314443,57.67314443,57.67314443,57.67314443,57.67314443,57.67314443
6,18,51.93564949,50.82199277,45.27807797,53.93034662,60.2400131,51.44658486,41.5309721,40.43601996,45.40999842,56.15831821,52.69890672,37.79083258,27.79719535,36.40514493,47.05397598,58.78823328,42.77211918,30.27834122,33.9739179,40.30186318,41.87081982,43.43977645,45.00873308,46.57768971,48.14664635,49.71560298,51.28455961,52.85351624,54.42247288,55.99142951,57.56038614,57.56038614,57.56038614,57.56038614,57.56038614,57.56038614,57.56038614,57.56038614,57.56038614,57.56038614
6,19,56.84489849,54.75115137,48.15744945,56.82174001,62.63169279,57.52600568,47.19986389,44.07966564,48.90234705,58.48074216,55.31220405,43.56335704,36.43813907,46.68459841,52.24192497,62.88898739,52.30719332,38.25472663,40.93065081,44.17014533,45.68808625,47.20602717,48.7239681,50.24190902,51.75984995,53.27779087,54.7957318,56.31367272,57.83161365,59.34955457,60.8674955,60.8674955,60.8674955,60.8674955,60.8674955,60.8674955,60.8674955,60.8674955,60.8674955,60.8674955
6,20,61.18111809,60.27247828,54.47253829,60.55887814,65.43136576,61.99888768,53.93501848,50.93859915,54.81550493,62.0674579,60.89726595,49.46922731,45.08946293,55.31222807,61.14748092,65.31095823,54.4516513,37.49637533,46.49184726,47.01776458,48.40067158,49.78357859,51.16648559,52.54939259,53.9322996,55.3152066,56.6981136,58.08102061,59.46392761,60.84683461,62.22974162,62.22974162,62.22974162,62.22974162,62.22974162,62.22974162,62.22974162,62.22974162,62.22974162,62.22974162
6,21,58.50709693,59.53234278,54.21326484,61.66737829,66.06452678,60.3732475,52.78254343,49.20646874,54.82120934,62.25568269,59.87237402,49.83091129,44.63140014,55.30869552,61.20869562,64.94547002,57.41648868,41.02175731,41.74372257,40.64074918,42.6129294,44.58510963,46.55728985,48.52947008,50.50165031,52.47383053,54.44601076,56.41819099,58.39037121,60.36255144,62.33473167,62.33473167,62.33473167,62.33473167,62.33473167,62.33473167,62.33473167,62.33473167,62.33473167,62.33473167
6,22,56.02240602,60.99845641,56.32092276,61.53666388,67.30610426,62.43278206,53.88577039,49.32508954,55.61570282,61.4870441,58.17282294,50.13858008,43.76858327,52.43120354,62.47259586,64.8064592,49.79995679,32.84545332,33.79295239,40.58359464,42.4352504,44.28690617,46.13856193,47.99021769,49.84187345,51.69352921,53.54518497,55.39684074,57.2484965,59.10015226,60.95180802,60.95180802,60.95180802,60.95180802,60.95180802,60.95180802,60.95180802,60.95180802,60.95180802,60.95180802
6,23,58.37178885,63.58837447,60.04832199,63.68457256,68.11712986,65.29231964,58.55367098,54.09678571,58.4890728,63.57932157,63.06514757,55.74836987,47.16205715,55.13729479,66.68352614,67.20031681,62.69303059,51.9576752,41.13288461,45.80610053,47.46233357,49.11856661,50.77479965,52.43103269,54.08726574,55.74349878,57.39973182,59.05596486,60.7121979,62.36843094,64.02466398,64.02466398,64.02466398,64.02466398,64.02466398,64.02466398,64.02466398,64.02466398,64.02466398,64.02466398
