weekdate,hour,716495,716499,718164,718165,763354,763361,763367,763372,763384,763392,763400,763408,763419,763424,763429,763439,763626,763663,763720,716484,774704,763434,716490,763304,764032
0,0,67.02324106,67.05946275,68.86774656,68.70426257,68.04854533,68.35110943,68.80178733,68.18726374,66.02959917,67.11363586,66.55715003,65.59954846,66.5087782,66.75187263,68.5496061,68.13882042,68.09342065,68.28654266,68.28654266,68.28654266,68.28654266,68.28654266,68.28654266,68.28654266,68.28654266
0,1,67.22434837,67.23985447,68.9245408,68.51812938,67.7790902,67.97346815,68.45441728,68.32598438,66.63175249,67.47749827,66.83685745,66.05068897,67.40407342,67.69097345,68.78444744,68.22324006,67.58904191,68.13183394,68.13183394,68.13183394,68.13183394,68.13183394,68.13183394,68.13183394,68.13183394
0,2,67.35567999,67.36338653,68.73148564,68.28159975,67.36528093,67.7762023,68.42705205,68.39971245,67.11561405,67.74688547,67.10995147,66.38307217,67.48504825,67.6751793,68.90045565,68.14845193,67.17392226,67.98430996,67.98430996,67.98430996,67.98430996,67.98430996,67.98430996,67.98430996,67.98430996
0,3,66.54743246,67.05342685,68.64272261,68.02656616,66.75798412,67.01137647,67.53286692,67.6697645,66.55506888,67.43638391,66.79127956,65.61323661,66.80924347,67.08232712,68.25479344,67.53942635,66.23511632,67.1798266,67.1798266,67.1798266,67.1798266,67.1798266,67.1798266,67.1798266,67.1798266
0,4,66.03332797,66.66516374,68.30521654,67.75671472,66.11194348,66.28863555,66.91414743,67.32563691,66.24941546,67.19793193,66.65035859,65.51316302,66.87120595,67.04510379,68.2367975,67.2319026,65.51731882,66.3665183,66.3665183,66.3665183,66.3665183,66.3665183,66.3665183,66.3665183,66.3665183
0,5,66.08691926,66.97923479,68.54747157,67.88189747,66.50323997,66.43190722,67.15852414,67.59750749,66.45711175,67.42234195,66.36188938,65.19759136,66.67616421,66.94504627,68.32203046,67.2912037,65.63362771,66.70633902,66.70633902,66.70633902,66.70633902,66.70633902,66.70633902,66.70633902,66.70633902
0,6,66.93844738,67.30480543,68.62046028,68.58209946,67.53012122,67.38832893,67.71677875,68.13213942,66.89814794,67.55706689,66.27762141,65.11822725,66.65310773,66.82703287,68.32075841,68.15144562,67.29035688,67.73006404,67.73006404,67.73006404,67.73006404,67.73006404,67.73006404,67.73006404,67.73006404
0,7,67.56569692,67.53992506,68.91024553,68.94594158,68.28955031,68.20840558,68.55341804,68.58227157,67.05607821,67.61624057,66.24371092,65.40481539,66.38149086,66.39071828,68.38490366,68.51668301,68.19005009,68.40963206,68.40963206,68.40963206,68.40963206,68.40963206,68.40963206,68.40963206,68.40963206
0,8,67.30695114,67.08891131,68.47584017,68.89035354,68.40937219,68.40322636,68.73015232,68.63438198,66.59814778,67.23268947,66.12034035,65.02385975,65.16314973,65.20942694,67.96797099,68.44419299,68.56681353,68.64108804,68.64108804,68.64108804,68.64108804,68.64108804,68.64108804,68.64108804,68.64108804
0,9,66.90230028,65.01652649,66.45410277,68.5535282,68.58525983,68.54093197,68.93447953,67.23856066,62.74932579,64.01309346,63.32011833,60.94990241,60.40915305,60.4826718,64.53449708,67.94652006,68.73119618,68.75835026,68.75835026,68.75835026,68.75835026,68.75835026,68.75835026,68.75835026,68.75835026
0,10,65.24134263,57.9145325,61.50628384,67.02724055,68.28912866,68.42751047,68.88553594,61.82002863,54.00390087,57.30041054,57.94119568,54.03585425,51.90085744,49.67787402,57.66179023,66.30884532,68.56722365,68.45288774,68.45288774,68.45288774,68.45288774,68.45288774,68.45288774,68.45288774,68.45288774
0,11,61.5021843,49.72201926,53.4137377,63.97918912,68.42752438,68.49373679,68.10082409,56.57353613,47.69719131,52.3407373,51.66843782,46.4954322,43.90899097,38.51541383,48.5875791,63.99349719,68.56119179,67.44468012,67.44468012,67.44468012,67.44468012,67.44468012,67.44468012,67.44468012,67.44468012
0,12,60.79713792,45.10356628,47.18931245,60.50145756,67.33259828,67.67016606,67.61450254,56.61965708,45.67593793,48.15081488,45.92838797,38.60767819,36.2843916,31.79752757,40.57505106,59.68709137,68.17132345,67.16970597,67.16970597,67.16970597,67.16970597,67.16970597,67.16970597,67.16970597,67.16970597
0,13,58.88275179,43.95074433,46.33872013,57.18943121,67.43564829,67.5526778,67.53152223,54.06091051,40.32389388,44.25995367,44.05211817,38.19450327,37.24300738,33.4988171,40.2229647,60.17967833,67.74744357,66.48330792,66.48330792,66.48330792,66.48330792,66.48330792,66.48330792,66.48330792,66.48330792
0,14,59.27973666,46.50384957,46.72458009,55.16607155,66.60342963,67.00453268,66.91143124,53.58327936,41.34568564,46.27245437,46.79728418,41.97535802,40.48708121,36.39196944,41.12328592,57.01334701,67.46503629,66.01017408,66.01017408,66.01017408,66.01017408,66.01017408,66.01017408,66.01017408,66.01017408
0,15,62.59307303,55.59081181,50.59826106,54.04239733,67.10015643,67.72511965,67.26478322,57.00881333,48.86372264,54.96217895,56.39308842,53.88681611,51.21475914,44.37037495,43.7714195,55.47099236,66.91449887,66.10372543,66.10372543,66.10372543,66.10372543,66.10372543,66.10372543,66.10372543,66.10372543
0,16,64.09988246,58.39309374,57.02381626,57.42616923,67.53085465,67.65303541,67.87209625,58.57167336,49.7765365,56.01828985,59.80192782,57.99310176,57.00478299,52.71811841,50.27784241,59.48501206,67.60712405,67.11087077,67.11087077,67.11087077,67.11087077,67.11087077,67.11087077,67.11087077,67.11087077
0,17,63.79173631,55.63695915,54.18694003,61.47703559,67.40789287,67.78595269,68.17672253,57.97849682,49.5450794,55.79137785,57.15155465,53.40487332,52.67634439,47.46110068,47.86863038,59.21757995,67.18999903,67.14101141,67.14101141,67.14101141,67.14101141,67.14101141,67.14101141,67.14101141,67.14101141
0,18,64.65106358,57.92665652,58.08897616,63.91084218,67.42743857,67.59100217,67.86681541,61.94272562,54.0466842,57.94604908,59.26279552,56.50414825,55.34053632,52.68896783,54.70209225,63.05542474,66.92073315,67.67898407,67.67898407,67.67898407,67.67898407,67.67898407,67.67898407,67.67898407,67.67898407
0,19,65.53259595,61.4669884,63.01096936,66.81922113,67.23762831,67.62796238,68.16361866,64.00360107,57.69368323,60.97804241,61.53886174,59.96552258,58.39348904,54.17067562,59.45507715,65.20311819,66.89695926,67.82351264,67.82351264,67.82351264,67.82351264,67.82351264,67.82351264,67.82351264,67.82351264
0,20,64.67342973,59.02184927,62.85826872,66.3665413,66.79879156,67.1281251,68.0681846,62.6929322,55.68581841,59.85692485,61.33379291,57.53993049,55.78070887,53.22538932,59.78326549,64.79567626,66.43907438,66.97383832,66.97383832,66.97383832,66.97383832,66.97383832,66.97383832,66.97383832,66.97383832
0,21,65.27673898,60.85757538,65.27639891,67.45348357,67.34283425,67.65474157,68.16814416,63.93923351,57.57530193,60.77566025,61.61918783,58.22132293,56.72829173,54.93680399,60.89967272,65.39225127,67.13396849,67.15884045,67.15884045,67.15884045,67.15884045,67.15884045,67.15884045,67.15884045,67.15884045
0,22,66.95263727,66.42507704,68.43518285,68.62162813,67.74454405,68.01369961,68.54478735,67.29866723,64.35867133,65.80887803,65.8525608,64.46002433,64.54899448,64.72804595,66.9713745,67.18181379,67.9472606,68.03869449,68.03869449,68.03869449,68.03869449,68.03869449,68.03869449,68.03869449,68.03869449
0,23,67.20918491,67.15714218,68.82321085,68.66090569,67.81221558,67.9918244,68.39425584,68.36798905,66.44611415,67.04805014,66.53345922,65.63872144,66.86930935,67.13632468,68.58943175,68.50640205,68.11079634,68.34761552,68.34761552,68.34761552,68.34761552,68.34761552,68.34761552,68.34761552,68.34761552
1,0,66.83557711,67.1185534,68.80881032,68.58641762,67.53784478,67.8023582,68.11744969,68.23892386,66.76909926,67.43816833,66.94477565,66.01261206,67.31788404,67.59710088,68.64896317,68.30316254,67.5590116,67.94867151,67.94867151,67.94867151,67.94867151,67.94867151,67.94867151,67.94867151,67.94867151
1,1,66.05557647,66.28667345,68.26817693,67.79158702,66.33816306,66.63197022,67.03732338,67.01297538,65.82695785,67.05827916,66.85770464,65.30982047,66.30923737,66.69835654,67.80457842,67.64300654,66.79216429,67.12979914,67.12979914,67.12979914,67.12979914,67.12979914,67.12979914,67.12979914,67.12979914
1,2,64.88383872,65.93970139,68.21090271,67.51539589,65.87969901,65.90700885,66.22707791,66.40958324,65.12977026,66.58598142,66.6967823,64.97634777,65.98526666,66.28583476,67.45427161,67.09154432,66.11861003,66.39986873,66.39986873,66.39986873,66.39986873,66.39986873,66.39986873,66.39986873,66.39986873
1,3,64.17395947,65.44377934,67.71963498,67.47866951,65.20176521,64.94182873,65.04276612,65.38297822,64.18895049,66.07456104,66.15884299,63.64197612,64.61952906,65.03793533,66.43559445,66.171508,65.20121743,65.58458818,65.58458818,65.58458818,65.58458818,65.58458818,65.58458818,65.58458818,65.58458818
1,4,64.80162654,66.11689218,68.01300384,67.93993448,66.17501281,65.386169,65.32843946,65.77611827,64.43575736,66.20377886,65.85699325,63.80361623,65.46110609,65.72881174,67.17431259,67.05029482,65.74056664,65.85294622,65.85294622,65.85294622,65.85294622,65.85294622,65.85294622,65.85294622,65.85294622
1,5,64.8285467,60.29222183,61.71748496,67.41243408,66.02678078,65.08330785,65.46140964,65.23418321,60.70167063,61.71977331,59.60748762,53.90844632,53.4496813,51.85754753,58.49274524,65.1062736,65.5381322,66.39012975,66.39012975,66.39012975,66.39012975,66.39012975,66.39012975,66.39012975,66.39012975
1,6,60.47870351,41.65868158,42.16813077,58.11462985,62.47031905,61.96405943,62.96564156,59.11238124,45.92130503,41.1181557,35.90137531,26.51204691,24.96494413,24.01450354,32.41404229,50.77713916,57.73677832,62.21012979,62.21012979,62.21012979,62.21012979,62.21012979,62.21012979,62.21012979,62.21012979
1,7,52.95418252,30.6980538,34.64021266,51.13277938,61.71652852,62.66969417,61.85977057,49.65335859,32.05302362,28.81536466,25.74586839,19.46254879,17.87196555,18.38752389,23.83874977,42.57827206,57.28261661,59.20588561,59.20588561,59.20588561,59.20588561,59.20588561,59.20588561,59.20588561,59.20588561
1,8,55.57408785,33.87538566,38.0182411,54.97839657,62.30236196,63.86123519,64.10918949,54.85873863,38.41720493,32.8240494,28.23214253,20.62538599,18.15069762,18.2239677,22.95669564,42.78187273,60.1114649,63.11765506,63.11765506,63.11765506,63.11765506,63.11765506,63.11765506,63.11765506,63.11765506
1,9,59.10689515,41.80599882,44.62951444,56.40873546,62.45423979,63.10474267,63.84399854,58.62588006,46.37474506,42.93137012,38.95414129,30.02469342,25.31518766,24.72983255,26.72770796,45.47589091,62.05217184,64.33603112,64.33603112,64.33603112,64.33603112,64.33603112,64.33603112,64.33603112,64.33603112
1,10,61.03856471,50.1079164,53.48340094,58.35991297,62.61010986,63.45865403,63.59057908,59.27263581,49.21324301,50.80623776,50.501549,42.74786505,38.87436214,34.36935211,37.51041233,52.20992434,63.00917213,64.1227121,64.1227121,64.1227121,64.1227121,64.1227121,64.1227121,64.1227121,64.1227121
1,11,59.75309908,48.59347658,54.28455183,61.60115006,62.39623683,63.69167603,63.90503485,57.01226812,45.89175161,50.40552299,50.47645526,43.7047799,39.59385795,34.80672451,42.70167556,55.99419137,63.02628554,64.32401552,64.32401552,64.32401552,64.32401552,64.32401552,64.32401552,64.32401552,64.32401552
1,12,59.18597732,48.087837,52.0254838,60.09576539,62.57199944,63.91317171,63.94014519,57.25142491,47.38726939,50.57630333,50.63421384,43.51515966,39.48002091,34.41874824,43.7927606,57.4985394,63.41973875,63.41294819,63.41294819,63.41294819,63.41294819,63.41294819,63.41294819,63.41294819,63.41294819
1,13,60.03131089,52.26268788,51.70741745,55.52449472,61.27184179,63.67576617,62.96431926,57.87978374,50.61819165,54.94997766,54.0896321,47.65734015,42.55851511,35.98553979,43.10248052,55.15562157,63.32701921,63.11036502,63.11036502,63.11036502,63.11036502,63.11036502,63.11036502,63.11036502,63.11036502
1,14,60.13250824,53.91998373,44.79676189,46.84990245,57.66894905,61.89976392,62.74056582,56.89707801,47.91200079,52.20974557,54.73123486,50.8432856,46.48865776,40.20251316,43.19548047,51.72367148,61.26443108,62.92935347,62.92935347,62.92935347,62.92935347,62.92935347,62.92935347,62.92935347,62.92935347
1,15,59.05330304,55.21700949,44.21299402,44.13477743,59.69245245,61.72811884,62.02942747,52.68665186,43.50212043,50.23289346,55.87380863,55.13330584,52.05918718,45.81257272,42.08464278,47.62554466,60.31551854,60.43255906,60.43255906,60.43255906,60.43255906,60.43255906,60.43255906,60.43255906,60.43255906
1,16,57.88288068,56.66905659,44.62504021,45.55706723,59.69286734,59.46900995,56.49279811,46.96934883,42.8067258,51.74945009,57.19109692,57.53571472,57.23847619,57.91771513,54.45950608,48.02164297,57.35425234,56.16715647,56.16715647,56.16715647,56.16715647,56.16715647,56.16715647,56.16715647,56.16715647
1,17,59.17850495,58.16652426,43.99863219,45.43701599,59.00480624,56.8397544,56.56191449,48.65660552,44.87904543,54.57915513,58.92421509,58.70253534,58.70907635,59.38734599,55.67060701,48.02432087,55.30057924,56.9797414,56.9797414,56.9797414,56.9797414,56.9797414,56.9797414,56.9797414,56.9797414
1,18,63.89497673,61.96254544,45.01155312,46.16665045,64.01550145,64.81694901,65.20779183,59.94317693,53.61600837,59.2425265,62.07745333,60.95572443,61.15555133,61.74730743,57.12112472,55.30476596,62.80771449,64.75100442,64.75100442,64.75100442,64.75100442,64.75100442,64.75100442,64.75100442,64.75100442
1,19,65.84711416,64.63295929,58.71073877,58.37255248,64.89017033,66.6803712,67.52938335,65.14843418,60.36606611,63.23137378,63.93289242,62.0393056,62.1761928,62.99957888,64.06815797,62.69470954,64.52217147,66.57499933,66.57499933,66.57499933,66.57499933,66.57499933,66.57499933,66.57499933,66.57499933
1,20,66.09979694,65.64329671,67.52657087,65.9082374,65.13213101,66.6140718,67.60089499,66.04030491,61.99782261,64.38525006,65.03379044,63.28005758,63.27740608,63.62107512,66.4847792,65.69319467,65.51635391,66.76454448,66.76454448,66.76454448,66.76454448,66.76454448,66.76454448,66.76454448,66.76454448
1,21,65.21175601,64.78807149,67.99062239,66.02610392,65.16979777,66.68596424,67.2492245,66.16350433,61.90123261,64.3347523,64.49353276,62.39892957,63.24916175,64.40660777,67.04001181,66.23853479,65.96112097,66.74843026,66.74843026,66.74843026,66.74843026,66.74843026,66.74843026,66.74843026,66.74843026
1,22,65.6514953,65.93168163,68.39790656,67.4605156,65.83408313,66.94058342,67.83170807,66.71816434,63.74427561,65.50061443,65.04815375,63.86106776,64.70303808,65.27972765,67.39880265,67.59632398,66.8925063,66.65029135,66.65029135,66.65029135,66.65029135,66.65029135,66.65029135,66.65029135,66.65029135
1,23,65.13951762,65.82127677,68.44936247,67.12692346,65.23761,66.62406583,67.0941578,66.35184173,64.3603644,65.61689464,65.48939875,64.16177156,65.33908358,65.5176557,67.22347418,67.49116649,66.46471978,65.74936716,65.74936716,65.74936716,65.74936716,65.74936716,65.74936716,65.74936716,65.74936716
2,0,65.03370549,65.9353181,68.25659972,65.58820338,63.53843365,65.69897056,66.3243295,66.70194754,65.22755045,66.21699663,66.34841586,64.16415747,65.70164142,66.18938212,67.67680477,66.59667075,64.68021762,65.64121729,65.64121729,65.64121729,65.64121729,65.64121729,65.64121729,65.64121729,65.64121729
2,1,64.13941275,65.59905675,68.07039381,65.20886906,62.4542455,64.43267655,64.99716419,65.58497429,64.3232289,66.11455623,66.28356251,63.54436333,64.65714803,64.64342875,66.18633203,65.31141392,63.20938562,64.48667779,64.48667779,64.48667779,64.48667779,64.48667779,64.48667779,64.48667779,64.48667779
2,2,63.65713161,65.27503588,67.79732862,65.46198259,62.70137018,64.10402432,64.61270698,65.09611274,63.64743975,65.818146,66.07518824,63.64614387,64.51320827,64.82641047,66.47798944,65.54154579,63.71095343,64.54087699,64.54087699,64.54087699,64.54087699,64.54087699,64.54087699,64.54087699,64.54087699
2,3,63.67716681,65.21760012,67.5819585,67.07328164,64.54601799,64.33619078,64.46996887,64.80205947,63.3339562,65.64361624,65.97355231,63.22050671,64.15530675,64.47039711,65.94711471,65.79028822,65.14002649,65.31355109,65.31355109,65.31355109,65.31355109,65.31355109,65.31355109,65.31355109,65.31355109
2,4,64.43504638,66.01794727,67.91120795,67.73822306,65.45964004,65.06631364,65.04564573,65.44525201,64.01758959,65.90353323,65.67873121,63.67484768,65.12831653,65.38218768,67.09442483,66.74568142,65.57967976,65.815298,65.815298,65.815298,65.815298,65.815298,65.815298,65.815298,65.815298
2,5,63.82845948,57.86757196,60.87633859,67.22033179,65.67010833,64.4825292,65.07265553,64.16734041,57.22952376,57.88296206,56.68229623,51.52723526,50.96943874,49.43791086,57.24536918,64.83758942,65.48004958,66.27465594,66.27465594,66.27465594,66.27465594,66.27465594,66.27465594,66.27465594,66.27465594
2,6,55.42230666,33.82422704,39.61586782,54.53377611,58.80269501,60.83992249,62.12266873,52.28304895,34.22188274,31.30754621,28.5499645,22.10794263,21.17255212,18.97823691,28.02151215,46.78930056,53.54052411,57.14269361,57.14269361,57.14269361,57.14269361,57.14269361,57.14269361,57.14269361,57.14269361
2,7,47.60633381,23.33834721,30.0119861,45.00301551,56.51983627,59.71377425,57.74049575,41.16964204,22.78804053,21.44269646,19.95961812,14.29126735,13.35039212,12.16757718,16.95587653,35.14718286,50.16917985,50.54766966,50.54766966,50.54766966,50.54766966,50.54766966,50.54766966,50.54766966,50.54766966
2,8,49.2939344,24.98260079,28.63245123,48.26665903,59.99185299,61.21512675,59.32238651,46.36740372,27.49849381,23.05493573,20.16891527,14.97274687,13.70104498,11.93086805,15.99088969,34.85006951,53.54609513,56.69140393,56.69140393,56.69140393,56.69140393,56.69140393,56.69140393,56.69140393,56.69140393
2,9,53.74003264,33.2636191,36.5764476,49.82488535,60.53213142,61.02425447,61.03310281,51.86796479,35.17618341,29.94822738,27.77849659,22.9496036,20.80708385,18.21604354,20.71064626,37.49678795,57.54798488,60.43222994,60.43222994,60.43222994,60.43222994,60.43222994,60.43222994,60.43222994,60.43222994
2,10,55.19865725,41.68830665,45.59018696,54.38672926,61.36046202,62.4149048,61.17626621,51.0547974,39.82120659,43.10177832,42.53497417,35.16810025,33.16171699,28.82664921,30.78839104,44.86653714,61.40114961,61.26624767,61.26624767,61.26624767,61.26624767,61.26624767,61.26624767,61.26624767,61.26624767
2,11,56.1223406,46.77787381,51.30838651,57.18858184,61.22032624,62.7423336,62.14502649,51.86991093,42.06714241,48.35811213,49.37838233,42.66317039,38.34322549,33.23951214,39.54856738,50.87647559,62.24628281,61.67352355,61.67352355,61.67352355,61.67352355,61.67352355,61.67352355,61.67352355,61.67352355
2,12,58.48031392,48.98833582,51.75695933,57.66743637,61.58808135,62.98623489,63.59166195,55.61277124,45.4397888,49.71934531,51.28567194,44.82264353,40.42594714,33.8436169,41.67414545,56.15670301,62.68986659,63.45629505,63.45629505,63.45629505,63.45629505,63.45629505,63.45629505,63.45629505,63.45629505
2,13,59.79550784,50.18573943,50.40449618,54.25756254,60.07369566,63.05944964,63.91866919,56.32104397,47.05030227,51.3986656,52.49430413,45.67277284,41.50494034,35.88955142,41.36126573,55.2710991,62.22537594,63.24339859,63.24339859,63.24339859,63.24339859,63.24339859,63.24339859,63.24339859,63.24339859
2,14,59.38092264,53.38662715,43.67669392,40.98402738,56.57945561,61.23418979,61.79094018,55.76081515,46.97747832,51.41352395,54.518269,50.48290234,46.75895945,40.18800674,39.2091426,49.68105494,59.81478936,61.23359369,61.23359369,61.23359369,61.23359369,61.23359369,61.23359369,61.23359369,61.23359369
2,15,57.52789708,53.25176662,40.22362508,42.44977822,59.30675715,60.14781707,59.03967399,48.98335519,40.84106114,48.44490883,54.75419532,52.98667854,51.39203463,47.34588207,41.5821315,47.04833522,59.15308816,58.52879794,58.52879794,58.52879794,58.52879794,58.52879794,58.52879794,58.52879794,58.52879794
2,16,55.7282449,54.84770357,39.71109697,39.1051118,56.68357544,55.10696497,53.77766485,43.16554271,38.91575325,49.6889062,56.3416984,56.06623194,55.86890623,55.34150182,47.71525268,39.40799235,52.33140381,52.06633931,52.06633931,52.06633931,52.06633931,52.06633931,52.06633931,52.06633931,52.06633931
2,17,57.30066235,55.12533134,37.7449802,35.1535991,55.53208508,55.39369653,54.63406625,43.36569468,40.76850726,51.69015331,57.65643542,56.73300971,56.08328452,55.92947616,46.63212855,37.4053445,47.49478335,48.65080266,48.65080266,48.65080266,48.65080266,48.65080266,48.65080266,48.65080266,48.65080266
2,18,61.89830894,59.33205158,39.66816594,41.11778405,62.7083666,63.11161603,62.44922698,55.5422923,51.11963322,57.17308714,60.77735722,59.03276425,58.75957695,58.69403228,48.80855821,43.68576513,59.26297403,62.37436099,62.37436099,62.37436099,62.37436099,62.37436099,62.37436099,62.37436099,62.37436099
2,19,65.65380024,63.18717984,51.90430107,52.3423573,64.40262269,66.45709509,67.44343183,63.34842488,58.10788426,62.42426123,63.95721968,61.27199079,60.73422783,60.96020907,59.09100838,58.16008739,64.16863616,66.16250892,66.16250892,66.16250892,66.16250892,66.16250892,66.16250892,66.16250892,66.16250892
2,20,65.81664989,65.19205198,65.99626178,64.14950788,64.42028945,66.27871973,67.29793603,65.53151158,60.93924354,63.79781836,65.25358573,63.07238284,62.71700624,63.43874876,66.36694645,65.42272603,64.89881082,66.3830862,66.3830862,66.3830862,66.3830862,66.3830862,66.3830862,66.3830862,66.3830862
2,21,65.82152102,65.29202118,67.74444738,65.7748489,64.99406615,66.69935717,67.60053091,66.30439903,62.27035448,64.39135699,65.33264463,63.20880056,63.16976424,63.90367505,66.26754403,66.08597278,65.62571684,66.6786366,66.6786366,66.6786366,66.6786366,66.6786366,66.6786366,66.6786366,66.6786366
2,22,66.41585063,66.2445562,67.63728937,66.18953931,65.58944523,66.82488835,67.62982488,67.02079686,63.99686838,65.61673523,65.81165181,64.26611709,65.04926744,65.51557152,67.51876177,66.82067266,66.14144846,66.95710344,66.95710344,66.95710344,66.95710344,66.95710344,66.95710344,66.95710344,66.95710344
2,23,66.07021663,66.48918133,67.99160288,66.4819402,65.34529114,66.47949884,66.8802089,67.005742,64.81315393,66.25524064,66.0869128,64.71856393,66.04894817,66.36560307,67.76717726,66.65975014,66.15124395,66.71501586,66.71501586,66.71501586,66.71501586,66.71501586,66.71501586,66.71501586,66.71501586
3,0,65.55592557,66.36992044,68.43061101,65.51576706,63.85404637,65.98945459,66.44109872,66.63849979,64.79025101,66.3741351,66.24145943,64.60587732,66.1570424,66.35723492,67.71599306,66.20962895,64.53013585,65.5774318,65.5774318,65.5774318,65.5774318,65.5774318,65.5774318,65.5774318,65.5774318
3,1,64.08411654,65.65281014,67.92480007,64.9338445,62.63196952,64.55053736,65.19132292,65.53172455,64.10343418,66.0013142,66.39141039,64.06241323,64.92630088,65.29402549,66.80712954,65.42977805,63.04680806,64.3017087,64.3017087,64.3017087,64.3017087,64.3017087,64.3017087,64.3017087,64.3017087
3,2,63.64219371,65.21738459,67.7655664,65.29874038,62.90722618,63.95500799,64.31779326,64.96782034,63.4873708,65.63514927,66.22364945,63.64854045,64.58242867,64.81252681,66.52202359,65.08924261,63.29459061,64.46199112,64.46199112,64.46199112,64.46199112,64.46199112,64.46199112,64.46199112,64.46199112
3,3,63.66815593,64.99868226,67.42111738,66.97693973,64.62781059,64.28998508,64.37808409,64.78351763,63.32534784,65.63028523,65.76973111,62.68785876,63.58592017,64.08915332,66.06158079,65.71348924,64.72205693,65.23907125,65.23907125,65.23907125,65.23907125,65.23907125,65.23907125,65.23907125,65.23907125
3,4,64.26152203,65.80280731,67.839933,67.71248333,65.83516273,65.08797102,64.9601036,65.51000548,63.90303519,65.74186051,65.58931326,63.22973173,64.98905782,65.44139932,67.08850962,66.76602731,65.56563966,65.68198448,65.68198448,65.68198448,65.68198448,65.68198448,65.68198448,65.68198448,65.68198448
3,5,63.60117906,57.61532852,59.93980382,66.19858652,65.54119956,64.46115636,65.04792279,64.16633527,57.6123542,58.35085996,56.73775923,50.63974472,50.32948133,48.3165686,56.2807355,63.50268382,65.00062712,66.2042461,66.2042461,66.2042461,66.2042461,66.2042461,66.2042461,66.2042461,66.2042461
3,6,55.17086016,33.54355667,37.52615044,53.10191154,60.84620224,60.95119301,61.31389553,52.73541541,34.35395643,29.86805994,27.21446296,20.32350154,20.1867199,18.62576512,26.13644529,44.34770901,54.73897248,58.37557874,58.37557874,58.37557874,58.37557874,58.37557874,58.37557874,58.37557874,58.37557874
3,7,47.0636928,23.31361535,28.30405579,42.62522943,59.0338892,60.29435242,55.94288285,41.46118412,22.6293139,20.51309527,19.20347761,13.82291138,13.37526258,12.0098304,16.54112918,36.10121921,54.45032584,52.19748344,52.19748344,52.19748344,52.19748344,52.19748344,52.19748344,52.19748344,52.19748344
3,8,49.90344617,26.28507544,30.79553893,49.76035868,62.00523424,62.78583903,61.68780012,48.46895109,28.00715136,22.3496097,20.69117938,15.32881546,13.83488334,11.97353209,16.21609083,38.60759728,58.87061189,60.31360377,60.31360377,60.31360377,60.31360377,60.31360377,60.31360377,60.31360377,60.31360377
3,9,53.6104884,33.53309034,37.75938109,47.89766995,61.00078674,61.50390232,62.00525021,52.23574179,34.84673597,31.79819294,29.71077501,23.31552438,21.37440483,18.23411558,20.65244179,38.12925396,58.88500302,61.16319839,61.16319839,61.16319839,61.16319839,61.16319839,61.16319839,61.16319839,61.16319839
3,10,56.25905413,40.847605,44.04210797,52.85158132,61.72118214,62.50488892,62.67582353,53.25994572,39.92025415,42.53457966,41.28927042,33.44327525,31.84302725,28.15704384,30.5589654,44.60103324,61.79334114,62.1880539,62.1880539,62.1880539,62.1880539,62.1880539,62.1880539,62.1880539,62.1880539
3,11,56.12313771,43.55068676,49.41323174,56.35288202,60.94654757,62.07968054,62.72174204,50.02272244,39.0869739,45.87527213,46.21736142,39.19202811,36.13496881,31.88852306,37.94402858,52.37277781,61.56393842,61.24286528,61.24286528,61.24286528,61.24286528,61.24286528,61.24286528,61.24286528,61.24286528
3,12,58.64014183,48.74872244,51.53719835,57.37675832,61.28006417,62.8380462,63.92059547,55.00333262,45.37032712,50.5997981,51.69367647,44.75068355,39.9149195,33.33331269,39.71393209,52.07022951,62.2690803,63.51909113,63.51909113,63.51909113,63.51909113,63.51909113,63.51909113,63.51909113,63.51909113
3,13,60.56149185,51.13721571,48.82699136,53.64588737,59.2582161,63.04915165,63.96881904,55.95843854,46.72087306,51.74732076,52.80873394,47.04311067,42.70372196,35.24991483,39.47846781,52.96040181,61.29673407,63.05714167,63.05714167,63.05714167,63.05714167,63.05714167,63.05714167,63.05714167,63.05714167
3,14,57.89143546,50.42838766,39.10563766,40.70631711,57.13333872,60.46113193,61.52001537,52.93430386,43.24663164,48.34635477,52.37647248,48.30554515,44.48599268,37.24202662,35.27590502,48.94161163,59.92270776,61.54597796,61.54597796,61.54597796,61.54597796,61.54597796,61.54597796,61.54597796,61.54597796
3,15,56.64446361,49.71500021,35.66096591,39.72048885,57.34997182,58.747262,58.88368684,47.85515114,38.6724251,46.32250895,51.33286322,49.72212501,47.00456555,41.50883731,36.60221025,41.43894844,57.27669255,58.02517907,58.02517907,58.02517907,58.02517907,58.02517907,58.02517907,58.02517907,58.02517907
3,16,55.60218051,54.04277527,37.97514834,36.64821174,54.89119876,55.2118441,54.51672592,42.15815731,38.210286,48.34348825,55.0088783,56.04343197,55.45634047,54.06035658,46.68602377,38.32129502,51.30705609,50.78237757,50.78237757,50.78237757,50.78237757,50.78237757,50.78237757,50.78237757,50.78237757
3,17,55.75399682,54.88531075,36.46650628,33.31163763,53.56814491,53.14519257,53.64754561,41.20838842,38.56338026,49.42938228,55.50570327,56.23160787,57.00245983,57.2351295,47.08356032,35.68209632,46.2844997,45.80419065,45.80419065,45.80419065,45.80419065,45.80419065,45.80419065,45.80419065,45.80419065
3,18,60.60142745,57.77230563,37.95142755,37.57765983,60.64414506,60.83045823,61.49831708,51.60376884,46.293009,53.9227817,58.03549302,58.19366072,58.70782747,58.43471078,48.9635578,42.39194266,56.93676126,59.90048019,59.90048019,59.90048019,59.90048019,59.90048019,59.90048019,59.90048019,59.90048019
3,19,64.63140742,61.92095685,48.75613584,49.05198093,63.70711488,65.67980417,66.18921256,60.36131142,54.66695902,59.12987166,61.41504484,60.52258813,60.74115005,61.54161286,58.15311774,55.46284468,63.33039058,64.45567073,64.45567073,64.45567073,64.45567073,64.45567073,64.45567073,64.45567073,64.45567073
3,20,65.60530513,64.24394831,65.05849685,64.05172361,64.34225,66.10395617,67.15053026,64.77865191,59.68624724,62.85911302,64.1628109,62.11934504,61.85106674,62.34302648,65.08034696,64.0915834,64.68039293,66.20558346,66.20558346,66.20558346,66.20558346,66.20558346,66.20558346,66.20558346,66.20558346
3,21,65.69998451,63.84157705,67.17134534,65.44486521,64.75820451,66.21291611,67.29788975,65.05622925,60.32344584,63.08715301,63.77400461,61.26421728,61.37373535,61.89706813,64.95622928,65.03099793,64.86791188,66.45875893,66.45875893,66.45875893,66.45875893,66.45875893,66.45875893,66.45875893,66.45875893
3,22,66.26471994,65.62520765,68.1921533,67.1500491,65.85795689,66.74457842,67.411579,65.93444664,62.81857846,64.74839298,64.67306361,62.96156491,63.73931085,64.50048395,66.72582602,66.4075621,65.98608277,66.94761659,66.94761659,66.94761659,66.94761659,66.94761659,66.94761659,66.94761659,66.94761659
3,23,66.27592375,66.16806673,68.53056306,67.12498106,65.75338266,66.64162852,67.07173447,67.0633823,64.80010953,66.08463558,65.34243546,63.51632387,65.28430405,66.27872799,67.62132646,67.03350197,66.18690338,66.77003488,66.77003488,66.77003488,66.77003488,66.77003488,66.77003488,66.77003488,66.77003488
4,0,65.52487734,66.31032912,68.32130956,65.75679674,63.98540836,65.7355765,66.19979993,66.67991414,64.87790391,66.34042696,65.76860487,64.43203827,65.9768126,66.37264789,67.56088744,65.63617218,64.40685154,65.47840187,65.47840187,65.47840187,65.47840187,65.47840187,65.47840187,65.47840187,65.47840187
4,1,64.23418687,65.71398632,68.06186143,65.03483092,62.64167613,64.55550526,64.93675768,65.62524136,64.03040716,65.83479114,66.17324441,64.19250079,65.2948038,65.62639026,66.89259151,65.18870023,63.12645437,64.53437614,64.53437614,64.53437614,64.53437614,64.53437614,64.53437614,64.53437614,64.53437614
4,2,63.65048966,65.36350311,67.94434277,65.67018041,63.08494944,63.96724727,64.42953834,65.21077473,63.57168608,65.63845818,66.07401651,63.74701202,64.82019651,65.22391572,66.59851413,64.89559924,63.45283794,64.70498426,64.70498426,64.70498426,64.70498426,64.70498426,64.70498426,64.70498426,64.70498426
4,3,63.23453925,65.08580283,67.50018184,67.00776338,64.51359062,64.14562709,64.3551715,64.92703164,63.34608551,65.56807255,65.68406663,62.87003353,63.81184982,64.23745363,65.7764071,65.37008652,64.7784518,64.98464546,64.98464546,64.98464546,64.98464546,64.98464546,64.98464546,64.98464546,64.98464546
4,4,64.5418607,65.86764054,67.81870728,67.60991819,65.59793474,64.83791597,64.95833721,65.50772871,63.83918727,65.73909726,65.16333016,63.14386856,65.16418987,65.36209842,66.94844523,66.46778569,65.31162173,65.67843862,65.67843862,65.67843862,65.67843862,65.67843862,65.67843862,65.67843862,65.67843862
4,5,63.02331981,57.29989618,60.79940004,66.90373159,65.32939028,64.34145555,64.97929968,63.88464162,57.09230435,57.57262403,56.02390044,50.57686807,50.73111437,49.80585789,56.7415625,62.99838277,64.79662565,66.18057609,66.18057609,66.18057609,66.18057609,66.18057609,66.18057609,66.18057609,66.18057609
4,6,54.39928732,34.20929637,39.49877116,53.6275479,58.6391937,60.49230363,62.08866723,53.43405485,35.10016932,30.94830699,28.59857312,22.01625639,21.71975196,19.73539045,27.36749445,45.52948875,54.26348147,58.45494248,58.45494248,58.45494248,58.45494248,58.45494248,58.45494248,58.45494248,58.45494248
4,7,47.25864138,24.77474218,31.99888199,47.17936663,58.6634517,60.62402841,58.4445505,42.43741421,23.89266624,21.7549609,20.20121195,15.48146329,14.96106137,13.82683271,17.84460289,35.61051251,53.06299915,52.34981635,52.34981635,52.34981635,52.34981635,52.34981635,52.34981635,52.34981635,52.34981635
4,8,49.83311277,26.72684259,33.37369561,46.91557174,60.10171645,61.79077281,60.43448601,48.02960326,28.61972469,24.38169781,22.01583172,16.49366533,14.77380272,13.18578559,17.09432557,35.5574606,55.59397466,58.2490672,58.2490672,58.2490672,58.2490672,58.2490672,58.2490672,58.2490672,58.2490672
4,9,52.23893093,32.82569133,37.93320535,52.56177798,61.21069165,61.98694706,61.70100969,50.85281609,33.57450946,30.11684382,29.00364402,22.96771351,20.84293353,18.2442162,21.09336168,37.68991232,58.1461522,61.28849215,61.28849215,61.28849215,61.28849215,61.28849215,61.28849215,61.28849215,61.28849215
4,10,52.49933585,38.42901815,44.39723507,54.68622268,61.27842556,62.15883188,61.27557418,48.60979777,35.15732532,40.3682058,40.37327956,33.20464661,30.89115623,27.06747997,30.29085207,45.96941826,61.32370607,60.52903455,60.52903455,60.52903455,60.52903455,60.52903455,60.52903455,60.52903455,60.52903455
4,11,53.62032495,41.53279877,48.46489994,56.51226288,61.63811338,62.77056519,61.04891762,47.37166925,35.54473877,43.43462247,45.24934383,38.07146888,35.60468338,30.9308746,36.2469977,50.67048297,62.74700368,59.37456693,59.37456693,59.37456693,59.37456693,59.37456693,59.37456693,59.37456693,59.37456693
4,12,56.45493648,44.21469589,47.41372092,53.82361378,61.22836711,63.28712791,62.71830636,51.56234813,41.01894688,46.64977833,47.63384874,40.37557295,36.96076597,30.82308696,37.04054278,52.33989137,63.02162885,62.28680582,62.28680582,62.28680582,62.28680582,62.28680582,62.28680582,62.28680582,62.28680582
4,13,57.79724993,46.44728959,45.18692793,49.6583577,58.72128853,62.74597087,62.229433,53.59805268,43.24006755,48.1611064,49.12052616,41.85485677,38.15127554,32.78276876,35.97160384,53.63988093,61.82639869,61.61414487,61.61414487,61.61414487,61.61414487,61.61414487,61.61414487,61.61414487,61.61414487
4,14,55.32937001,45.44113678,35.53476682,40.3216108,56.63990813,59.95299608,59.99253395,50.42118175,39.2590082,44.86293902,47.4726883,42.23678503,39.48552861,33.93428455,31.43964587,46.48421938,59.60185362,59.7716611,59.7716611,59.7716611,59.7716611,59.7716611,59.7716611,59.7716611,59.7716611
4,15,54.09463194,47.17443866,34.84715156,39.85732877,58.09724415,58.75984608,56.14313835,44.66169838,37.02954677,45.13121954,49.34869013,46.2230814,42.92873937,38.44431726,32.88328433,40.29668826,56.3760323,55.17621457,55.17621457,55.17621457,55.17621457,55.17621457,55.17621457,55.17621457,55.17621457
4,16,53.59481013,51.75398544,36.90601062,35.86997802,56.90185029,56.46287677,49.7153454,39.02435168,36.54382512,46.65494045,53.037684,52.80536432,51.51472075,51.33802926,43.58356281,38.84005804,50.18772749,46.80737282,46.80737282,46.80737282,46.80737282,46.80737282,46.80737282,46.80737282,46.80737282
4,17,55.34104283,54.60843685,37.22744493,33.82039487,56.65302594,56.21475599,50.48691662,39.61022902,38.89099937,50.32276349,55.76042601,55.77574269,55.93081346,55.3787558,44.70147684,36.31066711,43.84533497,41.60457388,41.60457388,41.60457388,41.60457388,41.60457388,41.60457388,41.60457388,41.60457388
4,18,59.24681312,56.42941961,38.85523505,38.88213307,60.78964148,60.89678863,59.06088571,49.06141117,44.77561953,53.93214843,58.01869391,57.17698805,57.22325086,54.96404821,45.62329843,41.40828568,56.47327614,57.44289448,57.44289448,57.44289448,57.44289448,57.44289448,57.44289448,57.44289448,57.44289448
4,19,63.83483098,61.41337188,47.98962804,47.37158377,64.43264907,66.30185084,66.71356313,61.29101561,55.35817143,60.20111966,62.22278104,60.00801798,60.0652612,60.26060466,55.59484999,57.57214622,64.34513505,65.84591774,65.84591774,65.84591774,65.84591774,65.84591774,65.84591774,65.84591774,65.84591774
4,20,64.59178454,64.17247091,62.36267124,60.55227332,64.8493649,66.49086366,66.25934043,64.02334593,59.29447055,62.64129582,64.29829475,62.22158856,61.9146115,62.70322441,64.81000598,64.99058293,65.08910253,65.7110034,65.7110034,65.7110034,65.7110034,65.7110034,65.7110034,65.7110034,65.7110034
4,21,64.89771217,64.56485693,66.30003244,63.88223817,65.22768821,66.58426992,66.87887853,64.78188862,60.05254996,63.15664991,64.63339416,62.73727196,62.39846328,62.57135448,65.0291037,65.58948906,65.76817412,66.28449379,66.28449379,66.28449379,66.28449379,66.28449379,66.28449379,66.28449379,66.28449379
4,22,66.31828859,65.96535433,66.87952882,65.95501388,66.29842532,66.89387781,67.47498808,66.67080114,63.43487733,65.26024892,65.4390936,63.67796589,63.90748923,63.49675574,66.01169865,66.98393003,66.69156094,67.10019565,67.10019565,67.10019565,67.10019565,67.10019565,67.10019565,67.10019565,67.10019565
4,23,66.44264392,66.57736395,68.54404859,67.41579001,66.19207227,66.92709124,67.34039015,67.21239939,65.00997423,66.22581257,65.92575022,64.46645374,65.78286998,66.24968504,67.99257865,67.67350801,66.71319036,67.03265017,67.03265017,67.03265017,67.03265017,67.03265017,67.03265017,67.03265017,67.03265017
5,0,65.67804186,66.43919103,68.41049295,66.07463771,64.45096702,66.08651662,66.74896235,67.01205874,65.19795928,66.40922789,66.05749169,64.46349468,66.03230665,66.41151256,67.87851381,67.10881515,65.47609545,66.05976951,66.05976951,66.05976951,66.05976951,66.05976951,66.05976951,66.05976951,66.05976951
5,1,64.82299156,66.05933537,68.22641715,65.8092291,63.64543026,64.98861697,65.63201975,66.13642174,64.55830591,66.12151284,66.16079831,64.1419739,65.35619529,65.79318239,67.31288635,66.30689731,64.54478792,65.39654075,65.39654075,65.39654075,65.39654075,65.39654075,65.39654075,65.39654075,65.39654075
5,2,64.35004051,65.55775935,68.06953305,65.97376095,63.75986616,64.71355078,65.12136906,65.48954644,63.83795501,65.72827758,66.06354664,63.88388183,64.88872222,65.23944956,66.80076652,66.05002703,64.56931655,65.36270901,65.36270901,65.36270901,65.36270901,65.36270901,65.36270901,65.36270901,65.36270901
5,3,64.03479186,65.27963699,67.76077898,67.37266425,65.02042511,64.59085078,64.78966493,65.13016728,63.64839735,65.83889606,65.82311686,63.0430571,64.02399619,64.45084703,66.11115265,66.13222201,65.07780596,65.50371834,65.50371834,65.50371834,65.50371834,65.50371834,65.50371834,65.50371834,65.50371834
5,4,63.9246219,65.73819021,67.87624073,67.72856419,65.5405741,64.71248615,64.68302362,65.20268617,63.52630784,65.58825013,65.33647191,63.08692122,64.73696142,65.12352099,66.88416778,66.75223596,65.36934072,65.64363482,65.64363482,65.64363482,65.64363482,65.64363482,65.64363482,65.64363482,65.64363482
5,5,64.20604036,59.45229557,61.54259618,67.53540688,65.82660252,64.6584445,65.17392346,64.67905964,59.52960566,60.78420177,58.75238684,52.63974936,51.95388322,50.35999414,57.91507187,65.00323969,65.51726083,66.31381985,66.31381985,66.31381985,66.31381985,66.31381985,66.31381985,66.31381985,66.31381985
5,6,59.01807584,38.05165692,41.03073308,59.39220038,64.34307097,62.82648792,63.72685703,56.54167208,41.95085113,39.83239858,34.37524375,24.73100682,23.84195078,21.19183372,30.02534252,50.18514276,63.09171603,64.57155213,64.57155213,64.57155213,64.57155213,64.57155213,64.57155213,64.57155213,64.57155213
5,7,55.95582869,31.9660104,34.60391376,52.7852863,64.40073637,64.52351798,65.33337759,53.5121487,34.6469901,29.38226919,26.08595982,19.57395758,18.429991,16.16925347,20.0272647,41.95874572,63.39393609,63.97252318,63.97252318,63.97252318,63.97252318,63.97252318,63.97252318,63.97252318,63.97252318
5,8,59.68534977,35.56068808,34.84836429,50.09205519,61.91833398,63.68310099,64.88287143,57.3082456,41.61377108,37.06317309,31.09015388,21.88063402,19.15474151,16.39182863,20.15411404,40.99525826,61.80756525,63.98217824,63.98217824,63.98217824,63.98217824,63.98217824,63.98217824,63.98217824,63.98217824
5,9,58.27775054,41.84581071,42.90984148,55.14019037,61.10960382,62.22058586,63.13264459,56.99691004,43.77594599,41.81792706,39.6869223,31.69951163,28.90698554,24.84037995,27.32162538,44.20921536,61.69219314,63.51326152,63.51326152,63.51326152,63.51326152,63.51326152,63.51326152,63.51326152,63.51326152
5,10,55.84239187,44.41161893,49.09627861,56.32804277,60.87219285,62.45471928,62.71629508,53.99774925,42.38383779,46.22918886,45.72968887,37.92700071,35.23041032,31.63472755,37.11002552,50.89973739,62.15469879,61.92761201,61.92761201,61.92761201,61.92761201,61.92761201,61.92761201,61.92761201,61.92761201
5,11,52.58676106,41.491363,49.52861849,55.60525516,59.58675596,62.46606493,58.41710731,45.59327134,35.24834794,42.37000604,43.83307713,37.16085718,35.84293545,31.94236089,38.83266979,53.04443173,61.44579172,57.02444732,57.02444732,57.02444732,57.02444732,57.02444732,57.02444732,57.02444732,57.02444732
5,12,53.50178469,40.0484116,44.17445666,50.50760345,58.33910518,62.48244632,60.34682168,45.95794472,33.232467,40.28567946,42.13871577,36.03720889,34.63406168,30.07002743,33.51315105,51.64015849,61.97810022,58.29746348,58.29746348,58.29746348,58.29746348,58.29746348,58.29746348,58.29746348,58.29746348
5,13,53.24051852,39.52117622,35.78204965,42.9905036,57.45865751,61.81820465,58.38711565,45.42282683,34.35230434,39.81628322,41.34127487,35.34525833,32.98118338,28.30831937,27.97249516,46.47873692,61.44268658,56.53164212,56.53164212,56.53164212,56.53164212,56.53164212,56.53164212,56.53164212,56.53164212
5,14,53.99742274,40.79613011,30.32320088,38.25434528,55.92487507,58.52552389,56.82712238,45.15095453,34.96190886,41.05963094,42.98694253,37.79318887,34.28365468,28.67259505,26.4544061,41.18746713,58.46577564,55.47961085,55.47961085,55.47961085,55.47961085,55.47961085,55.47961085,55.47961085,55.47961085
5,15,54.33160743,43.1466796,29.71798534,37.68420919,56.3532191,56.37221153,52.0000441,39.43131311,34.79269208,43.20803134,46.91752853,42.49077061,39.01729297,34.11153185,30.08425345,37.75966594,55.25816792,49.49608318,49.49608318,49.49608318,49.49608318,49.49608318,49.49608318,49.49608318,49.49608318
5,16,55.89731393,51.54158023,35.20768369,36.59020658,57.16396453,57.05376483,53.22989604,42.18715762,38.60288894,48.2035237,54.28149395,53.46347905,50.30880437,45.76718006,37.74646024,33.63968546,52.72723312,51.00625935,51.00625935,51.00625935,51.00625935,51.00625935,51.00625935,51.00625935,51.00625935
5,17,57.32909111,55.23282002,37.81509574,34.65930964,56.42880652,56.10227479,54.40978322,41.38756172,39.93397423,51.05766958,56.75570508,56.71948555,55.75090959,52.25144046,41.14611529,33.50452478,49.01395118,46.65819141,46.65819141,46.65819141,46.65819141,46.65819141,46.65819141,46.65819141,46.65819141
5,18,57.43431267,53.24752652,37.0837214,39.14186599,61.05853251,59.93202735,57.87610144,46.3933146,41.71305906,52.08696246,56.42530238,55.06635847,52.83805295,48.30954121,38.14348559,37.46911719,56.66387949,56.28452212,56.28452212,56.28452212,56.28452212,56.28452212,56.28452212,56.28452212,56.28452212
5,19,61.1659637,55.57302546,46.77418584,50.69205775,64.08236304,64.14125616,63.66971564,54.52035457,46.976972,54.69850802,57.55394742,55.16073859,53.24432716,49.69985147,45.75497292,50.06572388,63.69334136,63.48637667,63.48637667,63.48637667,63.48637667,63.48637667,63.48637667,63.48637667,63.48637667
5,20,64.64611886,60.59530196,59.6472117,61.4259603,64.3946771,65.13603518,66.25141827,62.45461897,56.6351933,61.02678014,62.14919484,58.45219968,56.44358045,54.28252056,57.26623835,60.331738,64.33457442,66.11035548,66.11035548,66.11035548,66.11035548,66.11035548,66.11035548,66.11035548,66.11035548
5,21,64.11777558,61.41304544,64.78907006,66.26098449,65.17535628,65.33459684,67.34151871,63.55117494,57.24752399,61.67566449,62.16169285,58.72700347,58.47307199,57.43893807,61.27076396,62.90675831,64.96663758,67.26084158,67.26084158,67.26084158,67.26084158,67.26084158,67.26084158,67.26084158,67.26084158
5,22,64.06084778,62.36386514,64.70593291,66.19495134,66.7207429,66.94703388,67.63831611,64.34544368,57.78925446,61.57855264,62.06148908,59.14743246,60.52205714,61.07374962,64.11763003,65.45183824,66.32223429,67.48221722,67.48221722,67.48221722,67.48221722,67.48221722,67.48221722,67.48221722,67.48221722
5,23,66.61716791,65.84863293,67.94962515,66.78528474,66.28671862,67.34381642,67.81873045,67.25227011,63.65877506,65.39516551,65.0628585,62.74178651,64.05480674,65.21915751,67.34860876,67.54791752,66.55500749,67.42594027,67.42594027,67.42594027,67.42594027,67.42594027,67.42594027,67.42594027,67.42594027
6,0,66.91913445,66.80125467,68.67542008,67.49734894,66.49561519,67.34134432,67.84696554,67.96793762,65.79636593,66.45967388,66.25897506,64.61785192,66.10347671,66.68810526,68.28209767,67.96329815,66.79233945,67.52599788,67.52599788,67.52599788,67.52599788,67.52599788,67.52599788,67.52599788,67.52599788
6,1,66.40901165,66.83890525,68.70330457,67.85081621,66.38035061,66.69279822,67.25068417,67.60865714,66.06097845,67.03312697,66.31782012,64.80897837,66.44014546,66.84867682,68.06087052,67.58217933,66.72074671,67.35388666,67.35388666,67.35388666,67.35388666,67.35388666,67.35388666,67.35388666,67.35388666
6,2,65.80314305,66.34291035,68.23476494,67.84498086,66.19559663,66.22309164,66.691209,67.09214179,65.6164737,66.69054578,66.36175124,64.86214201,66.34252049,66.64035606,67.77977378,67.41006561,66.55111809,66.92019825,66.92019825,66.92019825,66.92019825,66.92019825,66.92019825,66.92019825,66.92019825
6,3,64.51713996,65.69131683,68.05744957,67.59551249,65.38839799,65.1244156,65.45122694,65.86328209,64.61834088,66.31483914,66.03890179,63.88631243,64.95828561,65.24846131,66.53865791,66.43757191,65.23483765,65.94105539,65.94105539,65.94105539,65.94105539,65.94105539,65.94105539,65.94105539,65.94105539
6,4,64.34315336,65.77925611,67.98537854,67.49145366,65.35315497,64.75751517,64.81779997,65.46114055,64.18479472,65.97359918,65.61475421,63.79004436,65.44595288,65.62191892,66.99150477,66.49638903,64.991536,65.26001861,65.26001861,65.26001861,65.26001861,65.26001861,65.26001861,65.26001861,65.26001861
6,5,65.09447619,65.99040395,67.94946039,67.82262848,65.8921924,65.24761966,65.60738841,66.08930862,64.21630258,65.86170992,65.37038202,63.29872539,64.51004896,64.66735884,66.7490784,66.69293482,65.76439279,66.16799638,66.16799638,66.16799638,66.16799638,66.16799638,66.16799638,66.16799638,66.16799638
6,6,65.6618329,66.12972474,67.70435855,68.00261961,66.64396267,66.09691646,66.32404687,66.49537077,64.10646576,65.54557625,64.88489473,62.50991108,62.44387432,61.53251777,65.29532132,66.40142747,66.60736915,66.74728913,66.74728913,66.74728913,66.74728913,66.74728913,66.74728913,66.74728913,66.74728913
6,7,66.0133185,60.61136124,61.65818671,67.77233174,67.12744456,66.86308824,67.19842616,66.81332851,63.13237958,64.09128841,61.22289708,54.78708167,52.09478535,46.95225093,54.30613695,64.23677009,67.32962731,67.46288694,67.46288694,67.46288694,67.46288694,67.46288694,67.46288694,67.46288694,67.46288694
6,8,66.42101503,55.29906543,56.84032029,66.71428091,66.99539835,67.07233342,67.57347521,66.48708687,60.92895493,60.96791225,57.03044672,48.59869274,44.26867127,38.020248,48.78966666,63.32403809,67.54278084,67.66079546,67.66079546,67.66079546,67.66079546,67.66079546,67.66079546,67.66079546,67.66079546
6,9,62.85695638,49.24851062,54.50356874,65.84703256,66.40511988,66.75218228,66.91336373,60.90643464,50.91543768,51.91452633,49.45460049,42.02164973,40.16317525,36.68275771,46.284059,62.66468504,67.09304364,67.01359583,67.01359583,67.01359583,67.01359583,67.01359583,67.01359583,67.01359583,67.01359583
6,10,57.30507433,42.05744113,50.18003373,62.35922862,66.28410672,66.76597044,64.68814353,50.95305232,37.9010199,42.35737616,41.88606412,35.32084345,35.68455678,33.62417044,42.07524954,58.7990804,66.71208729,63.93070242,63.93070242,63.93070242,63.93070242,63.93070242,63.93070242,63.93070242,63.93070242
6,11,55.45601055,39.51423121,47.37991984,59.78780979,65.85889812,66.58447232,58.48441018,41.7492087,32.79284128,39.46392308,39.96926195,34.34922981,34.70727011,32.08489628,38.41174405,56.99546527,66.10263991,56.15332518,56.15332518,56.15332518,56.15332518,56.15332518,56.15332518,56.15332518,56.15332518
6,12,54.18936598,38.06078805,43.65716784,54.78965865,64.2234838,65.00451292,53.52217255,35.18948628,30.58444492,37.61485974,39.00367472,34.69755713,34.00021432,30.94264297,34.04219247,50.32666616,65.18067127,50.40277886,50.40277886,50.40277886,50.40277886,50.40277886,50.40277886,50.40277886,50.40277886
6,13,55.93307364,39.0300805,39.23860167,49.79133611,64.69601137,65.62814159,56.13181748,38.91786984,32.5042228,39.30814331,40.16536644,35.12964826,33.57665793,29.83780177,30.43586994,46.81734386,63.98953373,53.02999337,53.02999337,53.02999337,53.02999337,53.02999337,53.02999337,53.02999337,53.02999337
6,14,56.6145937,42.69481982,36.3831411,45.09617388,64.38616972,66.17306502,57.47771463,41.31334711,36.00991826,43.31103005,44.3763384,39.53125279,37.95080709,32.65285914,31.91744912,49.60537504,64.94578804,54.607302,54.607302,54.607302,54.607302,54.607302,54.607302,54.607302,54.607302
6,15,59.13310448,48.25542155,36.99509979,41.89718723,63.71642998,66.06224415,61.59894604,46.06272128,39.22159567,47.22014688,49.77927828,46.48308737,44.86719599,39.09031508,35.92644354,49.15064769,64.27662134,57.58609088,57.58609088,57.58609088,57.58609088,57.58609088,57.58609088,57.58609088,57.58609088
6,16,58.84308484,49.60389771,39.29184645,43.43207422,62.62309097,64.7232072,61.39270016,46.69162688,40.10728135,48.98882852,52.30900588,49.08497529,47.32058688,41.99832471,37.8374688,50.317483,63.35623771,57.76562912,57.76562912,57.76562912,57.76562912,57.76562912,57.76562912,57.76562912,57.76562912
6,17,58.60132544,48.6565881,41.43479302,48.82746294,64.13896733,65.28357972,61.20704746,45.37932142,39.19321124,48.41127648,50.93939826,47.90338592,46.23649871,41.05075971,34.59737728,47.96374773,63.30697492,58.53975446,58.53975446,58.53975446,58.53975446,58.53975446,58.53975446,58.53975446,58.53975446
6,18,59.06009959,48.29218905,43.77811365,53.80274943,65.05513291,66.14933641,61.98800758,48.1407439,41.32957574,48.6600655,50.18980576,46.90539668,45.3892617,41.42237846,38.56431393,50.27152732,64.37332905,59.9925493,59.9925493,59.9925493,59.9925493,59.9925493,59.9925493,59.9925493,59.9925493
6,19,61.22999304,51.05086193,51.8482132,61.90439165,66.76662984,66.89470949,65.36974986,54.95068695,48.32089997,53.97886751,53.2928417,48.75261338,46.87721075,42.00619497,46.31746172,59.42707562,66.18104705,63.89932562,63.89932562,63.89932562,63.89932562,63.89932562,63.89932562,63.89932562,63.89932562
6,20,63.99943964,57.02268298,59.7074713,64.12820226,66.87656916,67.1974772,67.48937315,61.28506379,55.35707431,60.50290947,60.59687782,55.579931,52.6244216,47.97072177,54.12869534,63.25239301,66.31912558,66.69989668,66.69989668,66.69989668,66.69989668,66.69989668,66.69989668,66.69989668,66.69989668
6,21,62.67630276,54.9894482,60.51621967,66.14459131,66.93461034,67.22556396,67.89919113,61.78257251,53.79244774,58.13838504,57.69301923,51.79456917,48.5789918,44.99210718,52.32528071,62.81372912,66.87409417,67.28723522,67.28723522,67.28723522,67.28723522,67.28723522,67.28723522,67.28723522,67.28723522
6,22,63.56582937,55.36654109,60.15995739,64.01322772,67.39233189,67.56636953,68.22969109,63.63623219,56.28682426,58.91028499,57.58903764,51.57361612,47.01751357,42.56567939,52.44351975,64.42010362,67.51324284,67.81705974,67.81705974,67.81705974,67.81705974,67.81705974,67.81705974,67.81705974,67.81705974
6,23,65.58493086,64.17833515,67.75954307,68.54989158,68.13445828,68.23786303,68.44551619,66.77294595,63.47683234,64.67969612,64.19069718,62.08968989,61.14171086,60.55471697,63.01047574,65.5944104,68.1455918,68.18266494,68.18266494,68.18266494,68.18266494,68.18266494,68.18266494,68.18266494,68.18266494
