weekdate,hour,759163,763646,759257,737229,737237,737246,737257,765506,737278,764054,718410,764125,764130,718412,763336,717008,717009,768584,717011,716036,717014,717016,717020,717022,718415,764249,763963,717028,716047,716050,717032,717035,763346,716057,717039,737184,717042,718335,717046,759385,764026,759280,718419
0,0,70,70,70,70,70,70,70,70,70,70,70,70,70,70,70,70,70,70,70,70,70,70,70,70,70,70,70,70,70,70,70,70,70,70,70,70,70,70,70,70,70,70,70
0,1,70,70,70,70,70,70,70,70,70,70,70,70,70,70,70,70,70,70,70,70,70,70,70,70,70,70,70,70,70,70,70,70,70,70,70,70,70,70,70,70,70,70,70
0,2,70,70,70,70,70,70,70,70,70,70,70,70,70,70,70,70,70,70,70,70,70,70,70,70,70,70,70,70,70,70,70,70,70,70,70,70,70,70,70,70,70,70,70
0,3,70,70,70,70,70,70,70,70,70,70,70,70,70,70,70,70,70,70,70,70,70,70,70,70,70,70,70,70,70,70,70,70,70,70,70,70,70,70,70,70,70,70,70
0,4,70,70,70,70,70,70,70,70,70,70,70,70,70,70,70,70,70,70,70,70,70,70,70,70,70,70,70,70,70,70,70,70,70,70,70,70,70,70,70,70,70,70,70
0,5,70,68.99785696,65.34335492,64.86655583,65.35988406,65.35988406,65.35988406,65.93641691,62.33117337,62.95779645,62.95779645,62.95779645,62.95779645,62.95779645,62.95779645,62.95779645,55.20826568,58.74100145,60.59451961,64.25323999,67.74727046,68.19399522,67.16231938,63.59957908,54.25958932,56.83251057,67.02818087,67.02818087,67.02818087,67.02818087,68.06129524,69.12126425,69.12126425,69.12126425,63.19530004,63.19530004,63.19530004,61.72815727,61.72815727,61.72815727,61.72815727,61.72815727,61.72815727
0,6,70,69.19597852,64.70073097,64.2837894,65.5679628,65.5679628,65.5679628,66.44837595,62.77903866,63.29923181,63.29923181,63.29923181,63.29923181,63.29923181,63.29923181,63.29923181,56.73869811,62.32366161,63.97383447,65.32647681,68.73001231,68.92207029,68.39782488,64.87327965,54.79450234,57.7870876,68.32982054,68.32982054,68.32982054,68.32982054,68.89581548,69.42139258,69.42139258,69.42139258,66.82455183,66.82455183,66.82455183,62.34313809,62.34313809,62.34313809,62.34313809,62.34313809,62.34313809
0,7,70,69.26302882,65.06841118,64.98606605,65.72143745,65.72143745,65.72143745,66.31360356,62.58251371,63.92862591,63.92862591,63.92862591,63.92862591,63.92862591,63.92862591,63.92862591,57.05827798,62.45400192,63.73554141,65.48482434,69.09257102,69.17921449,68.75434298,65.08483819,54.75683761,57.8864239,68.50729945,68.50729945,68.50729945,68.50729945,69.10915243,69.56303272,69.56303272,69.56303272,67.44585012,67.44585012,67.44585012,62.5413779,62.5413779,62.5413779,62.5413779,62.5413779,62.5413779
0,8,70,69.25203368,65.14482108,65.0696771,65.56490014,65.56490014,65.56490014,66.68814436,62.72469167,63.71759964,63.71759964,63.71759964,63.71759964,63.71759964,63.71759964,63.71759964,57.28735485,61.68040936,62.99516509,65.37476289,69.13325889,69.2799061,68.4736875,64.38849569,54.15249793,56.80594439,67.0955404,67.0955404,67.0955404,67.0955404,69.28939087,69.61951404,69.61951404,69.61951404,67.80828886,67.80828886,67.80828886,62.55661862,62.55661862,62.55661862,62.55661862,62.55661862,62.55661862
0,9,70,69.3603558,65.11443535,65.11431371,64.89597522,64.89597522,64.89597522,66.83929753,61.79470728,62.98677649,62.98677649,62.98677649,62.98677649,62.98677649,62.98677649,62.98677649,57.25896173,61.88349998,62.78360367,65.07251247,69.15080557,69.18167855,68.09723375,64.27613577,53.17518525,55.81759977,66.31500318,66.31500318,66.31500318,66.31500318,69.29960705,69.65404538,69.65404538,69.65404538,68.0201105,68.0201105,68.0201105,61.61296069,61.61296069,61.61296069,61.61296069,61.61296069,61.61296069
0,10,70,69.4031519,64.96748552,64.88280251,64.12341276,64.12341276,64.12341276,66.45556088,61.13892174,62.20084537,62.20084537,62.20084537,62.20084537,62.20084537,62.20084537,62.20084537,56.86817096,61.00512574,61.58722041,64.38367016,68.86195465,68.91781717,65.96114397,62.25701955,52.30381628,56.04956742,66.52948179,66.52948179,66.52948179,66.52948179,68.73464654,69.31536557,69.31536557,69.31536557,66.37863583,66.37863583,66.37863583,56.95277499,56.95277499,56.95277499,56.95277499,56.95277499,56.95277499
0,11,70,69.37587621,64.66319754,64.5210409,63.58878219,63.58878219,63.58878219,62.90523091,58.06079618,60.99928491,60.99928491,60.99928491,60.99928491,60.99928491,60.99928491,60.99928491,56.27598239,61.33827096,61.47019578,63.48745621,68.02516215,68.06062571,67.10106266,61.59052893,50.74326636,55.36630048,65.73493288,65.73493288,65.73493288,65.73493288,68.32631365,69.17228658,69.17228658,69.17228658,63.93855676,63.93855676,63.93855676,49.52748983,49.52748983,49.52748983,49.52748983,49.52748983,49.52748983
0,12,70,69.2474667,64.55472952,64.22756889,62.82708836,62.82708836,62.82708836,59.06791254,56.92242726,56.75457644,56.75457644,56.75457644,56.75457644,56.75457644,56.75457644,56.75457644,56.03537968,61.78710032,61.33734071,62.47061699,67.04477744,67.55236315,64.98352503,60.15786932,49.76776729,54.03098877,64.39519233,64.39519233,64.39519233,64.39519233,66.19224478,66.92386879,66.92386879,66.92386879,54.97787972,54.97787972,54.97787972,38.94313808,38.94313808,38.94313808,38.94313808,38.94313808,38.94313808
0,13,70,69.36180923,64.50970508,64.11563928,61.98420128,61.98420128,61.98420128,55.65808045,55.59599425,53.84931753,53.84931753,53.84931753,53.84931753,53.84931753,53.84931753,53.84931753,56.40687098,57.99663295,58.31953697,62.54906717,67.40447299,67.50567351,68.08735229,61.2996944,50.26115589,54.97385565,64.3960767,64.3960767,64.3960767,64.3960767,66.28695856,67.19301879,67.19301879,67.19301879,53.7482119,53.7482119,53.7482119,33.9459714,33.9459714,33.9459714,33.9459714,33.9459714,33.9459714
0,14,70,69.04494449,63.10072612,61.44298008,59.08128277,59.08128277,59.08128277,50.39598538,53.26999839,52.20923961,52.20923961,52.20923961,52.20923961,52.20923961,52.20923961,52.20923961,56.4378517,56.20048104,58.28868728,62.67725881,67.67305791,68.22145888,67.96536711,60.64611444,48.99460946,53.75832295,63.99666311,63.99666311,63.99666311,63.99666311,66.96418799,68.15520593,68.15520593,68.15520593,58.65373184,58.65373184,58.65373184,38.67533445,38.67533445,38.67533445,38.67533445,38.67533445,38.67533445
0,15,70,68.03429493,61.11463603,57.3006204,53.24133396,53.24133396,53.24133396,48.39524736,52.73141607,50.10139233,50.10139233,50.10139233,50.10139233,50.10139233,50.10139233,50.10139233,55.27731055,61.3830338,60.34676402,60.66022878,65.11365864,65.47344849,66.61200607,58.5613506,46.49088828,49.75704484,60.54465849,60.54465849,60.54465849,60.54465849,65.42212657,67.53369604,67.53369604,67.53369604,59.2704236,59.2704236,59.2704236,36.76454875,36.76454875,36.76454875,36.76454875,36.76454875,36.76454875
0,16,70,66.53642268,57.77598776,52.23963154,48.52003609,48.52003609,48.52003609,48.49664347,53.19289192,50.26701051,50.26701051,50.26701051,50.26701051,50.26701051,50.26701051,50.26701051,54.50970469,61.3460373,59.07928964,57.53166481,60.38297702,60.21206554,57.75047391,51.24351012,40.90857625,44.86727377,56.21923412,56.21923412,56.21923412,56.21923412,64.20376082,66.44710028,66.44710028,66.44710028,58.91654763,58.91654763,58.91654763,41.02075971,41.02075971,41.02075971,41.02075971,41.02075971,41.02075971
0,17,70,60.08806945,49.60434732,43.61926317,43.36783336,43.36783336,43.36783336,51.62359345,52.39515326,50.995238,50.995238,50.995238,50.995238,50.995238,50.995238,50.995238,50.99561247,56.74180824,55.86273907,51.78418587,53.71167202,52.25016765,50.85656634,45.51214737,36.88994722,41.56743566,52.80539525,52.80539525,52.80539525,52.80539525,60.16367707,62.54661564,62.54661564,62.54661564,56.10383347,56.10383347,56.10383347,39.8463413,39.8463413,39.8463413,39.8463413,39.8463413,39.8463413
0,18,70,55.68944712,42.55875223,39.35571663,43.74263439,43.74263439,43.74263439,53.57765967,52.23178925,54.39221092,54.39221092,54.39221092,54.39221092,54.39221092,54.39221092,54.39221092,51.10988706,56.31791733,55.24050896,52.00013157,52.62439203,52.60535111,53.50044043,47.81471201,38.71355462,43.3506479,53.61124408,53.61124408,53.61124408,53.61124408,61.80357158,63.90729335,63.90729335,63.90729335,55.0054697,55.0054697,55.0054697,40.54734094,40.54734094,40.54734094,40.54734094,40.54734094,40.54734094
0,19,70,52.98244094,43.09798912,40.46003441,45.38563259,45.38563259,45.38563259,56.9107031,54.85234792,55.50220114,55.50220114,55.50220114,55.50220114,55.50220114,55.50220114,55.50220114,53.66310049,60.096697,59.43746015,58.51100106,61.21640184,63.23576973,62.45525676,53.86770477,45.33268647,50.69610979,59.28324092,59.28324092,59.28324092,59.28324092,64.62143952,66.83254567,66.83254567,66.83254567,56.9098621,56.9098621,56.9098621,44.54990562,44.54990562,44.54990562,44.54990562,44.54990562,44.54990562
0,20,70,53.57464625,39.76385718,39.83680826,47.07150441,47.07150441,47.07150441,52.47472553,52.88559768,55.7684996,55.7684996,55.7684996,55.7684996,55.7684996,55.7684996,55.7684996,54.43625004,60.50684158,60.53682938,61.58995975,64.90076167,65.13395532,63.23459364,57.22896687,46.90733677,52.29837943,62.95589196,62.95589196,62.95589196,62.95589196,64.61537598,66.9128978,66.9128978,66.9128978,55.9256634,55.9256634,55.9256634,46.01721147,46.01721147,46.01721147,46.01721147,46.01721147,46.01721147
0,21,70,60.68627258,47.18468856,46.13508992,54.05851411,54.05851411,54.05851411,59.34577076,59.29442839,58.79071243,58.79071243,58.79071243,58.79071243,58.79071243,58.79071243,58.79071243,54.71580817,60.78096699,61.48334694,62.2604124,65.94502104,65.17998823,65.5204872,60.2569031,47.03760699,52.64326628,65.17565407,65.17565407,65.17565407,65.17565407,64.55403438,65.73406836,65.73406836,65.73406836,60.53193924,60.53193924,60.53193924,50.09042124,50.09042124,50.09042124,50.09042124,50.09042124,50.09042124
0,22,70,66.55074779,57.83574077,56.85758578,60.2232789,60.2232789,60.2232789,66.28808002,62.84010188,62.34689152,62.34689152,62.34689152,62.34689152,62.34689152,62.34689152,62.34689152,55.82370799,62.07412776,62.99793224,63.79795509,67.31544153,67.13010651,66.24099756,61.57881749,50.06405409,54.77434367,66.30291964,66.30291964,66.30291964,66.30291964,66.61364474,68.00349193,68.00349193,68.00349193,66.01944388,66.01944388,66.01944388,56.78529869,56.78529869,56.78529869,56.78529869,56.78529869,56.78529869
0,23,70,69.14418403,64.59427604,64.35729666,64.47060436,64.47060436,64.47060436,66.33447945,63.19235064,63.77859193,63.77859193,63.77859193,63.77859193,63.77859193,63.77859193,63.77859193,56.93827052,62.9102366,64.24134799,65.28524325,68.84764802,68.75361226,68.36017718,64.63129105,53.45717351,57.5258778,68.79565332,68.79565332,68.79565332,68.79565332,68.76738652,69.38811949,69.38811949,69.38811949,66.91808662,66.91808662,66.91808662,61.81854949,61.81854949,61.81854949,61.81854949,61.81854949,61.81854949
1,0,70,70,70,70,70,70,70,70,70,70,70,70,70,70,70,70,70,70,70,70,70,70,70,70,70,70,70,70,70,70,70,70,70,70,70,70,70,70,70,70,70,70,70
1,1,70,70,70,70,70,70,70,70,70,70,70,70,70,70,70,70,70,70,70,70,70,70,70,70,70,70,70,70,70,70,70,70,70,70,70,70,70,70,70,70,70,70,70
1,2,70,70,70,70,70,70,70,70,70,70,70,70,70,70,70,70,70,70,70,70,70,70,70,70,70,70,70,70,70,70,70,70,70,70,70,70,70,70,70,70,70,70,70
1,3,70,70,70,70,70,70,70,70,70,70,70,70,70,70,70,70,70,70,70,70,70,70,70,70,70,70,70,70,70,70,70,70,70,70,70,70,70,70,70,70,70,70,70
1,4,70,70,70,70,70,70,70,70,70,70,70,70,70,70,70,70,70,70,70,70,70,70,70,70,70,70,70,70,70,70,70,70,70,70,70,70,70,70,70,70,70,70,70
1,5,70,68.94120057,65.23400178,64.29266299,64.6651387,64.6651387,64.6651387,65.51551916,61.69534019,62.36827346,62.36827346,62.36827346,62.36827346,62.36827346,62.36827346,62.36827346,55.1397141,59.14888437,61.11426592,63.72368644,67.3371771,67.55687388,67.0647533,62.97192563,52.60004656,55.91228411,66.3878603,66.3878603,66.3878603,66.3878603,67.73028991,68.8904857,68.8904857,68.8904857,64.05921076,64.05921076,64.05921076,62.18515161,62.18515161,62.18515161,62.18515161,62.18515161,62.18515161
1,6,70,69.0618426,65.00886106,64.32806921,63.87100863,63.87100863,63.87100863,65.58089258,61.39345738,61.86879459,61.86879459,61.86879459,61.86879459,61.86879459,61.86879459,61.86879459,56.30670293,61.48360847,61.9916651,64.19404145,67.96238572,68.3911392,66.3144697,60.90369392,51.84447223,56.55753323,66.36326582,66.36326582,66.36326582,66.36326582,67.94692087,68.96353469,68.96353469,68.96353469,63.43235192,63.43235192,63.43235192,55.07656768,55.07656768,55.07656768,55.07656768,55.07656768,55.07656768
1,7,70,69.01428325,63.79934517,62.84041464,59.99778656,59.99778656,59.99778656,53.82787028,53.79184517,56.3392463,56.3392463,56.3392463,56.3392463,56.3392463,56.3392463,56.3392463,55.11566822,59.37973792,57.90527271,57.75670573,60.15301123,62.01000781,61.62198874,51.69525616,42.57405222,46.29456775,50.00484354,50.00484354,50.00484354,50.00484354,46.2171628,46.90118411,46.90118411,46.90118411,34.35693546,34.35693546,34.35693546,25.65716501,25.65716501,25.65716501,25.65716501,25.65716501,25.65716501
1,8,70,60.5435148,54.88151866,50.93852587,45.99331042,45.99331042,45.99331042,37.73366202,42.52980035,52.49163701,52.49163701,52.49163701,52.49163701,52.49163701,52.49163701,52.49163701,51.58087013,47.92449634,45.2855901,50.42773503,52.04311578,53.71101374,52.88527297,42.6209764,35.19506051,35.86831146,36.86020692,36.86020692,36.86020692,36.86020692,32.95617776,32.03219883,32.03219883,32.03219883,25.23958575,25.23958575,25.23958575,24.44162975,24.44162975,24.44162975,24.44162975,24.44162975,24.44162975
1,9,70,67.71910949,62.53475494,60.19775419,57.58576617,57.58576617,57.58576617,44.82254985,43.36452003,52.91955486,52.91955486,52.91955486,52.91955486,52.91955486,52.91955486,52.91955486,53.37517569,56.35216612,52.32328715,56.11266706,58.86833421,58.49435285,59.69666352,53.42389062,41.75760307,44.61292536,52.04916856,52.04916856,52.04916856,52.04916856,50.81344252,51.53967251,51.53967251,51.53967251,39.43882174,39.43882174,39.43882174,30.17088553,30.17088553,30.17088553,30.17088553,30.17088553,30.17088553
1,10,70,68.48369694,63.52139591,63.21868436,61.92610228,61.92610228,61.92610228,57.58237027,50.32125948,56.25140481,56.25140481,56.25140481,56.25140481,56.25140481,56.25140481,56.25140481,53.98756846,58.35503785,55.26849283,58.90315021,64.6508703,64.37898045,63.14053652,58.28559249,46.8890457,50.37415713,62.61602757,62.61602757,62.61602757,62.61602757,64.44746166,67.08922409,67.08922409,67.08922409,62.94388487,62.94388487,62.94388487,51.1119708,51.1119708,51.1119708,51.1119708,51.1119708,51.1119708
1,11,70,67.8408308,63.70681232,63.37930243,62.02750482,62.02750482,62.02750482,64.07501329,57.1572601,57.31097304,57.31097304,57.31097304,57.31097304,57.31097304,57.31097304,57.31097304,53.69759334,57.80461769,55.36455019,58.56224427,63.13680114,63.71765576,65.33623202,59.64178371,46.66558934,49.50348446,60.73602939,60.73602939,60.73602939,60.73602939,64.07241773,67.11782211,67.11782211,67.11782211,64.15223276,64.15223276,64.15223276,55.35272558,55.35272558,55.35272558,55.35272558,55.35272558,55.35272558
1,12,70,68.6473566,63.22453987,62.39246732,60.74834271,60.74834271,60.74834271,59.67255532,54.79956627,54.28550651,54.28550651,54.28550651,54.28550651,54.28550651,54.28550651,54.28550651,53.13852634,56.97885937,56.34665475,58.35894646,63.34446466,62.81591559,64.21430902,57.3876943,43.49137851,46.35372235,58.8199191,58.8199191,58.8199191,58.8199191,61.33146899,65.20794481,65.20794481,65.20794481,60.4011687,60.4011687,60.4011687,43.33276178,43.33276178,43.33276178,43.33276178,43.33276178,43.33276178
1,13,69,68.21713316,62.47571987,62.0863503,59.77541995,59.77541995,59.77541995,53.72882201,53.13667632,50.5608563,50.5608563,50.5608563,50.5608563,50.5608563,50.5608563,50.5608563,50.19980757,52.78408804,51.2308157,48.80743985,50.84409043,49.9850817,51.0265367,44.88305996,36.08740008,41.06407285,51.58324827,51.58324827,51.58324827,51.58324827,57.57840411,62.06604106,62.06604106,62.06604106,51.5599108,51.5599108,51.5599108,34.37385675,34.37385675,34.37385675,34.37385675,34.37385675,34.37385675
1,14,70,68.42878068,60.75063,54.45562455,47.59264221,47.59264221,47.59264221,47.03130543,51.27608164,46.17795892,46.17795892,46.17795892,46.17795892,46.17795892,46.17795892,46.17795892,36.86829922,40.02581927,34.98060193,34.64421398,34.83783644,34.02034893,35.24093797,33.34006352,31.66944418,35.3544219,42.51150686,42.51150686,42.51150686,42.51150686,47.9903582,51.54800871,51.54800871,51.54800871,38.00025922,38.00025922,38.00025922,24.95904934,24.95904934,24.95904934,24.95904934,24.95904934,24.95904934
1,15,70,67.77007192,57.51204083,47.5957171,39.88333484,39.88333484,39.88333484,45.00398426,47.3714553,32.3301454,32.3301454,32.3301454,32.3301454,32.3301454,32.3301454,32.3301454,25.29817164,26.23821711,26.8749703,29.14350844,29.48514906,28.20257933,29.40767415,30.03331517,29.23072074,31.69705705,37.86365518,37.86365518,37.86365518,37.86365518,41.55444366,44.60429073,44.60429073,44.60429073,30.16733286,30.16733286,30.16733286,21.34193302,21.34193302,21.34193302,21.34193302,21.34193302,21.34193302
1,16,70,67.47873354,57.57530649,46.34715495,37.36772755,37.36772755,37.36772755,42.10566792,44.87548574,22.26386912,22.26386912,22.26386912,22.26386912,22.26386912,22.26386912,22.26386912,20.98325552,21.54929165,22.23738595,26.56883958,26.86582783,25.90782188,26.61948683,28.12216397,28.63487256,31.04577859,37.24420734,37.24420734,37.24420734,37.24420734,40.3646669,42.6105663,42.6105663,42.6105663,30.55244444,30.55244444,30.55244444,21.22931255,21.22931255,21.22931255,21.22931255,21.22931255,21.22931255
1,17,70,66.60343111,58.86984569,55.96003686,50.95610262,50.95610262,50.95610262,40.89192587,43.55113171,21.46314832,21.46314832,21.46314832,21.46314832,21.46314832,21.46314832,21.46314832,20.48682702,20.70271312,22.71120365,26.72143348,27.45908436,26.51143674,27.68082956,28.80730493,28.60970892,31.51779289,37.96617627,37.96617627,37.96617627,37.96617627,41.86901924,45.99092978,45.99092978,45.99092978,34.60903506,34.60903506,34.60903506,23.3270557,23.3270557,23.3270557,23.3270557,23.3270557,23.3270557
1,18,70,67.13615821,59.75052238,56.30087761,54.0302287,54.0302287,54.0302287,41.57705434,45.0224381,26.13354508,26.13354508,26.13354508,26.13354508,26.13354508,26.13354508,26.13354508,22.11739174,19.87439191,24.18864942,28.61009894,29.15725234,28.52682493,29.70420108,29.85043702,29.52093287,33.25172365,40.73640885,40.73640885,40.73640885,40.73640885,46.22241053,50.52123523,50.52123523,50.52123523,39.51086013,39.51086013,39.51086013,27.24363245,27.24363245,27.24363245,27.24363245,27.24363245,27.24363245
1,19,70,67.38461514,60.41353724,60.11737795,60.68545551,60.68545551,60.68545551,54.61304839,49.97388179,46.35622568,46.35622568,46.35622568,46.35622568,46.35622568,46.35622568,46.35622568,32.83969862,33.59884495,35.85984808,34.52202399,35.63203611,34.23278559,34.90449645,33.38953991,31.70146115,37.43366046,43.57188717,43.57188717,43.57188717,43.57188717,51.40720001,56.9461017,56.9461017,56.9461017,47.84235127,47.84235127,47.84235127,34.33564256,34.33564256,34.33564256,34.33564256,34.33564256,34.33564256
1,20,70,68.04590797,61.1889386,59.95608566,60.63210248,60.63210248,60.63210248,62.545199,58.94726656,58.87185621,58.87185621,58.87185621,58.87185621,58.87185621,58.87185621,58.87185621,51.99251487,58.87243133,58.49180104,55.36734974,57.94488938,57.03191765,57.19289303,53.6132212,41.91869508,47.74224579,60.43539726,60.43539726,60.43539726,60.43539726,61.45935462,64.61593033,64.61593033,64.61593033,57.9564038,57.9564038,57.9564038,46.73225764,46.73225764,46.73225764,46.73225764,46.73225764,46.73225764
1,21,70,68.46815753,61.9875519,59.51672008,60.52102155,60.52102155,60.52102155,65.53695836,61.70920749,61.21240539,61.21240539,61.21240539,61.21240539,61.21240539,61.21240539,61.21240539,55.19788226,60.98047877,61.6622777,63.22826224,67.2247401,67.29901071,66.2613532,60.70200632,49.3610848,54.89970515,66.16583923,66.16583923,66.16583923,66.16583923,66.52459661,68.41909588,68.41909588,68.41909588,65.50574855,65.50574855,65.50574855,57.93100881,57.93100881,57.93100881,57.93100881,57.93100881,57.93100881
1,22,70,68.28387852,62.95196791,62.9897829,63.81236955,63.81236955,63.81236955,66.18189753,61.28601298,61.94602462,61.94602462,61.94602462,61.94602462,61.94602462,61.94602462,61.94602462,56.05405884,61.74639967,62.60654591,64.38284607,67.70743501,67.67556225,66.34915055,61.81628048,50.45805893,55.60747784,66.53495138,66.53495138,66.53495138,66.53495138,66.85485484,68.72774605,68.72774605,68.72774605,65.36643418,65.36643418,65.36643418,61.41440781,61.41440781,61.41440781,61.41440781,61.41440781,61.41440781
1,23,70,69.25818656,64.83176253,64.58778829,64.91426773,64.91426773,64.91426773,66.9294863,62.86481075,63.73698165,63.73698165,63.73698165,63.73698165,63.73698165,63.73698165,63.73698165,56.72697134,62.58296027,63.94768206,65.35902286,68.77378813,68.8069964,68.13677239,64.59909111,53.61221779,57.35947796,68.48997123,68.48997123,68.48997123,68.48997123,68.32599782,69.07906232,69.07906232,69.07906232,66.32127691,66.32127691,66.32127691,62.36776612,62.36776612,62.36776612,62.36776612,62.36776612,62.36776612
2,0,70,70,70,70,70,70,70,70,70,70,70,70,70,70,70,70,70,70,70,70,70,70,70,70,70,70,70,70,70,70,70,70,70,70,70,70,70,70,70,70,70,70,70
2,1,70,70,70,70,70,70,70,70,70,70,70,70,70,70,70,70,70,70,70,70,70,70,70,70,70,70,70,70,70,70,70,70,70,70,70,70,70,70,70,70,70,70,70
2,2,70,70,70,70,70,70,70,70,70,70,70,70,70,70,70,70,70,70,70,70,70,70,70,70,70,70,70,70,70,70,70,70,70,70,70,70,70,70,70,70,70,70,70
2,3,70,70,70,70,70,70,70,70,70,70,70,70,70,70,70,70,70,70,70,70,70,70,70,70,70,70,70,70,70,70,70,70,70,70,70,70,70,70,70,70,70,70,70
2,4,70,70,70,70,70,70,70,70,70,70,70,70,70,70,70,70,70,70,70,70,70,70,70,70,70,70,70,70,70,70,70,70,70,70,70,70,70,70,70,70,70,70,70
2,5,70,68.83510557,65.09797605,64.26002086,64.69512548,64.69512548,64.69512548,64.94651313,61.86530337,61.88250182,61.88250182,61.88250182,61.88250182,61.88250182,61.88250182,61.88250182,54.97701003,59.24742782,61.31301291,63.5354474,67.17981961,67.38104797,66.613959,62.95647777,52.54547865,55.54397432,65.55809917,65.55809917,65.55809917,65.55809917,67.7269845,68.94042197,68.94042197,68.94042197,65.5394028,65.5394028,65.5394028,62.09331024,62.09331024,62.09331024,62.09331024,62.09331024,62.09331024
2,6,69.54040404,69.25054373,64.94734872,64.28960951,63.87453075,63.87453075,63.87453075,65.63427288,61.94069151,62.121897,62.121897,62.121897,62.121897,62.121897,62.121897,62.121897,56.44319628,61.02758332,61.66695496,64.15410591,68.06941522,68.44310379,68.02077689,62.73405489,51.69683781,56.32652285,66.94858174,66.94858174,66.94858174,66.94858174,67.88465445,68.80842027,68.80842027,68.80842027,63.36710521,63.36710521,63.36710521,51.43826127,51.43826127,51.43826127,51.43826127,51.43826127,51.43826127
2,7,70,69.25656271,63.52870612,62.62154331,59.89883349,59.89883349,59.89883349,52.06023924,51.09410138,55.29629062,55.29629062,55.29629062,55.29629062,55.29629062,55.29629062,55.29629062,53.46268598,47.86405283,44.86558058,51.30974339,52.08180476,56.41346224,53.06649268,41.8431282,37.53489972,40.91551192,42.0541402,42.0541402,42.0541402,42.0541402,40.99090666,41.53931089,41.53931089,41.53931089,25.81595935,25.81595935,25.81595935,20.95699765,20.95699765,20.95699765,20.95699765,20.95699765,20.95699765
2,8,70,59.84697537,51.95287827,47.81319135,43.55517289,43.55517289,43.55517289,32.61282775,40.48549707,50.05902999,50.05902999,50.05902999,50.05902999,50.05902999,50.05902999,50.05902999,46.96240504,32.82710679,31.9166575,41.56933534,42.51968378,45.62269826,40.17190015,30.38392018,28.2877663,28.92941399,28.09473936,28.09473936,28.09473936,28.09473936,28.38153255,27.81354784,27.81354784,27.81354784,20.03981731,20.03981731,20.03981731,18.75182111,18.75182111,18.75182111,18.75182111,18.75182111,18.75182111
2,9,70,66.98764978,61.70934967,59.13647657,52.08217432,52.08217432,52.08217432,38.6538134,39.37190056,51.02602197,51.02602197,51.02602197,51.02602197,51.02602197,51.02602197,51.02602197,52.18339211,49.78561138,46.8979923,55.70879717,59.22731724,60.44625975,53.47927676,45.50703377,38.60539876,39.35806592,42.62622943,42.62622943,42.62622943,42.62622943,42.16541979,43.7958941,43.7958941,43.7958941,27.51397661,27.51397661,27.51397661,20.82098884,20.82098884,20.82098884,20.82098884,20.82098884,20.82098884
2,10,70,68.50096773,62.25557731,61.20788269,60.09148774,60.09148774,60.09148774,55.25997618,47.31079671,54.51310256,54.51310256,54.51310256,54.51310256,54.51310256,54.51310256,54.51310256,54.08190839,58.32818552,57.20717925,59.62073717,65.0222132,64.73864038,62.21126021,56.80112933,45.58424769,48.64869445,58.30974511,58.30974511,58.30974511,58.30974511,60.84374974,63.41314293,63.41314293,63.41314293,54.89291872,54.89291872,54.89291872,37.72068511,37.72068511,37.72068511,37.72068511,37.72068511,37.72068511
2,11,70,68.2986761,63.0180865,62.71980786,61.73962939,61.73962939,61.73962939,59.21513709,55.08420038,55.18853236,55.18853236,55.18853236,55.18853236,55.18853236,55.18853236,55.18853236,53.42287719,57.14480861,56.21028858,58.04926898,63.25397643,62.66095609,62.22349524,56.95136984,44.42936294,47.82704218,58.8771374,58.8771374,58.8771374,58.8771374,63.06959356,66.22134676,66.22134676,66.22134676,61.18689008,61.18689008,61.18689008,46.38808023,46.38808023,46.38808023,46.38808023,46.38808023,46.38808023
2,12,70,68.40823516,62.77094463,62.30628399,61.14775068,61.14775068,61.14775068,59.11949576,54.66103274,53.70083627,53.70083627,53.70083627,53.70083627,53.70083627,53.70083627,53.70083627,51.98260717,54.64134598,53.51075062,56.57527665,60.91666112,59.47571387,58.57544381,51.76566788,39.98512291,43.25847913,54.15440907,54.15440907,54.15440907,54.15440907,60.20447667,64.43074512,64.43074512,64.43074512,55.78948359,55.78948359,55.78948359,36.27775263,36.27775263,36.27775263,36.27775263,36.27775263,36.27775263
2,13,69.13218391,68.35277583,62.40374655,60.60300994,56.61952298,56.61952298,56.61952298,52.72330628,52.01200632,49.50339267,49.50339267,49.50339267,49.50339267,49.50339267,49.50339267,49.50339267,44.81825793,44.94485385,43.92050319,42.23353841,42.96088914,41.46798301,41.00957851,36.08000868,31.9243643,36.09146937,44.09558358,44.09558358,44.09558358,44.09558358,53.36880605,59.01319791,59.01319791,59.01319791,45.89320516,45.89320516,45.89320516,27.79717845,27.79717845,27.79717845,27.79717845,27.79717845,27.79717845
2,14,68.91758242,67.66954601,58.62917462,48.74414432,41.88027109,41.88027109,41.88027109,47.19617905,50.49191494,41.38500732,41.38500732,41.38500732,41.38500732,41.38500732,41.38500732,41.38500732,28.00434519,33.70913302,34.54971658,30.82030118,28.8221059,26.53674318,26.63892039,27.88212953,27.14955948,30.10982277,38.1880774,38.1880774,38.1880774,38.1880774,41.23943104,43.59518577,43.59518577,43.59518577,26.96986039,26.96986039,26.96986039,18.72191522,18.72191522,18.72191522,18.72191522,18.72191522,18.72191522
2,15,70,68.43973869,60.05871241,45.03613647,34.61061269,34.61061269,34.61061269,39.30269936,43.40894332,24.43792025,24.43792025,24.43792025,24.43792025,24.43792025,24.43792025,24.43792025,21.20210315,27.20824979,28.80760531,25.55408761,24.19118007,22.5304641,23.06174536,24.83175893,24.9436598,25.7711767,30.8376995,30.8376995,30.8376995,30.8376995,31.50645496,34.00527839,34.00527839,34.00527839,19.30231053,19.30231053,19.30231053,15.757368,15.757368,15.757368,15.757368,15.757368,15.757368
2,16,70,68.60987055,58.17961877,40.93993572,26.44901671,26.44901671,26.44901671,36.44277499,39.8206014,15.55071593,15.55071593,15.55071593,15.55071593,15.55071593,15.55071593,15.55071593,16.7628241,22.35563211,19.87594711,21.71871439,20.93726703,20.00896912,21.08946542,23.44947259,23.96658817,24.79901352,28.40690605,28.40690605,28.40690605,28.40690605,30.45017776,34.11214666,34.11214666,34.11214666,19.46342424,19.46342424,19.46342424,14.68890266,14.68890266,14.68890266,14.68890266,14.68890266,14.68890266
2,17,70,68.74041667,63.19937018,48.9481506,33.61031059,33.61031059,33.61031059,36.02733204,38.79581272,15.01898092,15.01898092,15.01898092,15.01898092,15.01898092,15.01898092,15.01898092,16.20884822,19.16683135,19.76755385,22.7286806,22.02381352,20.98217201,22.17200529,24.21347613,24.42095382,25.37553902,30.30588821,30.30588821,30.30588821,30.30588821,30.11524886,34.07590577,34.07590577,34.07590577,18.33101336,18.33101336,18.33101336,13.96270943,13.96270943,13.96270943,13.96270943,13.96270943,13.96270943
2,18,70,68.44401225,63.58289212,46.73001749,35.42569348,35.42569348,35.42569348,35.21184771,38.27108988,16.35371556,16.35371556,16.35371556,16.35371556,16.35371556,16.35371556,16.35371556,17.15550514,17.79124116,21.37440776,23.69512541,23.08149031,21.97583663,22.61744661,24.81683519,25.30554423,27.08083623,31.63725094,31.63725094,31.63725094,31.63725094,33.14268474,36.80577825,36.80577825,36.80577825,25.92607761,25.92607761,25.92607761,17.64753021,17.64753021,17.64753021,17.64753021,17.64753021,17.64753021
2,19,70,68.96892232,64.16662764,58.9469553,52.90279377,52.90279377,52.90279377,46.49441778,44.2565881,29.80366162,29.80366162,29.80366162,29.80366162,29.80366162,29.80366162,29.80366162,22.84278666,22.90674052,26.35875998,26.94119358,26.48796155,26.36646164,26.09120596,26.71766265,28.07716961,31.94334621,36.65665672,36.65665672,36.65665672,36.65665672,41.46749519,46.69702921,46.69702921,46.69702921,36.3489294,36.3489294,36.3489294,25.02139724,25.02139724,25.02139724,25.02139724,25.02139724,25.02139724
2,20,70,68.85273801,63.32084311,63.16959447,61.78337524,61.78337524,61.78337524,53.0794173,54.07490809,52.07550806,52.07550806,52.07550806,52.07550806,52.07550806,52.07550806,52.07550806,42.87161034,44.50627874,42.22305509,42.48234378,44.6713464,45.34583276,42.86388192,39.81740426,35.28080437,40.83893221,51.06072262,51.06072262,51.06072262,51.06072262,51.88809076,55.08729497,55.08729497,55.08729497,45.10897258,45.10897258,45.10897258,32.64837342,32.64837342,32.64837342,32.64837342,32.64837342,32.64837342
2,21,70,68.95249594,63.55988422,63.40413011,62.52345124,62.52345124,62.52345124,65.42517112,60.82877984,58.99576831,58.99576831,58.99576831,58.99576831,58.99576831,58.99576831,58.99576831,54.65682689,58.46856551,58.1162614,60.17093478,63.83629503,65.06382327,63.46882337,57.48772296,46.59366711,51.59471368,63.85069174,63.85069174,63.85069174,63.85069174,63.26517271,64.94832906,64.94832906,64.94832906,59.7010952,59.7010952,59.7010952,49.40094119,49.40094119,49.40094119,49.40094119,49.40094119,49.40094119
2,22,70,69.25067076,64.31760221,64.22671907,64.11318318,64.11318318,64.11318318,66.88379624,62.91855259,61.3533238,61.3533238,61.3533238,61.3533238,61.3533238,61.3533238,61.3533238,55.78923569,61.48122096,62.28930755,63.50950358,67.5461144,68.20568587,66.72856515,61.59913149,50.05074476,54.92574237,67.18077798,67.18077798,67.18077798,67.18077798,66.61108013,68.62793004,68.62793004,68.62793004,66.23645351,66.23645351,66.23645351,59.57698263,59.57698263,59.57698263,59.57698263,59.57698263,59.57698263
2,23,70,69.28416634,64.93192322,64.93575398,65.17753526,65.17753526,65.17753526,67.01520051,63.56623258,63.60414303,63.60414303,63.60414303,63.60414303,63.60414303,63.60414303,63.60414303,56.48138725,61.53698413,63.02288383,65.18358632,68.88444127,69.00334972,68.45539503,64.32472962,53.4122481,57.39231716,68.52464308,68.52464308,68.52464308,68.52464308,68.33668746,68.95190789,68.95190789,68.95190789,66.93867616,66.93867616,66.93867616,62.38551595,62.38551595,62.38551595,62.38551595,62.38551595,62.38551595
3,0,70,70,70,70,70,70,70,70,70,70,70,70,70,70,70,70,70,70,70,70,70,70,70,70,70,70,70,70,70,70,70,70,70,70,70,70,70,70,70,70,70,70,70
3,1,70,70,70,70,70,70,70,70,70,70,70,70,70,70,70,70,70,70,70,70,70,70,70,70,70,70,70,70,70,70,70,70,70,70,70,70,70,70,70,70,70,70,70
3,2,70,70,70,70,70,70,70,70,70,70,70,70,70,70,70,70,70,70,70,70,70,70,70,70,70,70,70,70,70,70,70,70,70,70,70,70,70,70,70,70,70,70,70
3,3,70,70,70,70,70,70,70,70,70,70,70,70,70,70,70,70,70,70,70,70,70,70,70,70,70,70,70,70,70,70,70,70,70,70,70,70,70,70,70,70,70,70,70
3,4,70,70,70,70,70,70,70,70,70,70,70,70,70,70,70,70,70,70,70,70,70,70,70,70,70,70,70,70,70,70,70,70,70,70,70,70,70,70,70,70,70,70,70
3,5,70,68.81561867,65.19215557,64.27252372,64.59354243,64.59354243,64.59354243,65.050644,61.71121697,62.0375774,62.0375774,62.0375774,62.0375774,62.0375774,62.0375774,62.0375774,54.85299393,59.14006174,61.2515158,63.55339052,67.22565036,67.59142629,67.09933139,62.88764145,52.60345965,55.53133626,66.19403746,66.19403746,66.19403746,66.19403746,67.68171111,68.90361779,68.90361779,68.90361779,65.50934009,65.50934009,65.50934009,62.14291418,62.14291418,62.14291418,62.14291418,62.14291418,62.14291418
3,6,70,69.19440676,65.04908008,64.49340972,63.94825281,63.94825281,63.94825281,65.51673811,61.44613266,62.17717241,62.17717241,62.17717241,62.17717241,62.17717241,62.17717241,62.17717241,56.40602358,60.54422315,61.25175618,64.18644309,68.11080081,68.57647523,67.99813905,62.58525291,51.81110511,56.3959385,67.17002024,67.17002024,67.17002024,67.17002024,67.33257031,68.06269364,68.06269364,68.06269364,60.84042123,60.84042123,60.84042123,51.38512201,51.38512201,51.38512201,51.38512201,51.38512201,51.38512201
3,7,69.35227273,69.27412729,63.58097882,62.11826579,58.87552884,58.87552884,58.87552884,52.07705223,51.09250824,55.21457808,55.21457808,55.21457808,55.21457808,55.21457808,55.21457808,55.21457808,54.29061617,55.01513647,52.7768207,52.78386925,54.90484425,58.58853432,57.32498902,45.40566511,38.55783116,41.20040088,42.22256164,42.22256164,42.22256164,42.22256164,40.51512119,41.91319038,41.91319038,41.91319038,28.0647428,28.0647428,28.0647428,21.13987444,21.13987444,21.13987444,21.13987444,21.13987444,21.13987444
3,8,69.2688172,61.29397771,55.03211018,48.79787913,42.97824609,42.97824609,42.97824609,36.73687227,44.55527007,51.4493264,51.4493264,51.4493264,51.4493264,51.4493264,51.4493264,51.4493264,47.97090049,43.35905708,41.60404202,44.7978011,45.93501722,47.77158632,43.36196868,34.93526413,30.05913288,29.51408518,30.8186156,30.8186156,30.8186156,30.8186156,30.53256837,31.16757665,31.16757665,31.16757665,24.63274872,24.63274872,24.63274872,20.21651738,20.21651738,20.21651738,20.21651738,20.21651738,20.21651738
3,9,70,67.5151248,60.55953104,55.10077316,50.32073289,50.32073289,50.32073289,35.42940868,41.66678674,50.29149659,50.29149659,50.29149659,50.29149659,50.29149659,50.29149659,50.29149659,51.95911199,52.6624062,49.03016717,55.52379822,58.93945065,59.55868235,57.16522643,46.93402534,38.62796751,39.63874017,45.95157717,45.95157717,45.95157717,45.95157717,42.74042187,44.07924694,44.07924694,44.07924694,29.03448423,29.03448423,29.03448423,21.59637537,21.59637537,21.59637537,21.59637537,21.59637537,21.59637537
3,10,69.13636364,68.47422165,62.86100136,62.70032421,61.24780507,61.24780507,61.24780507,56.27584491,50.96077075,53.37633083,53.37633083,53.37633083,53.37633083,53.37633083,53.37633083,53.37633083,52.69155521,56.90373869,55.64203578,58.56101236,64.02703933,63.84842803,62.01144517,56.57531014,45.06854031,48.35722098,58.65581079,58.65581079,58.65581079,58.65581079,59.79069895,62.95339044,62.95339044,62.95339044,53.08665479,53.08665479,53.08665479,37.0374815,37.0374815,37.0374815,37.0374815,37.0374815,37.0374815
3,11,68.50267094,68.0436837,62.92408535,62.04627322,61.04104316,61.04104316,61.04104316,61.22199884,55.6555597,53.6888685,53.6888685,53.6888685,53.6888685,53.6888685,53.6888685,53.6888685,52.78945631,54.81666258,55.68295734,57.99436852,62.87971562,62.3514476,60.62283249,54.74034349,43.36970328,46.21939776,55.75992995,55.75992995,55.75992995,55.75992995,61.24231222,64.62472322,64.62472322,64.62472322,59.40325901,59.40325901,59.40325901,44.5663371,44.5663371,44.5663371,44.5663371,44.5663371,44.5663371
3,12,70,68.431539,62.75485235,61.89367327,58.90025361,58.90025361,58.90025361,54.72510295,53.31612684,51.53884389,51.53884389,51.53884389,51.53884389,51.53884389,51.53884389,51.53884389,51.02812962,54.07745313,51.90318885,53.40810822,57.53731676,54.70371932,56.35245477,49.91701558,36.0395676,39.10680339,52.39694665,52.39694665,52.39694665,52.39694665,57.47388653,62.02141093,62.02141093,62.02141093,52.72947742,52.72947742,52.72947742,32.77319081,32.77319081,32.77319081,32.77319081,32.77319081,32.77319081
3,13,69.31060606,68.05609999,62.46740112,57.36292655,51.68809497,51.68809497,51.68809497,49.56609117,51.97350211,46.4824313,46.4824313,46.4824313,46.4824313,46.4824313,46.4824313,46.4824313,40.16936712,42.8567269,40.82986243,37.34879787,37.26714929,36.04650018,38.66943024,35.62424262,30.21645921,34.02508415,43.39108537,43.39108537,43.39108537,43.39108537,50.47249356,55.02790424,55.02790424,55.02790424,41.46098563,41.46098563,41.46098563,26.1796287,26.1796287,26.1796287,26.1796287,26.1796287,26.1796287
3,14,67.6,65.6985613,54.55638306,42.00430164,33.27588564,33.27588564,33.27588564,40.84210419,47.17771842,38.44634048,38.44634048,38.44634048,38.44634048,38.44634048,38.44634048,38.44634048,26.57895044,27.71760899,31.59218689,28.82783013,27.82769475,26.4967534,27.53718273,27.79658176,26.83524346,28.11730155,33.99827223,33.99827223,33.99827223,33.99827223,36.4197013,39.22339679,39.22339679,39.22339679,24.92546943,24.92546943,24.92546943,19.68498702,19.68498702,19.68498702,19.68498702,19.68498702,19.68498702
3,15,70,66.37776059,53.23675768,42.35544284,29.98126993,29.98126993,29.98126993,38.38534982,43.21533574,23.07194259,23.07194259,23.07194259,23.07194259,23.07194259,23.07194259,23.07194259,19.36343617,22.4961135,26.05714222,24.5837223,23.60160485,22.98267559,24.87614336,24.98111242,25.92503757,27.10477048,29.88501432,29.88501432,29.88501432,29.88501432,32.05715822,34.43359869,34.43359869,34.43359869,20.56916609,20.56916609,20.56916609,16.50307901,16.50307901,16.50307901,16.50307901,16.50307901,16.50307901
3,16,70,65.04884626,54.07713654,37.23225437,19.76144632,19.76144632,19.76144632,36.15201076,39.38630398,14.61787149,14.61787149,14.61787149,14.61787149,14.61787149,14.61787149,14.61787149,16.45224594,16.52236066,19.7496523,22.25957395,21.64807482,21.78232468,24.23368385,24.69785239,25.38991241,26.56027625,30.44565751,30.44565751,30.44565751,30.44565751,31.59861572,36.66226062,36.66226062,36.66226062,18.23360849,18.23360849,18.23360849,14.40031748,14.40031748,14.40031748,14.40031748,14.40031748,14.40031748
3,17,70,66.45414436,55.59842222,41.31318072,20.4360104,20.4360104,20.4360104,35.27554307,38.82219474,13.58755926,13.58755926,13.58755926,13.58755926,13.58755926,13.58755926,13.58755926,15.72860708,17.37694313,19.34536274,21.90469366,21.64196738,21.19554831,21.88456936,23.65326979,24.83603481,26.22035101,29.63267475,29.63267475,29.63267475,29.63267475,30.465701,37.08588602,37.08588602,37.08588602,18.21779674,18.21779674,18.21779674,13.86688396,13.86688396,13.86688396,13.86688396,13.86688396,13.86688396
3,18,70,68.27494516,59.27625316,42.68841291,21.48812632,21.48812632,21.48812632,34.22219945,38.35460677,14.9307284,14.9307284,14.9307284,14.9307284,14.9307284,14.9307284,14.9307284,16.320875,16.03222156,20.52119832,23.17171793,22.71586909,21.74455055,22.54607207,23.79404155,25.21071775,27.19488365,30.48362876,30.48362876,30.48362876,30.48362876,33.28950532,38.16972085,38.16972085,38.16972085,23.47093895,23.47093895,23.47093895,17.51727573,17.51727573,17.51727573,17.51727573,17.51727573,17.51727573
3,19,70,67.37795705,61.24910336,57.09918425,46.48160785,46.48160785,46.48160785,37.36815288,41.44584053,23.25209124,23.25209124,23.25209124,23.25209124,23.25209124,23.25209124,23.25209124,21.3105469,24.21598106,27.53088963,26.16457871,25.7565394,26.12601631,23.84945957,25.46455699,28.37003406,32.2290846,36.09816538,36.09816538,36.09816538,36.09816538,41.65953691,48.57574805,48.57574805,48.57574805,34.58124988,34.58124988,34.58124988,23.7987613,23.7987613,23.7987613,23.7987613,23.7987613,23.7987613
3,20,69.69565217,67.03871261,61.62432668,60.94874324,59.39873215,59.39873215,59.39873215,50.53258265,52.83162594,48.82400449,48.82400449,48.82400449,48.82400449,48.82400449,48.82400449,48.82400449,37.63398083,44.07102561,44.07154384,36.87531353,37.44394514,38.90416824,35.60500888,33.56694404,33.04501621,39.08466101,46.481807,46.481807,46.481807,46.481807,50.61346273,54.88811509,54.88811509,54.88811509,40.73310201,40.73310201,40.73310201,30.62715851,30.62715851,30.62715851,30.62715851,30.62715851,30.62715851
3,21,70,68.74117002,63.00111469,61.30892378,60.78212393,60.78212393,60.78212393,63.8860285,59.99337094,58.7757071,58.7757071,58.7757071,58.7757071,58.7757071,58.7757071,58.7757071,53.25635669,60.96258077,61.53081264,58.50011218,61.86774247,61.77282919,59.11560703,54.06095434,43.83702402,49.05657773,60.50199436,60.50199436,60.50199436,60.50199436,62.29086112,65.22538646,65.22538646,65.22538646,56.68781827,56.68781827,56.68781827,46.04636415,46.04636415,46.04636415,46.04636415,46.04636415,46.04636415
3,22,70,69.15652114,64.11619351,63.87384852,63.83089962,63.83089962,63.83089962,66.47981054,61.40207761,60.67214738,60.67214738,60.67214738,60.67214738,60.67214738,60.67214738,60.67214738,54.5769315,60.13339867,62.10798968,62.0310132,66.08263982,65.43337373,64.72540879,59.0184023,47.52067945,52.67549916,64.7733904,64.7733904,64.7733904,64.7733904,64.60715964,67.21742891,67.21742891,67.21742891,64.71055687,64.71055687,64.71055687,57.96776393,57.96776393,57.96776393,57.96776393,57.96776393,57.96776393
3,23,70,69.30333005,64.42855163,63.87698096,64.62735124,64.62735124,64.62735124,66.5327374,62.4297065,63.13908833,63.13908833,63.13908833,63.13908833,63.13908833,63.13908833,63.13908833,56.32465584,61.36239088,63.11172284,64.91186313,68.80758269,68.96051147,68.37236923,64.14644983,52.99636615,57.20943084,68.2151194,68.2151194,68.2151194,68.2151194,66.7605835,68.25380466,68.25380466,68.25380466,65.50110926,65.50110926,65.50110926,62.01076385,62.01076385,62.01076385,62.01076385,62.01076385,62.01076385
4,0,70,70,70,70,70,70,70,70,70,70,70,70,70,70,70,70,70,70,70,70,70,70,70,70,70,70,70,70,70,70,70,70,70,70,70,70,70,70,70,70,70,70,70
4,1,70,70,70,70,70,70,70,70,70,70,70,70,70,70,70,70,70,70,70,70,70,70,70,70,70,70,70,70,70,70,70,70,70,70,70,70,70,70,70,70,70,70,70
4,2,70,70,70,70,70,70,70,70,70,70,70,70,70,70,70,70,70,70,70,70,70,70,70,70,70,70,70,70,70,70,70,70,70,70,70,70,70,70,70,70,70,70,70
4,3,70,70,70,70,70,70,70,70,70,70,70,70,70,70,70,70,70,70,70,70,70,70,70,70,70,70,70,70,70,70,70,70,70,70,70,70,70,70,70,70,70,70,70
4,4,70,70,70,70,70,70,70,70,70,70,70,70,70,70,70,70,70,70,70,70,70,70,70,70,70,70,70,70,70,70,70,70,70,70,70,70,70,70,70,70,70,70,70
4,5,70,68.7731489,64.90866455,63.91768091,64.67518121,64.67518121,64.67518121,64.89509385,61.71752302,61.76158475,61.76158475,61.76158475,61.76158475,61.76158475,61.76158475,61.76158475,54.6856577,58.35221161,60.38112522,63.34391797,67.08411355,67.39718945,66.81586863,62.63703646,52.20291642,55.45601944,66.04020985,66.04020985,66.04020985,66.04020985,67.67553762,68.97372299,68.97372299,68.97372299,63.6076271,63.6076271,63.6076271,62.07346389,62.07346389,62.07346389,62.07346389,62.07346389,62.07346389
4,6,70,69.2300002,64.88751066,64.30607567,64.08497609,64.08497609,64.08497609,64.5993895,61.39144929,61.7172384,61.7172384,61.7172384,61.7172384,61.7172384,61.7172384,61.7172384,56.2773404,60.40969219,60.83533694,64.04418467,68.09686287,68.42756651,67.78971651,61.67187417,51.24117968,55.97888443,65.92331036,65.92331036,65.92331036,65.92331036,67.2722924,68.31801193,68.31801193,68.31801193,61.86998673,61.86998673,61.86998673,52.56996185,52.56996185,52.56996185,52.56996185,52.56996185,52.56996185
4,7,70,69.31036291,63.6681314,62.53820335,60.51546435,60.51546435,60.51546435,51.84664419,50.6793721,55.90980795,55.90980795,55.90980795,55.90980795,55.90980795,55.90980795,55.90980795,54.36981495,54.79450349,52.22994991,54.49525471,56.95491648,61.58165258,60.10824536,45.87271218,39.89135375,43.66085163,46.04900868,46.04900868,46.04900868,46.04900868,43.30221656,44.32311684,44.32311684,44.32311684,26.18824839,26.18824839,26.18824839,21.71683312,21.71683312,21.71683312,21.71683312,21.71683312,21.71683312
4,8,70,59.81071084,52.63214877,46.93532093,44.31864034,44.31864034,44.31864034,37.29923929,39.92216968,50.62590097,50.62590097,50.62590097,50.62590097,50.62590097,50.62590097,50.62590097,48.47110534,44.89370926,43.91305738,45.96214588,47.70379599,50.7726229,49.76189355,35.64283791,30.46788363,32.39816385,32.47504996,32.47504996,32.47504996,32.47504996,30.2355248,30.63737049,30.63737049,30.63737049,21.10597198,21.10597198,21.10597198,19.96680745,19.96680745,19.96680745,19.96680745,19.96680745,19.96680745
4,9,70,67.07966025,59.48900907,55.12619394,51.6623819,51.6623819,51.6623819,40.95481702,40.57924116,51.26513883,51.26513883,51.26513883,51.26513883,51.26513883,51.26513883,51.26513883,52.10063499,53.05218672,49.57097958,55.87646059,59.64554317,59.90724335,59.06640171,48.45195937,38.12825647,38.9764059,44.16990218,44.16990218,44.16990218,44.16990218,43.16895991,44.58128669,44.58128669,44.58128669,29.14168187,29.14168187,29.14168187,22.23492907,22.23492907,22.23492907,22.23492907,22.23492907,22.23492907
4,10,70,68.80850132,63.1873665,63.02415823,61.35641924,61.35641924,61.35641924,56.31320745,49.88106828,53.0155898,53.0155898,53.0155898,53.0155898,53.0155898,53.0155898,53.0155898,53.59484111,58.5432993,57.44656679,58.35235656,63.6690598,63.33857628,64.51490545,57.18471411,45.05039217,47.6959683,55.24359542,55.24359542,55.24359542,55.24359542,59.8942577,62.55298196,62.55298196,62.55298196,50.49338737,50.49338737,50.49338737,35.57806657,35.57806657,35.57806657,35.57806657,35.57806657,35.57806657
4,11,69.16853933,68.79169171,63.59462831,63.34711346,61.95242075,61.95242075,61.95242075,59.75813558,55.45225216,52.72869804,52.72869804,52.72869804,52.72869804,52.72869804,52.72869804,52.72869804,53.64574697,57.2151069,56.16676918,58.71115801,63.55371336,62.65764317,62.86732437,55.61533366,43.55721149,46.98292992,56.28910795,56.28910795,56.28910795,56.28910795,61.92240725,65.57755469,65.57755469,65.57755469,59.06824438,59.06824438,59.06824438,41.69963269,41.69963269,41.69963269,41.69963269,41.69963269,41.69963269
4,12,70,68.39940758,62.4767118,61.24206316,59.40774514,59.40774514,59.40774514,51.43376975,52.24792822,50.55629462,50.55629462,50.55629462,50.55629462,50.55629462,50.55629462,50.55629462,51.86722541,54.66701311,53.20845072,52.62067976,56.23304947,53.56721138,54.58678796,44.9876689,36.09436356,39.58441854,47.51275148,47.51275148,47.51275148,47.51275148,56.8072752,61.38362272,61.38362272,61.38362272,49.31292908,49.31292908,49.31292908,30.70568009,30.70568009,30.70568009,30.70568009,30.70568009,30.70568009
4,13,70,68.18336953,61.939907,56.96355884,47.36120458,47.36120458,47.36120458,44.82970812,49.46280232,46.01572925,46.01572925,46.01572925,46.01572925,46.01572925,46.01572925,46.01572925,42.74037282,43.96033542,44.66693032,38.04704279,37.51313134,36.39282999,37.90645099,32.00491167,29.78380694,34.24237284,39.99005741,39.99005741,39.99005741,39.99005741,47.19559357,51.14759823,51.14759823,51.14759823,37.50450109,37.50450109,37.50450109,25.78473219,25.78473219,25.78473219,25.78473219,25.78473219,25.78473219
4,14,70,65.5839674,56.20198004,41.99844992,29.90977438,29.90977438,29.90977438,42.78045392,47.33933934,36.52543,36.52543,36.52543,36.52543,36.52543,36.52543,36.52543,25.79508832,28.19875203,30.39621778,28.66426848,27.83534302,26.57741421,24.64798561,26.19559903,26.86156014,29.87682358,32.68712246,32.68712246,32.68712246,32.68712246,34.99501534,37.33700701,37.33700701,37.33700701,23.81854907,23.81854907,23.81854907,18.26113593,18.26113593,18.26113593,18.26113593,18.26113593,18.26113593
4,15,70,66.03350547,58.00852266,40.58191492,26.1721602,26.1721602,26.1721602,36.82362881,40.79407333,21.80815482,21.80815482,21.80815482,21.80815482,21.80815482,21.80815482,21.80815482,20.2191209,23.35621116,24.03072081,25.11111181,23.71367861,22.71262762,20.88435167,23.30570691,24.56319017,25.41413432,28.44996449,28.44996449,28.44996449,28.44996449,28.80505889,31.15807537,31.15807537,31.15807537,18.78862949,18.78862949,18.78862949,16.46832377,16.46832377,16.46832377,16.46832377,16.46832377,16.46832377
4,16,70,65.63131398,57.34406011,38.39673864,21.60132569,21.60132569,21.60132569,37.40616728,40.19737856,14.51645566,14.51645566,14.51645566,14.51645566,14.51645566,14.51645566,14.51645566,17.10651464,22.7319613,23.54978542,22.76062627,21.5894839,21.02236342,22.14332351,24.20855964,24.78063473,25.67319792,28.47627554,28.47627554,28.47627554,28.47627554,30.8762743,34.38678564,34.38678564,34.38678564,18.95333767,18.95333767,18.95333767,15.83708951,15.83708951,15.83708951,15.83708951,15.83708951,15.83708951
4,17,70,67.56019949,61.52579343,41.1208162,22.59148006,22.59148006,22.59148006,35.15936257,38.85621055,13.57390335,13.57390335,13.57390335,13.57390335,13.57390335,13.57390335,13.57390335,16.37766385,16.58692684,19.94982748,23.16729471,22.45799224,22.29052378,21.48528908,24.06950774,25.56225918,26.71428907,29.61065877,29.61065877,29.61065877,29.61065877,31.94617096,37.57216466,37.57216466,37.57216466,19.06888861,19.06888861,19.06888861,14.92591635,14.92591635,14.92591635,14.92591635,14.92591635,14.92591635
4,18,70,68.06942151,60.79162115,45.26942244,25.84034108,25.84034108,25.84034108,35.54101077,39.18310498,14.9224105,14.9224105,14.9224105,14.9224105,14.9224105,14.9224105,14.9224105,16.8627056,16.46567214,19.86281196,23.88163327,23.29172916,22.84993069,21.79189318,23.65536099,25.67310152,27.38376604,28.56458627,28.56458627,28.56458627,28.56458627,32.60793441,36.12642862,36.12642862,36.12642862,22.74585724,22.74585724,22.74585724,17.95789613,17.95789613,17.95789613,17.95789613,17.95789613,17.95789613
4,19,69.27417417,68.81397273,63.51594203,59.55852791,47.23912374,47.23912374,47.23912374,42.36825045,41.61236422,22.73849571,22.73849571,22.73849571,22.73849571,22.73849571,22.73849571,22.73849571,20.925975,21.81305354,25.46239955,26.22355821,25.8122054,27.73362166,28.00168724,26.44136399,29.56548264,33.10091166,34.4232328,34.4232328,34.4232328,34.4232328,39.6966523,44.92070864,44.92070864,44.92070864,34.82337152,34.82337152,34.82337152,25.23063021,25.23063021,25.23063021,25.23063021,25.23063021,25.23063021
4,20,70,68.80101396,63.24955912,61.85048855,58.30192115,58.30192115,58.30192115,45.80669704,48.92767133,42.51013492,42.51013492,42.51013492,42.51013492,42.51013492,42.51013492,42.51013492,33.27686052,30.89229202,31.41126872,32.87612992,33.9268769,36.54356948,35.33408173,31.7581108,32.54909924,38.1702848,41.66696682,41.66696682,41.66696682,41.66696682,47.27551144,52.3496661,52.3496661,52.3496661,38.54304003,38.54304003,38.54304003,28.45554982,28.45554982,28.45554982,28.45554982,28.45554982,28.45554982
4,21,70,68.82967893,62.28238913,59.54664434,58.93407097,58.93407097,58.93407097,59.06863697,58.4410126,56.11184244,56.11184244,56.11184244,56.11184244,56.11184244,56.11184244,56.11184244,50.27925774,54.38748605,54.72717376,51.15929048,52.40650197,51.44494325,47.70353356,45.78239635,38.82264336,44.36076742,54.79330532,54.79330532,54.79330532,54.79330532,57.34780922,61.14842265,61.14842265,61.14842265,52.37912773,52.37912773,52.37912773,39.21009059,39.21009059,39.21009059,39.21009059,39.21009059,39.21009059
4,22,70,68.40953304,61.44902011,59.92551783,59.91210789,59.91210789,59.91210789,59.27733029,60.7947971,60.56245071,60.56245071,60.56245071,60.56245071,60.56245071,60.56245071,60.56245071,54.54210427,58.82222106,58.99087608,60.48761485,63.68232569,61.58644662,59.67998921,56.07394043,43.33271845,48.25379466,62.02497686,62.02497686,62.02497686,62.02497686,62.10089218,65.95652995,65.95652995,65.95652995,60.97721216,60.97721216,60.97721216,52.22280447,52.22280447,52.22280447,52.22280447,52.22280447,52.22280447
4,23,70,67.69116458,60.50438476,60.93443058,62.30647578,62.30647578,62.30647578,65.8273703,63.35552684,62.85797222,62.85797222,62.85797222,62.85797222,62.85797222,62.85797222,62.85797222,56.27117419,62.20812219,62.9100539,64.50847633,68.43776706,68.33963656,66.72781786,62.44702658,51.09516716,55.14838048,66.56188221,66.56188221,66.56188221,66.56188221,66.23648655,68.45698325,68.45698325,68.45698325,65.077094,65.077094,65.077094,60.59684263,60.59684263,60.59684263,60.59684263,60.59684263,60.59684263
5,0,70,70,70,70,70,70,70,70,70,70,70,70,70,70,70,70,70,70,70,70,70,70,70,70,70,70,70,70,70,70,70,70,70,70,70,70,70,70,70,70,70,70,70
5,1,70,70,70,70,70,70,70,70,70,70,70,70,70,70,70,70,70,70,70,70,70,70,70,70,70,70,70,70,70,70,70,70,70,70,70,70,70,70,70,70,70,70,70
5,2,70,70,70,70,70,70,70,70,70,70,70,70,70,70,70,70,70,70,70,70,70,70,70,70,70,70,70,70,70,70,70,70,70,70,70,70,70,70,70,70,70,70,70
5,3,70,70,70,70,70,70,70,70,70,70,70,70,70,70,70,70,70,70,70,70,70,70,70,70,70,70,70,70,70,70,70,70,70,70,70,70,70,70,70,70,70,70,70
5,4,70,70,70,70,70,70,70,70,70,70,70,70,70,70,70,70,70,70,70,70,70,70,70,70,70,70,70,70,70,70,70,70,70,70,70,70,70,70,70,70,70,70,70
5,5,70,68.700134,64.96848365,64.02108346,64.38007556,64.38007556,64.38007556,64.89638826,61.55100762,61.54721485,61.54721485,61.54721485,61.54721485,61.54721485,61.54721485,61.54721485,54.74689299,58.79043549,60.65980902,63.250106,66.9840136,67.27372266,66.77577373,62.55119,52.18376414,55.49033304,66.06880225,66.06880225,66.06880225,66.06880225,67.44222002,68.94008393,68.94008393,68.94008393,63.88045143,63.88045143,63.88045143,61.58607543,61.58607543,61.58607543,61.58607543,61.58607543,61.58607543
5,6,70,69.05968401,64.91354147,64.3074855,64.06857505,64.06857505,64.06857505,65.32979273,61.51923549,61.48870257,61.48870257,61.48870257,61.48870257,61.48870257,61.48870257,61.48870257,55.8373245,59.00299725,59.6520859,63.86150358,67.9404338,68.18270908,68.03699078,62.76626516,51.64158261,56.16996361,67.36182835,67.36182835,67.36182835,67.36182835,68.05933235,69.11499815,69.11499815,69.11499815,65.66334313,65.66334313,65.66334313,56.72032817,56.72032817,56.72032817,56.72032817,56.72032817,56.72032817
5,7,70,69.18620531,64.1040328,63.80183964,62.4323677,62.4323677,62.4323677,61.4001037,55.04703026,58.45147349,58.45147349,58.45147349,58.45147349,58.45147349,58.45147349,58.45147349,55.84922982,60.64347356,59.49252837,61.74046918,66.417051,66.49551466,67.28320233,60.37150957,46.87138004,50.25399971,61.63098072,61.63098072,61.63098072,61.63098072,55.25357317,55.93335742,55.93335742,55.93335742,40.59966367,40.59966367,40.59966367,25.15958533,25.15958533,25.15958533,25.15958533,25.15958533,25.15958533
5,8,69.32989691,67.69896233,61.51790554,58.70784112,56.47425502,56.47425502,56.47425502,42.64565291,42.36795648,52.77553559,52.77553559,52.77553559,52.77553559,52.77553559,52.77553559,52.77553559,53.87465658,58.94512179,56.95244362,58.56477908,63.43142876,63.26322428,64.98276816,55.55413305,41.72756345,43.01292467,51.00636555,51.00636555,51.00636555,51.00636555,43.0781942,42.17809713,42.17809713,42.17809713,26.19446409,26.19446409,26.19446409,22.08012365,22.08012365,22.08012365,22.08012365,22.08012365,22.08012365
5,9,70,68.35438623,62.86417836,61.76034956,59.99284139,59.99284139,59.99284139,47.71668923,42.71639233,52.77990134,52.77990134,52.77990134,52.77990134,52.77990134,52.77990134,52.77990134,52.79601717,56.1768495,55.15810796,56.99556853,61.5303325,61.50958656,60.09002354,54.15100345,41.93884239,44.56128791,55.53129811,55.53129811,55.53129811,55.53129811,53.709132,55.84450706,55.84450706,55.84450706,40.52877612,40.52877612,40.52877612,25.79104505,25.79104505,25.79104505,25.79104505,25.79104505,25.79104505
5,10,70,68.62274143,63.11678842,62.92431598,61.75260419,61.75260419,61.75260419,57.32233828,52.92381464,54.99720404,54.99720404,54.99720404,54.99720404,54.99720404,54.99720404,54.99720404,53.03049537,51.56952854,50.27796985,57.3879661,62.27423295,62.93214033,59.07726586,52.37261417,42.76688299,46.11356859,53.88950737,53.88950737,53.88950737,53.88950737,60.94785416,64.99839251,64.99839251,64.99839251,53.81366849,53.81366849,53.81366849,38.25549239,38.25549239,38.25549239,38.25549239,38.25549239,38.25549239
5,11,70,68.61357062,62.52300726,61.04347817,59.64021418,59.64021418,59.64021418,52.13686439,51.59105525,50.87375351,50.87375351,50.87375351,50.87375351,50.87375351,50.87375351,50.87375351,52.39609512,53.76006273,51.31045178,55.32323636,59.10887259,56.96143909,54.67890646,47.80953819,37.73149426,41.82444098,49.88330196,49.88330196,49.88330196,49.88330196,59.23834736,63.76503763,63.76503763,63.76503763,52.84364364,52.84364364,52.84364364,36.13831007,36.13831007,36.13831007,36.13831007,36.13831007,36.13831007
5,12,70,68.38596977,62.54597901,59.14509523,51.09876101,51.09876101,51.09876101,45.87044576,49.73076618,47.19554722,47.19554722,47.19554722,47.19554722,47.19554722,47.19554722,47.19554722,46.45506863,45.89558944,44.27136686,44.23863662,43.43417009,39.8195226,38.23533127,35.42844319,30.96452352,35.20100463,42.4058279,42.4058279,42.4058279,42.4058279,51.71821483,56.2893869,56.2893869,56.2893869,38.51700057,38.51700057,38.51700057,26.19827252,26.19827252,26.19827252,26.19827252,26.19827252,26.19827252
5,13,68.37012987,67.44328797,61.51757998,52.10265103,40.49277554,40.49277554,40.49277554,44.44065455,48.91684619,42.9185692,42.9185692,42.9185692,42.9185692,42.9185692,42.9185692,42.9185692,34.45793866,35.02803453,35.22490048,32.33895073,31.14892794,30.79807778,27.72357668,26.85000788,28.36187802,31.35065752,34.28876641,34.28876641,34.28876641,34.28876641,38.69562481,41.73918105,41.73918105,41.73918105,25.72620388,25.72620388,25.72620388,20.46913821,20.46913821,20.46913821,20.46913821,20.46913821,20.46913821
5,14,70,66.67519512,60.7106609,49.05551879,36.86982205,36.86982205,36.86982205,39.67181132,46.46841493,38.38810922,38.38810922,38.38810922,38.38810922,38.38810922,38.38810922,38.38810922,25.54636963,22.08685142,26.95471698,27.83588584,26.27157027,26.60367312,23.79782415,23.75602416,24.70329183,25.42894621,25.99818408,25.99818408,25.99818408,25.99818408,28.86556578,30.74922941,30.74922941,30.74922941,20.02640608,20.02640608,20.02640608,17.49164596,17.49164596,17.49164596,17.49164596,17.49164596,17.49164596
5,15,70,68.00172874,59.73422439,46.03609127,32.0370386,32.0370386,32.0370386,38.9556121,44.45306275,25.20139407,25.20139407,25.20139407,25.20139407,25.20139407,25.20139407,25.20139407,20.17720222,20.97629235,23.42022483,24.47746321,23.32305206,23.44728743,20.14155026,22.01747502,23.92094014,23.8200013,24.74366131,24.74366131,24.74366131,24.74366131,28.5914646,31.29041011,31.29041011,31.29041011,17.6698233,17.6698233,17.6698233,16.55231321,16.55231321,16.55231321,16.55231321,16.55231321,16.55231321
5,16,70,68.9214354,57.17004119,38.48769392,29.13007814,29.13007814,29.13007814,36.23101506,40.03607605,15.95300832,15.95300832,15.95300832,15.95300832,15.95300832,15.95300832,15.95300832,17.8288809,19.89618402,23.44898105,22.91213294,22.11006758,23.0699863,20.37899838,22.6316376,25.44823834,26.50960819,29.25922751,29.25922751,29.25922751,29.25922751,34.57891314,38.95936907,38.95936907,38.95936907,19.61033819,19.61033819,19.61033819,16.81504142,16.81504142,16.81504142,16.81504142,16.81504142,16.81504142
5,17,70,68.97785608,60.77574191,43.36703191,35.66747997,35.66747997,35.66747997,37.44795304,40.20529415,15.08271578,15.08271578,15.08271578,15.08271578,15.08271578,15.08271578,15.08271578,17.84350224,20.55866589,24.41031897,23.63305279,22.91233287,23.18803786,22.6121819,24.11552918,26.43052752,28.85486147,32.02998317,32.02998317,32.02998317,32.02998317,36.96164861,43.20146386,43.20146386,43.20146386,22.50166771,22.50166771,22.50166771,16.75980057,16.75980057,16.75980057,16.75980057,16.75980057,16.75980057
5,18,70,68.80751299,60.77219894,48.16128286,41.13534256,41.13534256,41.13534256,41.73004305,41.20814761,19.16267728,19.16267728,19.16267728,19.16267728,19.16267728,19.16267728,19.16267728,19.18762563,18.51623788,20.0592407,25.00855106,24.67513672,26.34727621,24.7543073,25.28949081,28.53322591,31.4041141,33.18463423,33.18463423,33.18463423,33.18463423,40.04564784,43.03772579,43.03772579,43.03772579,26.70167514,26.70167514,26.70167514,17.96288179,17.96288179,17.96288179,17.96288179,17.96288179,17.96288179
5,19,70,68.68924144,63.34892739,62.25730786,60.0727858,60.0727858,60.0727858,45.02616775,46.1610603,34.42596923,34.42596923,34.42596923,34.42596923,34.42596923,34.42596923,34.42596923,26.57873307,26.22473972,25.03722396,29.47568262,30.03142592,31.61027144,31.20431312,28.64700986,30.16119161,34.52979541,37.60540401,37.60540401,37.60540401,37.60540401,42.3045036,46.56042193,46.56042193,46.56042193,32.2794305,32.2794305,32.2794305,23.54632695,23.54632695,23.54632695,23.54632695,23.54632695,23.54632695
5,20,70,68.64451987,62.40431775,60.55312695,59.76998965,59.76998965,59.76998965,54.87152326,50.97383663,51.18104649,51.18104649,51.18104649,51.18104649,51.18104649,51.18104649,51.18104649,42.24157031,37.34419992,36.16306921,40.39966208,40.96099642,42.40838078,43.01641539,37.13964863,33.86497861,38.6911544,45.16788546,45.16788546,45.16788546,45.16788546,48.78050226,52.81389618,52.81389618,52.81389618,39.11228382,39.11228382,39.11228382,28.76511217,28.76511217,28.76511217,28.76511217,28.76511217,28.76511217
5,21,70,68.31182482,62.13421592,61.51339428,61.39960304,61.39960304,61.39960304,63.44504391,58.51721788,56.6988971,56.6988971,56.6988971,56.6988971,56.6988971,56.6988971,56.6988971,52.82292296,58.15264867,57.05172737,56.2255143,58.19203021,58.19063326,57.37157626,50.46164758,40.58746857,46.31319555,56.5427227,56.5427227,56.5427227,56.5427227,57.62270275,61.21461588,61.21461588,61.21461588,47.99274941,47.99274941,47.99274941,35.30828832,35.30828832,35.30828832,35.30828832,35.30828832,35.30828832
5,22,70,67.08795739,61.84040462,61.54507208,62.2510065,62.2510065,62.2510065,64.43344733,60.01629036,59.18857137,59.18857137,59.18857137,59.18857137,59.18857137,59.18857137,59.18857137,53.86761842,60.82250582,60.95109548,60.71877284,63.99726995,64.17366861,62.04442698,55.2029216,44.54351385,49.43569186,60.01791485,60.01791485,60.01791485,60.01791485,61.75586711,64.79195736,64.79195736,64.79195736,56.60622259,56.60622259,56.60622259,42.82804655,42.82804655,42.82804655,42.82804655,42.82804655,42.82804655
5,23,70,68.30840695,63.91370957,63.69379789,63.57324572,63.57324572,63.57324572,66.25147701,62.66871078,60.9352566,60.9352566,60.9352566,60.9352566,60.9352566,60.9352566,60.9352566,55.20337654,61.94665241,63.00873834,63.50791659,66.79983338,66.41443543,63.1121405,60.48233468,48.77344094,53.04823166,65.03179304,65.03179304,65.03179304,65.03179304,65.96597278,67.89833912,67.89833912,67.89833912,64.01961237,64.01961237,64.01961237,57.55370661,57.55370661,57.55370661,57.55370661,57.55370661,57.55370661
6,0,70,70,70,70,70,70,70,70,70,70,70,70,70,70,70,70,70,70,70,70,70,70,70,70,70,70,70,70,70,70,70,70,70,70,70,70,70,70,70,70,70,70,70
6,1,70,70,70,70,70,70,70,70,70,70,70,70,70,70,70,70,70,70,70,70,70,70,70,70,70,70,70,70,70,70,70,70,70,70,70,70,70,70,70,70,70,70,70
6,2,70,70,70,70,70,70,70,70,70,70,70,70,70,70,70,70,70,70,70,70,70,70,70,70,70,70,70,70,70,70,70,70,70,70,70,70,70,70,70,70,70,70,70
6,3,70,70,70,70,70,70,70,70,70,70,70,70,70,70,70,70,70,70,70,70,70,70,70,70,70,70,70,70,70,70,70,70,70,70,70,70,70,70,70,70,70,70,70
6,4,70,70,70,70,70,70,70,70,70,70,70,70,70,70,70,70,70,70,70,70,70,70,70,70,70,70,70,70,70,70,70,70,70,70,70,70,70,70,70,70,70,70,70
6,5,70,68.79894017,65.1177092,64.69962277,65.05690672,65.05690672,65.05690672,65.10069287,62.02291969,62.19768465,62.19768465,62.19768465,62.19768465,62.19768465,62.19768465,62.19768465,54.35048242,58.90883168,60.91242685,63.50313415,67.10026079,67.44009215,66.75038429,63.16414896,53.42850349,56.35962493,66.59137582,66.59137582,66.59137582,66.59137582,67.75030528,68.93421892,68.93421892,68.93421892,63.65193244,63.65193244,63.65193244,61.31140762,61.31140762,61.31140762,61.31140762,61.31140762,61.31140762
6,6,70,68.82642984,64.95594892,64.59538691,65.36273243,65.36273243,65.36273243,65.76281879,62.67270228,62.10672923,62.10672923,62.10672923,62.10672923,62.10672923,62.10672923,62.10672923,55.6999999,60.32828666,62.00187452,64.50565243,68.17741472,68.39146584,67.67433518,63.77660666,53.58677584,57.0816415,67.52688371,67.52688371,67.52688371,67.52688371,68.65581423,69.39565122,69.39565122,69.39565122,65.07244273,65.07244273,65.07244273,61.86293539,61.86293539,61.86293539,61.86293539,61.86293539,61.86293539
6,7,70,68.82546995,64.55422068,64.45050091,65.19042492,65.19042492,65.19042492,65.87293246,62.74922767,62.73222068,62.73222068,62.73222068,62.73222068,62.73222068,62.73222068,62.73222068,56.18682286,60.53558803,61.59177787,64.4133735,68.46341845,68.75049973,68.40451548,63.69034351,52.9049419,56.84287058,67.63551843,67.63551843,67.63551843,67.63551843,68.73505124,69.42794003,69.42794003,69.42794003,65.63410061,65.63410061,65.63410061,61.59303437,61.59303437,61.59303437,61.59303437,61.59303437,61.59303437
6,8,70,69.11845926,64.78328176,64.70735896,64.76608587,64.76608587,64.76608587,65.74870515,61.62025068,62.5034531,62.5034531,62.5034531,62.5034531,62.5034531,62.5034531,62.5034531,56.1917656,60.18281619,60.76207925,63.93498214,68.33463173,68.59406261,68.03566356,62.8223969,51.94911705,56.32884171,67.36107729,67.36107729,67.36107729,67.36107729,68.29571732,69.19902656,69.19902656,69.19902656,66.13763606,66.13763606,66.13763606,59.90314532,59.90314532,59.90314532,59.90314532,59.90314532,59.90314532
6,9,70,69.20517546,64.64305999,64.5998063,64.00544364,64.00544364,64.00544364,65.90531252,61.3993177,61.64638266,61.64638266,61.64638266,61.64638266,61.64638266,61.64638266,61.64638266,55.79611698,59.00463013,59.62221953,63.13660803,68.1015485,68.3855902,66.44394801,61.29017365,50.66079322,55.32237402,65.89129953,65.89129953,65.89129953,65.89129953,67.30560999,68.50781115,68.50781115,68.50781115,65.28623299,65.28623299,65.28623299,54.71506754,54.71506754,54.71506754,54.71506754,54.71506754,54.71506754
6,10,70,69.21791345,64.34656158,64.28255548,63.41129619,63.41129619,63.41129619,61.17381725,54.7000479,58.39929013,58.39929013,58.39929013,58.39929013,58.39929013,58.39929013,58.39929013,55.42016549,57.70577817,57.77071513,62.27064063,67.33590393,67.55324179,67.18909502,60.95743331,48.60761955,53.25759911,64.45581973,64.45581973,64.45581973,64.45581973,64.77111277,67.00617287,67.00617287,67.00617287,59.88098438,59.88098438,59.88098438,42.93707994,42.93707994,42.93707994,42.93707994,42.93707994,42.93707994
6,11,70,68.31715634,62.40197143,62.78657106,62.5589155,62.5589155,62.5589155,50.00215535,51.33545743,52.47399861,52.47399861,52.47399861,52.47399861,52.47399861,52.47399861,52.47399861,54.76327683,56.28835168,55.37862615,60.09035479,64.02149188,64.04013419,64.06100514,55.64621739,43.35559453,47.56819752,57.02002482,57.02002482,57.02002482,57.02002482,59.89415148,62.40451732,62.40451732,62.40451732,43.91602059,43.91602059,43.91602059,30.14302527,30.14302527,30.14302527,30.14302527,30.14302527,30.14302527
6,12,70,69.03256952,63.93352508,62.33540902,58.6222515,58.6222515,58.6222515,46.94214141,50.89288505,49.51119218,49.51119218,49.51119218,49.51119218,49.51119218,49.51119218,49.51119218,52.08091822,47.25680375,46.95199576,53.35608069,56.03382093,57.00446756,60.47628806,48.61167266,39.62582257,43.62107592,50.69992193,50.69992193,50.69992193,50.69992193,53.89315337,56.54752028,56.54752028,56.54752028,37.7070618,37.7070618,37.7070618,25.57872671,25.57872671,25.57872671,25.57872671,25.57872671,25.57872671
6,13,70,68.23053424,61.9990959,61.12067454,57.80516252,57.80516252,57.80516252,45.14688102,50.2024128,48.23504031,48.23504031,48.23504031,48.23504031,48.23504031,48.23504031,48.23504031,50.43867242,46.30543833,45.66734163,50.43186339,53.37540369,55.43363602,58.05959493,46.10068031,38.10548164,40.78985053,46.20747803,46.20747803,46.20747803,46.20747803,49.81473924,52.39163137,52.39163137,52.39163137,34.77793084,34.77793084,34.77793084,24.4854792,24.4854792,24.4854792,24.4854792,24.4854792,24.4854792
6,14,70,67.4682592,60.95466097,59.36147276,54.2245655,54.2245655,54.2245655,44.07709169,49.79985157,47.30737771,47.30737771,47.30737771,47.30737771,47.30737771,47.30737771,47.30737771,49.64704548,47.56620456,47.73596125,48.30372402,49.92985355,51.10374088,54.51522964,42.4988829,36.00527566,38.97868666,44.59707281,44.59707281,44.59707281,44.59707281,48.56326183,51.45409158,51.45409158,51.45409158,30.81767258,30.81767258,30.81767258,21.22878351,21.22878351,21.22878351,21.22878351,21.22878351,21.22878351
6,15,70,66.77301086,57.90146606,48.49367293,43.63875957,43.63875957,43.63875957,44.5092839,50.07303025,45.82687057,45.82687057,45.82687057,45.82687057,45.82687057,45.82687057,45.82687057,44.43858558,47.80185377,45.60605701,41.25850302,41.66302066,41.9753943,38.40258781,33.47669781,32.25316127,36.1582362,40.34476698,40.34476698,40.34476698,40.34476698,49.00678821,51.65818668,51.65818668,51.65818668,33.78945961,33.78945961,33.78945961,23.51369003,23.51369003,23.51369003,23.51369003,23.51369003,23.51369003
6,16,70,64.50942761,57.07533181,49.57289225,43.048189,43.048189,43.048189,43.08513444,49.37964028,43.43938209,43.43938209,43.43938209,43.43938209,43.43938209,43.43938209,43.43938209,36.10598849,35.76435781,36.31396217,34.98686464,34.51840215,35.14291878,33.63794713,31.97434051,31.35774436,35.40412187,41.19246659,41.19246659,41.19246659,41.19246659,52.09909008,54.63521158,54.63521158,54.63521158,35.30318555,35.30318555,35.30318555,23.28851725,23.28851725,23.28851725,23.28851725,23.28851725,23.28851725
6,17,70,64.87895905,53.43701342,44.64428721,40.60878113,40.60878113,40.60878113,47.12514028,49.73390394,39.93747344,39.93747344,39.93747344,39.93747344,39.93747344,39.93747344,39.93747344,32.82997088,34.94551404,34.88580549,33.48402097,32.57731332,33.66901876,28.97469766,28.3886154,30.62393435,34.85026299,38.06799893,38.06799893,38.06799893,38.06799893,48.57138287,50.61128007,50.61128007,50.61128007,34.44645956,34.44645956,34.44645956,22.5600147,22.5600147,22.5600147,22.5600147,22.5600147,22.5600147
6,18,70,63.45539728,50.18141068,43.10654274,42.95376986,42.95376986,42.95376986,50.63691673,51.39458332,42.46021599,42.46021599,42.46021599,42.46021599,42.46021599,42.46021599,42.46021599,33.54112689,34.29889141,34.73222467,33.13977322,32.88529861,34.52586919,31.53472919,28.73991283,31.27593608,35.88212232,38.5683397,38.5683397,38.5683397,38.5683397,50.69482655,53.97386012,53.97386012,53.97386012,35.40868417,35.40868417,35.40868417,24.44230413,24.44230413,24.44230413,24.44230413,24.44230413,24.44230413
6,19,70,63.75890788,56.16005327,51.11769911,48.93924429,48.93924429,48.93924429,52.86547156,53.51802235,51.26594186,51.26594186,51.26594186,51.26594186,51.26594186,51.26594186,51.26594186,42.2091435,45.81321143,45.69041353,39.72979811,40.74394848,44.75490807,43.10229333,34.68480662,34.44424967,39.67518334,42.82477292,42.82477292,42.82477292,42.82477292,52.76640033,55.57268743,55.57268743,55.57268743,37.60345014,37.60345014,37.60345014,26.10568084,26.10568084,26.10568084,26.10568084,26.10568084,26.10568084
6,20,70,60.10357353,48.31987785,46.42277461,49.87759131,49.87759131,49.87759131,60.3253682,58.94944274,56.40732213,56.40732213,56.40732213,56.40732213,56.40732213,56.40732213,56.40732213,52.04754719,60.66405768,60.36975098,55.04659014,57.78614669,58.9012857,55.17450694,48.1025734,41.61278536,46.33737386,52.55946546,52.55946546,52.55946546,52.55946546,56.36730525,57.83762977,57.83762977,57.83762977,46.96084724,46.96084724,46.96084724,33.69455752,33.69455752,33.69455752,33.69455752,33.69455752,33.69455752
6,21,70,63.4118186,50.95004375,48.91596976,54.4983415,54.4983415,54.4983415,62.33557496,59.50394604,58.09526883,58.09526883,58.09526883,58.09526883,58.09526883,58.09526883,58.09526883,53.77065381,58.45232916,58.89739813,60.29470609,63.51271823,63.20069893,62.15923185,54.9424412,45.67071693,50.76904408,60.11189179,60.11189179,60.11189179,60.11189179,60.76343823,62.51246408,62.51246408,62.51246408,54.00824519,54.00824519,54.00824519,40.80468653,40.80468653,40.80468653,40.80468653,40.80468653,40.80468653
6,22,70,63.85673596,51.46808002,49.18897488,54.49321846,54.49321846,54.49321846,62.70202572,59.35568702,59.03232175,59.03232175,59.03232175,59.03232175,59.03232175,59.03232175,59.03232175,53.80262778,60.71474298,60.83831959,60.06067282,63.67240568,64.05650079,61.87076957,54.58374507,45.60501564,50.61273112,61.06196701,61.06196701,61.06196701,61.06196701,61.17718153,62.97986738,62.97986738,62.97986738,53.58307243,53.58307243,53.58307243,38.60094825,38.60094825,38.60094825,38.60094825,38.60094825,38.60094825
6,23,70,67.58599437,58.50378848,55.73430623,58.5626227,58.5626227,58.5626227,63.82641866,60.28670801,60.59717968,60.59717968,60.59717968,60.59717968,60.59717968,60.59717968,60.59717968,55.24694651,61.67103186,62.48018091,62.9994653,66.90106083,66.83410984,67.69281917,60.8249757,49.4725101,54.60663995,64.98711329,64.98711329,64.98711329,64.98711329,66.15139479,67.38679169,67.38679169,67.38679169,62.27057794,62.27057794,62.27057794,52.76335465,52.76335465,52.76335465,52.76335465,52.76335465,52.76335465