weekdate,hour,minute,767767,767759,767750,773012,760650
0,0,0,66.3610393323996,65.69492793462416,66.53952205882352,60.552849264705884,56.80881873034301
0,0,10,66.49521241830064,65.8101112667289,66.58823529411764,60.662683823529406,57.43401715812101
0,0,20,66.00400625314228,65.91667670273237,66.82215073529412,58.44013480392156,56.76229334816191
0,0,30,65.9446597805789,65.69156426459473,67.25919117647058,61.60983455882352,57.021329175488184
0,0,40,66.53498161764706,65.66087226557289,67.11210171568626,61.00853028711484,57.123965866819724
0,0,50,66.78265522875816,66.01298241518829,66.66669730392157,60.7002144607843,57.91626780252699
0,1,0,66.66183995528036,65.83384473708185,66.3359375,60.759129901960776,58.337846137386556
0,1,10,66.64775618580765,65.94707702525453,66.75730187908496,59.880718954248366,57.84545674573247
0,1,20,66.55442197712418,65.80515581232491,66.34041053921568,61.57233455882353,58.35458488951135
0,1,30,66.43979487628384,65.98185454737448,66.40272671568627,61.97436683006536,58.754237302559915
0,1,40,66.50305512555899,66.1172619047619,66.06755514705881,60.546905637254895,58.32725147350607
0,1,50,66.81995184038526,66.16155295451513,66.78778594771242,60.41341911764705,58.48401890269995
0,2,0,67.11405461798263,66.35495222137978,66.77098214285715,60.968898809523814,59.18257237217657
0,2,10,66.97902261781903,66.29646543576779,66.3391544117647,60.43109681372548,59.20856425767253
0,2,20,66.53049965600273,66.11148914850494,66.4891018907563,60.14659926470587,59.0347250397704
0,2,30,66.26527992776057,66.20371449549177,67.06617647058823,61.67689950980392,58.77449404996337
0,2,40,66.7265888372893,65.94889777049032,67.6704963235294,61.34742647058823,58.82441022508294
0,2,50,66.92023348813207,66.03437116247375,66.71364379084966,62.74443423202613,59.55777014843036
0,3,0,66.97396370829033,65.75604788924116,66.01286764705881,62.115808823529406,59.2067286369676
0,3,10,66.83358918128656,66.12652602707749,66.91498161764704,61.24402573529411,59.18382533350363
0,3,20,66.87156217750257,66.42667386399002,67.63511029411765,61.60294117647059,59.61986230255991
0,3,30,67.02114508083935,66.52894978166704,68.04411764705881,61.44347426470588,59.81528115041564
0,3,40,66.2016898864809,65.95124674869948,67.30953839869281,61.190614787581694,59.255460697900936
0,3,50,66.83742137205758,66.15240221088435,67.11213235294117,60.864828431372544,59.04151092728758
0,4,0,66.60178571428571,65.6960557941125,67.30052083333334,62.05892284798534,59.5651140653668
0,4,10,66.72881468376823,66.48265853089204,66.97613357843137,61.95450367647058,59.51218499552596
0,4,20,67.43579033840255,66.80927253640668,67.51838235294117,61.390625,59.43886980139277
0,4,30,67.47683178534571,66.70388840495548,67.171875,59.87616421568627,59.239427886417765
0,4,40,67.12246087031302,66.5981328710346,67.2642463235294,61.56801470588234,59.156158490372654
0,4,50,67.25358832129342,66.52377175072654,67.27435661764706,59.97604166666666,58.67995975378785
0,5,0,67.29987960096318,66.11219910728518,67.59007352941175,60.80928308823529,58.89788608552396
0,5,10,66.55873722295935,66.74158160606332,67.49509803921566,61.38725490196077,59.346891038733894
0,5,20,67.09588063295493,66.59294894787183,66.64430147058823,61.11305147058823,58.948062436780276
0,5,30,66.9642350361197,66.65288139646103,67.45266544117646,60.577205882352935,59.183605421335194
0,5,40,67.40898262813897,66.39757392794516,67.45307393790848,61.636846405228745,59.57734849147993
0,5,50,66.97916666666666,66.71157170185145,67.5767463235294,61.91035539215686,59.854590625707324
0,6,0,66.8267156862745,66.62228612989911,67.82766544117646,62.43152573529411,59.11573284252513
0,6,10,66.76344169246647,66.91022437430254,67.50278799019607,61.08581495098038,58.676847596677554
0,6,20,67.2580065359477,66.96858176197308,68.29329044117647,59.85294117647059,58.75582988209368
0,6,30,67.74991830065358,66.92699565598596,67.42386642156862,61.43014705882352,59.35483424272487
0,6,40,67.6234851835471,67.29147508596934,67.6470588235294,60.25245098039215,58.11903679874727
0,6,50,67.92517377321298,67.51946180555555,68.19439338235293,61.185661764705884,57.917238893663516
0,7,0,67.13712375300996,67.0722232185557,68.22380514705881,61.97931985294117,58.16750882644724
0,7,10,67.74240810359231,67.20619363599099,68.27261029411764,62.3844975490196,58.56114149416078
0,7,20,67.6815574475404,67.14534712258886,67.71854575163397,61.48411968954247,58.6268175783571
0,7,30,67.64409399724802,67.45872668511849,67.64598651960785,61.583700980392145,58.97189491302541
0,7,40,67.7141017371861,67.31176669854933,68.33318014705883,62.41344975490196,58.78181142880131
0,7,50,68.02509674922601,67.16502613240418,67.75689338235294,61.18336397058822,58.986245209889496
0,8,0,67.52256591232985,66.643335375817,67.26077410130719,62.76899509803921,59.16147416413373
0,8,10,67.63334408324734,66.94242908337577,68.14568014705881,61.76899509803921,58.9224494937339
0,8,20,68.07127295362586,66.977889676704,67.97528594771242,62.0001531862745,58.99059650455925
0,8,30,67.94304615364665,67.24907373366014,68.58639705882352,62.6503817873303,59.04124255403198
0,8,40,68.11135167029775,67.72762391541981,68.52900326797385,61.31372549019606,58.68379064766932
0,8,50,67.88674201161946,67.52906133998313,68.17320261437908,62.156045751633975,58.58311400949268
0,9,0,67.54806931544547,67.33343510168294,68.10294117647058,61.389705882352935,57.8812355324074
0,9,10,67.4439090987272,67.22724175035867,68.24901960784314,61.08961397058823,58.28448690640784
0,9,20,67.58832989336085,67.2958371106416,67.82490808823529,60.6640625,57.70121156502131
0,9,30,67.56438123495012,67.30464789574366,67.04881535947712,60.22794117647058,55.911142720977274
0,9,40,66.79354790161679,66.6171558664116,67.05836397058823,59.92647058823529,52.96963677832246
0,9,50,66.64257825937393,66.60935984149758,67.76941964285714,60.03262867647058,50.50993382043473
0,10,0,66.98689585483316,66.76872808066315,68.05044934640523,60.16452205882353,49.55402381438686
0,10,10,67.32613734090128,66.9471519642879,67.35294117647058,58.48529411764706,48.97136830183704
0,10,20,67.35898232099856,66.71032984331944,66.89889705882352,57.52205882352941,45.34043473292095
0,10,30,66.89034657722736,66.95896714376805,67.29319852941177,55.72064950980392,41.787587656590404
0,10,40,66.5907937736498,66.91659445870773,67.62198733660131,55.643157679738565,38.80311726488559
0,10,50,66.7796375128999,66.8534601457844,67.16237745098039,56.587867647058815,39.57860114932725
0,11,0,67.23777949776402,66.79876497346906,66.76148897058823,56.35064338235294,42.72533613666426
0,11,10,67.50900351368618,66.7870887989342,67.75689338235293,56.616727941176464,43.31968005017177
0,11,20,67.19271585827313,66.00352602423081,67.53676470588235,53.702542892156856,42.32642257490603
0,11,30,67.44902083640473,66.22343377469812,67.39993872549019,52.758547794117646,37.74439015675228
0,11,40,67.23050211312595,65.9800015941336,66.63725490196077,54.62995302287581,36.7982838639778
0,11,50,67.40203567538126,66.25172077742917,67.17693014705881,54.91314338235294,38.00370973831451
0,12,0,67.08703249818444,66.63909698025552,67.44868259803921,56.374877450980385,39.55775224231106
0,12,10,67.44829112200435,66.78727394178433,66.66911764705881,55.79411764705882,39.61457414963849
0,12,20,67.15101897240375,66.75011302363346,66.95235906862744,54.65727124183006,38.35124538961855
0,12,30,67.33258442265794,66.58529163748831,66.22380514705881,55.75091911764705,38.4487478004022
0,12,40,67.25927073108444,66.54081252693383,66.7999606092437,58.252954306722685,40.03642009287689
0,12,50,67.07934665869713,66.49089813474923,66.68411597593582,55.177765708556144,37.67566298166022
0,13,0,67.43504901960783,66.60835587921068,67.25735294117646,54.77852328431372,36.949225435002084
0,13,10,67.12399042950513,65.82258505485527,66.69453635620914,55.5188419117647,36.368171992597546
0,13,20,67.0820170660857,65.83989422852474,66.37821691176471,55.223227415966385,33.059720033846865
0,13,30,67.19590719284346,66.26374387254899,66.71854575163398,52.594362745098024,30.946191983737933
0,13,40,66.26024047666203,66.3907024358403,66.5409620098039,52.62316176470588,31.810408006685577
0,13,50,67.25905901576319,66.49714387234184,66.76960784313725,55.51043855042016,34.696340110563455
0,14,0,66.92904720711812,66.34496935526349,66.64659926470588,57.132567401960785,37.58069050536881
0,14,10,66.92527393310264,66.25457618780582,66.7532169117647,54.52481617647059,36.65500967748209
0,14,20,67.13495770857362,66.50039622686678,67.10064338235294,53.86528799019608,33.26108375641923
0,14,30,67.18582996924259,66.31695440996911,66.17417279411764,52.98943014705882,30.77833381300752
0,14,40,67.03242019178438,66.60130868586751,66.12428513071896,54.30357872315592,32.646223582551706
0,14,50,67.18269306385655,66.53166986880221,66.05836397058823,52.75485089869281,33.77689733694896
0,15,0,67.18921808919646,66.51327211098288,67.01470588235293,51.48161764705882,35.78151753368348
0,15,10,67.28232719558412,66.60701252723311,66.86219362745098,52.96139705882352,36.661948122625525
0,15,20,67.20100682429835,66.62807838947542,67.11626838235294,54.87104779411764,33.67426830661342
0,15,30,66.21494172811575,66.39793803418803,66.25,54.72601102941175,33.25037720762064
0,15,40,67.2438952432825,66.56551673714355,66.9609375,54.315257352941174,35.63422370721337
0,15,50,66.55812367325846,66.22940379403792,66.72273284313725,58.180422794117646,36.303655689325275
0,16,0,66.58909767610747,66.02419538953794,65.9407169117647,56.56467524509803,37.0344164839849
0,16,10,66.8599968228032,66.12184453518742,65.86672794117646,49.514859068627445,37.31630036195899
0,16,20,66.57666802832243,66.22839550454329,66.38643790849673,48.00617851307189,34.684864513181154
0,16,30,66.47291439724037,66.1188426590148,66.42325367647058,47.53538602941176,35.028372453231654
0,16,40,66.47151870007261,66.12894092596387,66.40533088235293,49.06112132352941,33.99563667802091
0,16,50,66.41434958242556,66.26094728541823,65.94898897058823,54.42738970588235,34.09099836420706
0,17,0,65.98650826071169,66.18983967570767,65.58578431372547,56.67029207516339,37.588366297518355
0,17,10,66.00316811909948,66.04811080936437,64.70128676470588,51.880974264705884,37.33998796972045
0,17,20,65.65252522305218,66.05574186991872,64.078431372549,50.146548202614376,37.790430288318284
0,17,30,66.02519225282704,66.00818089430895,64.31658496732025,48.26510416666666,38.61134755506627
0,17,40,66.20799291938997,66.16144459816445,64.48345588235293,46.600183823529406,39.600021436809605
0,17,50,65.89592548201615,65.9879909077452,65.04227941176471,47.00154207516339,40.748189080596774
0,18,0,65.93324190787426,65.87937817403385,65.11994485294116,50.66605392156862,44.97033950266116
0,18,10,66.15212061676522,66.01270524469948,65.24739583333333,52.80024509803921,47.67998772365167
0,18,20,66.34282407407407,66.12031025824965,65.35590277777777,52.589869281045736,48.271826536000496
0,18,30,66.4683120007262,66.20742372464932,65.61848447712418,50.005923202614376,48.765412652810944
0,18,40,66.36258558979145,66.1175952494819,65.7844669117647,54.057444852941174,49.6643260386533
0,18,50,66.66699962392363,66.29457496413198,65.53627450980392,55.98321516106442,53.320761519283124
0,19,0,66.3030695611578,66.13289469938594,65.45465686274508,54.784007352941174,53.56155909766261
0,19,10,66.73695274406059,66.30711054747103,65.85294117647058,51.768841911764696,53.395930677235434
0,19,20,66.57576252723311,65.81904690738084,66.36764705882352,50.73152573529412,51.92615891965078
0,19,30,66.43188090050835,65.83504901960784,66.58851102941176,56.870404411764696,52.246736924944045
0,19,40,66.62785162141779,65.60402789164445,66.59145220588235,59.38419117647059,52.92405458364468
0,19,50,66.33579403983816,65.6743698902325,66.37867647058823,58.228860294117645,52.46606892620658
0,20,0,66.4364855664488,65.74285828152401,66.56924019607843,57.8046772875817,52.647905730759305
0,20,10,66.45145697167754,65.54023792443807,66.66748366013071,58.55555555555555,52.284675040228855
0,20,20,66.36662581699346,64.81175431554736,66.4485294117647,59.03814338235293,52.3156423207581
0,20,30,66.44719917881679,65.31287354841874,66.37867647058823,57.44362745098039,52.891374027168766
0,20,40,66.81336745482506,65.73845909197011,66.34482230392156,58.844362745098024,52.669580705242474
0,20,50,66.51803221288515,65.94062734850037,66.66370506535948,58.849795751633984,53.06794727400955
0,21,0,66.57099446259987,65.72779806366991,66.57189542483658,58.937091503267965,54.584727132038715
0,21,10,66.87308914306463,65.84503628205668,66.61305147058823,58.744944852941174,55.57871897704762
0,21,20,66.76979036985163,65.887558356676,66.42024101307189,58.19811070261437,55.24780428585575
0,21,30,66.74034586056644,65.86929396027418,67.05836397058823,58.378676470588225,56.02957095941445
0,21,40,66.99041167392882,66.11206107442976,66.3235294117647,59.296875,56.80123493999873
0,21,50,67.08173922346717,66.21397197767995,67.59988766339869,59.10916053921569,56.85043781875123
0,22,0,66.98782452795932,66.45684634965096,67.05882352941177,59.94944852941176,57.76737976841378
0,22,10,67.08765885984022,66.4281337535014,66.67039419934639,59.91194852941176,57.127751030967936
0,22,20,67.12577484697583,66.48018387910719,67.01792279411765,60.60064338235294,57.28985382978948
0,22,30,67.20338144517065,66.23458702925615,66.79641544117646,58.7954963235294,57.29940256757812
0,22,40,67.14518654684096,66.5133967475879,66.67003676470588,60.730698529411754,57.620271285597575
0,22,50,67.58916770411868,66.61108957471876,67.19669117647058,60.62288602941176,57.60668188191166
0,23,0,67.41087962962962,66.29544637299364,67.16130514705881,60.27895220588235,57.42626610266774
0,23,10,67.32124636891791,66.65656304188342,67.23575367647058,61.02481617647059,57.915400036884414
0,23,20,67.09454429920115,66.43885123493841,66.85799632352942,59.99261170814479,57.553138289236635
0,23,30,66.63616103848946,66.23990332244007,67.57499999999999,61.26245915032679,58.277661904408234
0,23,40,67.2081880311047,66.60818111335442,67.34972426470588,62.06939338235294,58.58226798732312
0,23,50,67.36465141612202,66.39730989618069,67.25735294117646,61.483578431372536,58.97524708747135
1,0,0,67.43450208787219,66.5566640545107,67.5593137254902,60.21323529411764,59.00842618030117
1,0,10,67.1542188634713,66.51162492774888,67.91360294117646,61.24466911764706,59.41412234875011
1,0,20,67.3709626906318,66.13010384709438,67.12408088235293,61.44117647058823,59.109375972611275
1,0,30,67.30627496368918,66.19507761437906,65.75370710784313,58.97353524743231,59.07351105372704
1,0,40,67.24777823166305,66.22772233893556,66.74356617647058,58.967830882352935,58.78546547491859
1,0,50,67.45352214960059,66.1100120603797,66.73805147058823,60.71001838235293,58.8614167414489
1,1,0,67.16835414721443,66.37253304099416,67.30101102941177,62.35315563725489,59.14679116669006
1,1,10,67.2865059912854,66.41387957960961,66.64128880718954,61.575192577030805,59.28884562639158
1,1,20,67.7446781953522,66.52020794428883,68.02113970588235,62.125787815126046,59.723510501107
1,1,30,67.48673066448801,66.35707380174291,66.67757352941176,62.608609068627445,59.81336805555554
1,1,40,67.50661537763251,66.47275160064025,66.4466503267974,62.82743055555555,60.20365130427172
1,1,50,67.71961238198983,66.66944541705571,66.88511029411765,62.767922794117645,60.447519520750205
1,2,0,67.78380272369245,66.60209622601954,67.92371794871795,64.49294871794872,60.405448192534585
1,2,10,67.55514705882352,66.28238348865187,67.74320874183006,63.108813316993455,59.886632329023634
1,2,20,67.74215005446624,66.61405428024867,67.18823529411765,63.43694852941176,60.16883169934639
1,2,30,68.08803072154788,66.64349436929243,67.67647058823528,62.78584558823529,59.86011324060449
1,2,40,67.65821759259259,66.79050636514768,67.2687397875817,62.179585375816984,59.956630684188546
1,2,50,68.13630855119825,66.9883777698071,67.98815359477123,63.427287581699346,60.34442611344989
1,3,0,67.36437681554102,66.30433533169364,67.41452205882354,63.400275735294116,60.08172673870421
1,3,10,67.08472287062973,66.47104869725666,67.23529411764704,63.417616421568624,59.999974161187396
1,3,20,67.61892669104678,66.5930115635998,67.58887867647059,63.014859068627445,60.059586421374085
1,3,30,67.68360339506174,67.28685418611889,67.80882352941175,63.37683823529411,59.67883645919031
1,3,40,67.4675472040668,67.06220432617492,68.20373774509804,63.32313112745098,60.61692780173937
1,3,50,67.83351359062142,67.50307095060245,68.42851307189542,63.26087622549019,59.474716119086516
1,4,0,67.53637012497308,67.17521287595714,68.06428571428572,62.63978937728937,59.51029544138458
1,4,10,67.79540284062344,67.50786212233486,68.19990808823529,61.15257352941176,59.41075749448715
1,4,20,67.3473924291939,67.50855020557314,67.92095588235293,61.947610294117645,59.64276706727424
1,4,30,67.37915305010893,67.21075984333696,67.125,60.54411764705882,59.47937418842455
1,4,40,67.84420809990664,67.8180366252192,67.88293504901961,61.83409926470588,59.48090261063507
1,4,50,67.54143745461147,67.73876633986927,67.47058823529412,61.022977941176464,59.388439914973084
1,5,0,67.75069671387072,67.61046847600826,67.89292279411764,62.816176470588225,59.60722039138029
1,5,10,67.64178240740739,67.86541427546629,68.16669730392157,61.14154411764705,58.912619625542014
1,5,20,68.01495778867103,67.8895434799936,68.26470588235293,60.66636029411764,58.7234670818682
1,5,30,68.13647324670607,68.23090227961102,67.84150326797385,59.79392361111111,57.951029560760475
1,5,40,68.38762708787219,68.13995994739358,67.56079306722688,59.39748774509803,55.70889025277324
1,5,50,68.4585058097313,67.64619913005852,67.66222426470588,53.91452205882353,47.5474959350898
1,6,0,68.18610203340596,67.77764925075722,66.93530433006535,49.037990196078425,34.94187141168525
1,6,10,68.0400988173047,67.51884104955303,66.75735294117646,49.45128676470588,26.28437357212388
1,6,20,67.90634531590415,67.43389939309058,65.25,48.013655462184865,22.513261492540266
1,6,30,68.42580564633259,67.4065359477124,62.92279411764705,46.14292279411764,22.090395348984206
1,6,40,67.28486381394664,66.82264767017915,60.569852941176464,44.17745098039215,23.55083959115561
1,6,50,66.89902605779153,65.49745953937133,59.29411764705881,43.870863970588225,24.439100282279252
1,7,0,67.27258157649024,63.18371543061668,55.35850694444444,39.02830882352941,24.58893793332936
1,7,10,67.46917892156864,59.96978722044372,48.86396037581699,36.30902777777777,24.67444374913086
1,7,20,67.44775326797384,53.606684757236216,40.72450980392156,34.83731617647058,24.054395174600117
1,7,30,66.01870159828637,48.793653850429045,40.38532475490196,31.494546568627452,24.767357758706304
1,7,40,67.85754629629629,48.568943858031005,38.913602941176464,31.660171568627447,24.22763921171305
1,7,50,67.09750227815485,47.950144791891105,36.07792075163398,30.177696078431367,24.521251932429966
1,8,0,67.42354652972298,47.34450038829634,36.43520220588235,30.206341911764703,24.336318960208196
1,8,10,67.3343866713352,46.73450674019607,33.99456699346405,27.578002450980392,23.676964198365944
1,8,20,66.51985638952549,47.62445467930761,33.02895220588235,26.97058823529411,23.705951974600286
1,8,30,67.55576812637933,48.63061815949259,33.46504289215686,25.85799632352941,23.567738849246982
1,8,40,67.49584312491021,50.06787038533362,35.48468530040221,29.009175465057815,23.47612403935933
1,8,50,68.03862856194169,53.553233881862454,39.022518382352935,31.98615196078431,23.188154002322918
1,9,0,68.05746699475071,58.15412060978237,44.10294117647058,34.18780637254902,23.182091673474943
1,9,10,67.67781530032828,61.95057656395893,46.66176470588235,35.991727941176464,23.584640478666216
1,9,20,66.51578108070323,62.71200271313254,48.760416666666664,38.59715544871794,23.80755478607041
1,9,30,66.78001191704752,64.66724425881463,50.999387254901954,34.229166666666664,24.17278149240465
1,9,40,67.84809572951986,66.49531284736115,57.7906964869281,41.88010620915031,24.18142968993153
1,9,50,67.6753353973168,67.00953353563648,64.1640625,46.575367647058826,25.71865553513072
1,10,0,67.36066606467149,66.83213952247564,66.95655345471522,48.7125714869281,27.6192216697042
1,10,10,67.71259531590414,66.4425383508104,66.28492647058823,49.90303308823529,29.522530511937674
1,10,20,67.53612111888495,66.25051845472396,66.3033088235294,49.7109579248366,29.473498724366998
1,10,30,67.22432958477509,65.73575043838672,67.18979779411765,50.83180147058823,30.833484564038375
1,10,40,67.83800917673466,66.44494681711069,67.11933210784314,52.61087622549019,31.42236178088659
1,10,50,67.39645515613653,66.26465224978881,66.76194852941177,54.6516544117647,34.164787824852155
1,11,0,67.22570352214959,66.2177693299542,67.52904411764706,57.83112745098039,40.15038770716619
1,11,10,67.38327432824981,66.33790752412077,66.94347426470587,58.83180147058823,43.52588196464918
1,11,20,67.0044072258533,66.88718820861678,67.0767463235294,58.1171875,44.97390500526452
1,11,30,67.5425786518311,67.02053307434082,67.17769607843135,57.86167279411764,45.095546358453106
1,11,40,67.35290421724244,66.9227539626962,67.44806985294117,57.20079656862745,45.639510573733055
1,11,50,67.48364197530864,66.82345847527043,67.00873161764704,56.53812149859944,48.17240040587974
1,12,0,67.77030001815541,67.0013113172098,66.92647058823529,58.8860294117647,51.12053632216776
1,12,10,67.58197070494865,66.91587999020746,67.53084150326796,58.812796160130716,51.820663977396514
1,12,20,67.66568627450981,66.83353772403272,66.96553308823529,58.950098039215675,50.11595127367185
1,12,30,67.4164941902687,66.6229385860035,66.30050040849673,58.459068627450975,50.382495793456265
1,12,40,67.46722624234877,66.8391365489285,66.97288602941177,58.658169934640526,51.7385170581053
1,12,50,67.68174019607842,66.8857533749486,67.36049836601306,58.773815359477126,51.82358164852862
1,13,0,67.49705201525053,66.75614837398375,67.55187908496731,56.079370915032676,51.53178390403779
1,13,10,67.45530429764497,66.84436530709847,66.87443831699346,57.5312091503268,52.10616221430297
1,13,20,67.13129992737835,66.56032173031814,66.91911764705881,58.60823529411764,52.17322800915236
1,13,30,67.22490695352214,65.81425675492211,67.18162785947712,56.428276143790846,51.46714462841413
1,13,40,67.35012708787218,66.12666586959986,66.6437908496732,56.73066993464052,50.66705286010508
1,13,50,67.36406428312064,66.41414930555555,67.24558823529412,57.954289215686266,52.66056723971639
1,14,0,67.49115831517791,66.46825823825463,66.82720588235294,57.36768790849673,53.17028847253186
1,14,10,66.88174700435731,65.51299432374574,67.07169117647058,57.008455882352926,52.48297538899009
1,14,20,66.57527913943355,65.22969372708432,66.02113970588235,55.00786764705882,47.58790627917833
1,14,30,66.16946033042846,66.3835844093735,66.8782169117647,52.58167016806722,43.01953489729226
1,14,40,66.80529230210601,66.4424953314659,67.2469362745098,55.901919934640524,42.14277057338086
1,14,50,67.52949638188608,67.01040638477612,67.33578431372547,56.397017973856215,41.48094782913166
1,15,0,67.3414849379923,66.45556847739095,66.7720588235294,56.81176470588234,45.60678416518122
1,15,10,67.27693355119825,66.80038362567247,67.21920955882352,59.06661764705882,46.48640827391562
1,15,20,67.3910198801743,66.98642137410518,67.24954044117646,58.34375,40.448411881419226
1,15,30,67.10976080246913,66.57423552754437,67.50699550653594,57.8156045751634,38.60550641923436
1,15,40,67.14516612200435,66.82863006313634,66.66360294117646,57.11360294117647,39.73169976249561
1,15,50,66.8819308278867,66.6994470010226,67.04825367647058,57.05257352941176,38.470929887106365
1,16,0,66.93300199709512,66.57971881060118,67.23340482026143,57.51209150326797,37.48600333330005
1,16,10,66.953022875817,66.78088731218982,66.84339256535947,57.60800653594771,35.809869601435345
1,16,20,66.90305237835875,66.67515367258012,66.88235294117646,54.24338235294117,32.48775230680507
1,16,30,66.81248411401596,66.71812141523274,66.53676470588235,49.009926470588226,28.690088175793193
1,16,40,66.93647875816994,66.89773284313726,66.55376838235293,47.10845588235294,27.561097265703665
1,16,50,66.60559640522875,66.74219465564003,66.42095588235293,47.382544710191766,26.20054206574535
1,17,0,66.5996809835045,66.80032353753467,65.78998161764706,45.206691176470585,23.557831195460945
1,17,10,66.49705201525053,66.23180758414476,65.48207720588235,47.12745098039215,24.64542942239742
1,17,20,66.17458696441538,66.02269266624778,64.8079044117647,46.031789215686274,22.879641553903983
1,17,30,66.51412037037035,66.02315162175981,65.04865196078431,43.18455882352941,21.86427625863179
1,17,40,66.44663346820211,66.05406620981725,64.15747549019608,45.910008169934635,24.32420503852164
1,17,50,66.27651824618738,66.11342884375973,65.38005514705881,48.200395927601804,23.350108615593044
1,18,0,66.22469362745097,65.81630429949757,65.66452205882351,47.364705882352936,25.456617647058817
1,18,10,66.38892973856208,65.79429817867317,65.27547998366013,45.471825396825395,28.768467599458084
1,18,20,66.81512953597726,66.38163220885602,65.4641544117647,46.24595588235294,29.400470541409117
1,18,30,66.66154230210603,66.80958939131207,65.67687908496731,47.00915849673203,32.170666754370764
1,18,40,67.09934640522876,67.05607006691565,66.75833333333333,48.3331862745098,37.265364501415526
1,18,50,67.1171750181554,66.84108407251789,66.2422487745098,54.05315826330532,44.45817907102509
1,19,0,66.99114794065774,66.77989181783823,66.32996323529412,54.35137254901961,48.46493466964919
1,19,10,67.2728373702422,66.77249167021404,66.54273897058823,54.69666666666667,50.79114889419819
1,19,20,66.89940855259482,66.6515822995865,66.87178308823529,58.006274509803916,53.07387383057798
1,19,30,66.99481436092955,66.71576407159804,66.1111111111111,58.054697712418296,55.38353450427299
1,19,40,67.20086011256353,66.33009842826019,66.8033088235294,58.180686274509796,55.76286924900678
1,19,50,67.28399146695713,65.75744444654197,67.14108455882352,59.31661764705882,55.74136111725391
1,20,0,67.02740339725634,66.10921778967997,66.41130514705883,58.85441176470588,56.04696194488582
1,20,10,66.95977441902686,65.43836576297184,66.96180555555554,59.719485294117646,56.324281068636594
1,20,20,66.7304714532872,65.55957519186538,66.62183415032679,59.05006535947712,56.16068464052286
1,20,30,66.86516544777791,66.27568572926356,67.18520220588235,59.31622899159663,55.73682725362871
1,20,40,67.41719771241829,66.17156165311653,67.40533088235294,60.07888655462184,55.388446599152466
1,20,50,67.39894511726258,66.51593436154948,67.34266748366011,59.42178104575163,55.742542483660124
1,21,0,67.27227268358322,66.46245900799343,67.10564746732025,59.852075163398695,56.36542879587732
1,21,10,67.24746491733947,66.36639224795609,67.35707720588235,59.96302521008404,56.27792246642247
1,21,20,67.11269703960015,66.27840945321218,67.21047794117646,59.59852941176471,55.3092035480859
1,21,30,67.02572327950789,66.17078408599212,66.83088235294117,59.13382352941176,54.94914390756301
1,21,40,67.46233887073349,66.27996615312792,67.27301879084966,59.97316176470588,55.295672795261886
1,21,50,67.27498411401596,66.3103119025388,67.10294117647058,59.72830882352942,55.674396866589774
1,22,0,67.24068173565722,66.75932636943665,67.41047794117648,60.75041666666666,56.13306238567917
1,22,10,67.57620733478576,66.95914393535192,67.75694444444443,60.39342320261437,56.2830075657714
1,22,20,67.21654411764706,66.82797362847577,67.375,59.534191176470586,56.11634891007686
1,22,30,67.48861493671544,66.5499205779873,66.68861607142857,59.00625,56.38171393557423
1,22,40,67.49378844675124,66.8651535625215,67.73651960784314,60.838235294117645,57.437085735410584
1,22,50,67.43158881199538,66.69625259238312,67.46200980392156,60.964307598039206,57.863264212611455
1,23,0,67.61383602460593,67.1716036414566,67.30759803921568,60.21920955882352,57.66388674517426
1,23,10,67.20340253748559,66.96303529385487,67.38562091503267,61.129575163398684,57.96297210550887
1,23,20,66.75639177239523,66.52950100772016,67.68014705882352,60.204306722689076,58.256399788120376
1,23,30,66.63702662437524,66.22589225611576,67.34068627450979,60.24816176470588,58.92405266134792
1,23,40,66.92131872356785,66.37751332240212,67.20522875816992,60.05284926470588,58.527992458521865
1,23,50,66.69716935793925,66.17752485140396,67.96875,61.31102941176471,59.311397687613166
2,0,0,67.15973031627512,66.57935543815299,67.78540305010891,62.670751633986924,59.43640699387524
2,0,10,67.29963235294116,66.58072249068483,67.61703431372548,62.83226102941176,59.70710279782909
2,0,20,66.62053331136377,66.31753746213933,67.60315904139433,62.79585375816994,59.52441905333561
2,0,30,66.89520617070357,66.24256208580994,67.25686274509803,61.55514705882353,59.60103886792812
2,0,40,66.8697327950788,66.37179593382069,67.51960784313725,63.36948529411764,59.62778327082095
2,0,50,67.28645472895039,66.01298421807746,67.5079656862745,62.64200367647059,59.74031060340804
2,1,0,66.73533496732026,65.96037467832662,66.20710784313725,62.225643382352935,59.32065621010933
2,1,10,66.86969434832757,65.89974920862655,67.83210784313725,62.07650122549019,60.13405624876214
2,1,20,67.21687091503269,65.88375855798033,67.13180827886708,62.18733660130719,59.893787342661426
2,1,30,67.89158016147634,66.58249769419962,67.96078431372548,62.9094669117647,60.40650594129454
2,1,40,67.44962862973242,66.48372448729334,66.20254629629629,62.53700980392156,60.22672018460162
2,1,50,67.41011870434448,66.37843436154948,67.81495098039215,62.95128676470588,59.94646115390599
2,2,0,68.03160473465404,66.63953375753051,68.1190476190476,64.41666666666666,60.54112199824986
2,2,10,67.07858275663204,66.3357054610462,67.81740196078431,60.275275735294116,60.083426365051494
2,2,20,67.41301697149447,66.55002789733778,67.21568627450979,63.10661764705881,60.2020114730874
2,2,30,67.57765522875818,66.34849354375893,67.97120098039215,63.15854779411765,60.024451869492374
2,2,40,67.15166762783542,66.66265727835848,66.58149509803921,62.05344012605042,59.69492165913983
2,2,50,67.68302107830654,66.82062040263258,67.12908496732025,61.297693452380955,59.2308650841289
2,3,0,67.6265931372549,66.64037523342668,67.42279411764706,60.99102328431371,59.7126823673192
2,3,10,66.85070886197616,66.1593325134932,68.1642156862745,62.022058823529406,60.050191202854755
2,3,20,67.27518262206843,66.7809451219512,67.99754901960785,62.559545693277315,59.78652603898702
2,3,30,67.06688533256438,66.94139206182786,67.29718137254902,61.719944852941175,60.00926966024503
2,3,40,67.22819108035368,66.73445520484617,67.86710239651416,61.14864174836601,59.75763929198054
2,3,50,67.66786419558909,67.2010380272127,66.71936274509802,61.23930759803921,58.97621029180903
2,4,0,67.94156395075512,67.30553871343864,68.11240079365079,62.95176854395604,59.22030893859374
2,4,10,67.58383374183006,67.18361000383061,68.5079656862745,61.502757352941174,58.20310945572991
2,4,20,67.34908489437441,67.15175847329483,68.5906862745098,62.27532387955182,59.28818851780707
2,4,30,67.7389808006536,67.68503645047761,68.27879901960783,62.18232230392156,59.09813769257703
2,4,40,67.54641544117646,67.66743233618232,68.67749183006535,60.52415236928104,59.21083938783847
2,4,50,67.6128089256536,67.54314877660464,68.10954520697167,61.484099264705875,59.12102141203704
2,5,0,68.03225847630719,67.48458560774735,68.01838235294117,61.01470588235294,59.226655727000406
2,5,10,67.68657577614377,67.94599478680361,68.02886710239652,60.48187295751634,59.10037530637254
2,5,20,68.37441059757236,68.1275988173047,68.16666666666667,60.343290441176464,58.28148852186077
2,5,30,68.49600439133985,68.21535199549905,67.74509803921568,60.456341911764696,57.78025708547309
2,5,40,68.5370481004902,68.1260319366163,67.81229575163398,59.02209967320262,55.458909773039984
2,5,50,68.12270220588235,67.81044868802219,66.95526960784314,56.34053308823529,45.16727770969498
2,6,0,68.19579351348382,67.95760451456223,67.30936819172112,51.19888684640522,31.07513226069649
2,6,10,68.27824283559575,67.77280126633985,67.04901960784314,50.24460784313725,23.966784419395463
2,6,20,68.40496683967706,67.48655593487395,65.88541666666667,48.2453125,20.285372005945234
2,6,30,68.5157410111995,67.10015026844071,66.5511982570806,47.652573529411754,18.71212613833412
2,6,40,68.53632016532102,66.39783394607844,64.12745098039215,48.49629289215686,19.47104011018327
2,6,50,68.22376730103805,64.71909663865546,57.548243464052284,42.13933823529412,21.526107943177276
2,7,0,67.82066272587466,62.6793197070495,53.13834422657951,37.53533496732025,22.522449941515063
2,7,10,67.35709823144943,56.631356063258636,50.50306372549019,35.824877450980395,21.565068051029936
2,7,20,66.99943325369361,50.74715044351073,47.425245098039206,35.902175245098036,21.3239474361173
2,7,30,64.77544496965453,46.517362158538624,46.140931372549026,31.358506944444443,20.90078305131576
2,7,40,66.15256132756132,43.732543572984746,46.966299019607845,31.314793417366946,21.633048338382967
2,7,50,66.93547559175185,43.447779542604195,38.55757615546218,28.309201680672267,21.59212966853407
2,8,0,66.11729502990006,42.316836673256354,36.595098039215685,27.167573529411765,21.08071795443119
2,8,10,65.49977016447605,42.27866733584613,32.66516544117647,23.897875816993462,20.414816377109055
2,8,20,66.79647684831508,43.20852676211838,31.815257352941174,21.915073529411764,19.727794526901665
2,8,30,66.79282372039724,43.572165649626065,31.16819852941176,22.327818627450977,19.221338848039213
2,8,40,66.99637184082884,44.39950302441818,30.925091911764703,21.53767156862745,18.869514883945026
2,8,50,68.0330181078113,48.044923406574995,34.823529411764696,24.75794117647058,18.706575597271872
2,9,0,67.1901963538912,52.030964222847714,42.9375,27.83933823529411,19.260785515504903
2,9,10,64.33552061449579,54.61068613780011,51.63327205882352,28.537499999999994,19.4428972779588
2,9,20,63.89787101114954,57.39995374165926,56.18859587104072,34.393695324283556,19.16383219954648
2,9,30,65.16664607019278,59.7025782264125,64.01391806722688,39.517948179271706,19.26366800383157
2,9,40,65.61947327950787,63.98834161713463,66.07352941176471,40.12720588235294,18.78621412850855
2,9,50,66.5481711666148,65.02350649609437,66.3625919117647,38.105147058823526,18.443385806703635
2,10,0,66.17882555443829,65.3666340066358,66.02762459150325,43.86651960784313,20.823025281541184
2,10,10,65.67699205750677,64.98748270102288,66.91957720588235,49.1079306722689,23.161978747542967
2,10,20,66.45466820987654,66.01480935870283,66.83431372549019,47.21213235294117,22.18222112271482
2,10,30,66.4640618992695,65.72579029528478,66.93382352941177,47.53553921568627,21.54508121491118
2,10,40,65.83846507352942,65.6507481041197,67.26838235294117,46.60294117647058,22.905986919704745
2,10,50,66.57848972922503,66.00455800371653,66.5532577614379,48.54569035947712,25.14370217160827
2,11,0,66.10797289504038,66.3012089964475,66.89013480392157,48.88382352941176,28.308261614669174
2,11,10,66.22005478662054,66.02928271811881,67.17003676470588,48.955882352941174,29.254743185152847
2,11,20,66.50658133623818,66.16675596520656,66.70358455882354,50.56139705882352,30.24256215434891
2,11,30,66.40278004720406,66.02770686557452,65.93382352941177,47.715073529411754,29.423769013666064
2,11,40,66.48257348814944,65.79033633849811,66.41495098039215,47.79595588235294,30.88632665455459
2,11,50,66.35263545232907,66.16561430127604,66.27696078431372,47.930678104575165,34.394265899949716
2,12,0,66.59653912490921,66.19042408630118,66.9549121732026,49.04676704014939,38.49048961251166
2,12,10,67.04895606390704,66.00588398821067,66.88511029411765,51.10720588235294,40.0103755566329
2,12,20,66.63282952069716,66.23161403450267,66.86386846405227,52.60360294117646,38.802902533740756
2,12,30,66.40934776688454,66.03241907874262,67.48529411764704,54.2192156862745,38.51532521645022
2,12,40,66.06129882508559,65.61037692854919,66.13198529411764,56.42319794584499,40.6939481792717
2,12,50,65.85231983144135,65.51905427769397,66.90691380718953,58.464156162464974,44.512272516698985
2,13,0,66.43386007911938,65.9453830356929,67.05121527777777,58.77989028944912,46.08805182072829
2,13,10,66.60654731190722,65.92594218242854,65.54023692810458,57.997336601307175,46.127503151260505
2,13,20,66.46242045063639,65.7332224556489,66.47717524509802,58.54509220354809,46.37746820826231
2,13,30,66.08585219175389,65.70529620763034,66.42790032679738,55.49374183006536,45.50677147525678
2,13,40,66.23440255994436,65.26019806401987,67.05747354497355,57.79335414721444,45.657306507218266
2,13,50,66.16638194751584,65.38606748254858,66.22019607843136,58.172916666666666,46.20145808323329
2,14,0,66.31661291709666,65.8879765795207,66.70625,55.61368464052288,47.22199534575736
2,14,10,65.58021585827314,65.82424650415722,66.39779411764705,55.69129901960785,47.17979608510068
2,14,20,65.59665954100937,65.99723833978032,66.86985294117648,57.930514705882345,45.07825320604433
2,14,30,66.87538463428557,66.2972367686391,67.14215686274508,56.66644607843138,40.16912255799755
2,14,40,66.96309646665685,66.23660964385756,63.971691176470586,57.621069004524884,39.3052410130719
2,14,50,67.28086397058824,65.7129029324908,62.281181917211335,57.5266570303335,39.09337589779502
2,15,0,66.8702925560806,65.71728668075417,60.22905142758857,58.15684554523564,41.65153503952189
2,15,10,66.72085980325144,65.80664602345519,60.65341503267973,58.53241830065358,42.52525922430767
2,15,20,67.14029313479777,65.93286295138209,60.550841503267975,57.26611227824462,38.867363628457916
2,15,30,66.48208204334364,65.474975107342,60.502303921568625,57.70062908496732,34.48810709010125
2,15,40,66.53565900044225,65.6487184602523,60.52373366013071,55.46110294117646,30.22437112099741
2,15,50,66.4356971828436,65.96964264285884,63.16900154798761,53.15098039215686,30.09994464464961
2,16,0,64.98091521696396,65.8919381177418,66.09960784313725,52.20666666666666,29.92062431033019
2,16,10,64.97534184726521,65.77209709465183,66.65408496732026,46.909313725490186,28.931327817703245
2,16,20,64.1406312963782,65.37706485371926,66.29779411764704,45.37216503267973,25.4696601935646
2,16,30,63.85733838744673,65.3233232929924,66.26834150326798,45.213447712418294,21.883342383107088
2,16,40,63.62789356970858,65.4404031056867,67.08570261437907,45.722508169934635,19.89473752228164
2,16,50,64.41900302931548,65.97206034460567,66.59718137254902,49.155685531788464,18.981597746637604
2,17,0,65.16034571723426,66.40498782846473,64.33950163398693,46.239133986928096,18.639673369347737
2,17,10,66.45711859305125,66.62820434797852,64.56678921568627,42.8844362745098,17.824220759732462
2,17,20,65.99819831441349,66.76302715530656,64.30747549019608,41.81861928104575,16.815704257893636
2,17,30,65.82924836601306,66.5322940607867,64.42638888888888,41.22957516339869,16.55846601461097
2,17,40,66.08398262813894,66.17148234293715,64.33652777777777,39.031421568627444,17.23772175536881
2,17,50,65.69944684013957,66.24711820625684,65.09633636788047,38.591072595704944,18.045664337163434
2,18,0,65.99907980736153,66.39764530812326,65.76625816993464,41.208259803921564,19.525055530870354
2,18,10,66.21943553737283,66.30769794028721,64.58671802054155,45.17077946563241,24.08265220923534
2,18,20,66.47898361098825,66.65039943609021,65.45555555555555,47.50894607843137,26.108301096127665
2,18,30,66.77110208118336,66.53489812591704,66.10706699346404,47.72185457516339,27.301704014939308
2,18,40,66.71454033367733,66.6061486222396,65.8362091503268,48.80585434173669,30.46530683940243
2,18,50,66.49900885792913,66.61856855145159,65.96670751633988,48.61184640522875,35.629957749766575
2,19,0,66.9017070863433,66.49593403252774,66.03813725490195,51.26191176470587,38.07719444444444
2,19,10,67.1000494496044,66.40388925844637,66.60442810457516,54.003338001867405,43.15343359010272
2,19,20,67.49146456828343,66.89390079879361,66.1783496732026,55.290482026143785,46.6053259373925
2,19,30,67.39505933952528,66.60183554960133,65.98484477124182,57.23509803921568,48.922682904900384
2,19,40,67.17166107671137,66.60517732286715,66.51607843137253,57.90030462184874,52.12606348308554
2,19,50,66.96234735122118,66.07154201532619,67.00102124183006,59.189232026143785,53.469985739750456
2,20,0,67.17313811489508,66.37937577808901,66.95077614379085,58.95780228758169,54.47402377617713
2,20,10,67.24370270037839,66.17225153950466,65.72973856209151,58.251674836601296,55.486811932565246
2,20,20,66.6986132610939,65.59254590725178,66.25788398692809,58.466830065359474,54.73277453838677
2,20,30,67.20596835225318,66.16769763460941,66.39169934640522,58.38966503267974,54.696300186741375
2,20,40,67.10441084328468,66.21863940020452,66.6314133986928,58.54808006535948,54.089602864955495
2,20,50,67.41905744754041,66.31021241830062,66.82986111111111,58.83904411764706,54.148053891886434
2,21,0,67.21276844070961,66.54563367013469,66.73480392156861,58.93365196078431,54.19147742430305
2,21,10,66.82591681409406,66.25791399893292,67.03330065359476,59.36058823529411,53.276608976924074
2,21,20,66.63903723770211,66.27771038971143,67.51014705882352,60.267565359477125,52.229090802987855
2,21,30,67.04599243206054,66.3813810465707,66.8890114379085,59.11571895424836,51.870071405755276
2,21,40,67.13225619195045,66.6100977463635,67.14742647058821,58.483071895424835,52.53019291049753
2,21,50,67.2172084623323,66.61926993019429,67.0,59.33480392156862,52.598616113111895
2,22,0,67.48707276770357,66.75235760971056,67.18602941176471,59.623366013071895,52.68894474456448
2,22,10,67.1936898004816,66.86450769410328,67.36384803921568,59.36842320261437,51.75815287653523
2,22,20,67.41934769521845,66.70650482415188,66.87419117647059,59.808186274509794,51.3254182625431
2,22,30,67.34395363408521,66.68737133742385,67.66017156862745,60.297075163398674,53.766802897708224
2,22,40,67.51156260749913,66.68786014405762,67.5865931372549,59.83419117647058,55.402616932189545
2,22,50,67.30839998280014,66.514811896981,66.9451225490196,60.41051470588235,56.0409458401416
2,23,0,67.44572368421052,66.78677429305053,67.49135620915033,61.201217320261435,56.6313372601788
2,23,10,67.50909749864859,66.89208224956649,67.61449346405229,60.51428104575164,56.39840328988738
2,23,20,67.3923718610251,66.6909815315015,67.70375,61.02071078431372,57.365376150460186
2,23,30,67.27124398004815,66.45434246066846,67.24771241830065,60.09981092436974,58.03885423506205
2,23,40,67.21846620227039,66.5776267451425,67.37389705882353,60.54700980392157,58.51867020617768
2,23,50,67.22409485724113,66.30026232715308,67.38529411764706,61.37299019607842,59.638632834085996
3,0,0,67.03413263078511,66.53400659332354,67.40371732026144,60.91364379084966,59.33515215894971
3,0,10,66.86429284676835,66.29338979341736,67.00543300653594,62.19199346405229,59.208691619008725
3,0,20,67.44625933706816,66.4880318778543,67.01856209150326,60.870261437908496,59.525810185185186
3,0,30,67.08638968745392,66.38265226822435,67.12245915032679,60.13206699346405,59.69456559065932
3,0,40,67.02609864121088,66.78021708683472,67.24682189542483,61.94166666666665,59.33537435807654
3,0,50,67.30852253181973,66.42182468515861,67.06380718954247,61.596492763772176,59.29588792114068
3,1,0,66.78767844857241,66.32070580264624,67.4280637254902,60.73664215686274,59.72175245098038
3,1,10,67.51068541451669,66.56461744839142,67.56542250233426,61.459297385620914,59.5855929588575
3,1,20,67.29409399724801,66.31729891143449,67.06183006535947,60.373031045751624,59.16614082064449
3,1,30,67.48720545235638,66.66740168289539,67.20755718954248,59.955543884220354,58.97203071704872
3,1,40,67.33229704162366,66.70055172653855,66.59955065359478,62.152777777777786,59.89837238153405
3,1,50,67.72403250773993,66.46854450113376,66.67401960784314,61.85763888888889,59.90878660988204
3,2,0,67.36055268261151,66.24357152954964,66.1740293040293,62.12482142857143,59.85716112563906
3,2,10,66.97383900928793,66.46171815625473,67.08334150326797,62.88610294117645,59.19190687172302
3,2,20,67.14059812521498,66.52756919373215,67.50359477124182,62.25897875816993,58.91785854341737
3,2,30,67.16949620941494,66.61601319497134,67.72814542483661,62.67176470588235,59.78647029952334
3,2,40,67.25818068455453,66.73555373699868,67.28680555555556,62.47640522875817,59.20636858076564
3,2,50,67.58316133470933,66.94825703537227,67.32687908496732,61.68320845004668,59.67049159663867
3,3,0,67.65565994916486,66.03820964432286,67.19521241830066,62.672933006535935,59.644265846082014
3,3,10,67.11120642701523,66.33950733394131,66.66952614379085,62.751789215686266,59.89277375647229
3,3,20,67.12697153422774,66.54710822313422,68.52242647058821,61.467083333333335,59.315951903488674
3,3,30,67.29820476436187,66.72885520487264,67.41527777777776,62.129248366013066,59.36775000000001
3,3,40,67.83754514963879,67.14073336699019,67.82336601307188,63.39312908496731,60.062268674136305
3,3,50,67.75714224286205,67.53115092936399,68.1672794117647,62.03874999999999,58.77284442110177
3,4,0,67.16667630614998,67.22340983799604,68.18428571428572,62.38588369963369,59.65787570028013
3,4,10,67.48643575851393,67.28341175901254,68.04033263305323,62.77051470588235,59.3445907382718
3,4,20,67.6689176986584,67.41549540547925,68.35,62.99026960784313,59.53707706373148
3,4,30,67.74902820777434,67.1888878925554,68.06097222222222,61.468913398692806,58.82220860566448
3,4,40,67.66882094943242,67.48638824510415,68.33137254901962,61.59166666666666,59.34878192596482
3,4,50,67.50133083935327,67.55530092118147,68.43803921568626,62.03742647058823,59.24888088916123
3,5,0,67.5422428620571,67.4966618557992,67.95882352941176,61.43235294117646,59.04671415441177
3,5,10,68.03850619195046,68.08247648652956,68.48897058823529,60.96600490196079,58.638065087145975
3,5,20,68.41995614035086,68.07745297305914,68.26915849673202,60.787336601307175,58.385246459695
3,5,30,68.34605263157894,68.15962259903961,68.11509803921568,60.32401960784313,57.65083354770478
3,5,40,68.44813166494667,68.31309579387312,67.47679738562091,58.10411764705882,53.64440192743765
3,5,50,68.26186575507394,67.96653397470101,67.2876225490196,52.74232843137255,43.05625131004782
3,6,0,68.36208720330238,67.98971560846562,67.04218137254902,50.72014705882353,31.47242230225424
3,6,10,68.42450980392155,67.66637279911963,66.4263480392157,48.425294117647056,25.46015156062425
3,6,20,68.43641210870312,67.46313122471209,66.14365196078431,47.947303921568626,21.047516479119118
3,6,30,68.5480342541875,67.35503657659643,65.28843137254901,47.07811274509803,20.144763738828857
3,6,40,68.39389189886481,66.02528011204483,60.565441176470586,41.85,21.516801015277906
3,6,50,67.77718102760672,64.82035300231203,52.346323529411755,35.05257352941176,22.514143258035805
3,7,0,68.11581336238197,63.757061584796524,50.460661764705875,33.94963235294117,22.160540917755984
3,7,10,67.06397739651416,59.20428224135181,46.701617647058825,33.23549019607843,21.15497697342826
3,7,20,65.98059640522875,51.81430194028832,41.31997549019608,28.984588001867404,20.73838823723933
3,7,30,66.53080003012602,47.26406909386644,35.01725490196078,27.63835784313725,20.7901717631497
3,7,40,66.0260452710496,45.493520613373555,33.940073529411755,27.528308823529404,20.716442666810313
3,7,50,67.46687678190705,43.71893763915823,32.736600409394526,28.272566526610643,20.970376245736393
3,8,0,67.46274990388314,42.55089620142929,34.28150452488687,28.14436112906701,20.27830890597997
3,8,10,67.78828432596815,42.30933540723983,30.072720588235292,24.32095588235294,19.824025443510738
3,8,20,68.0366441564971,42.35568659909724,28.885416666666664,22.36834150326797,19.554994497799118
3,8,30,67.77372490662931,43.22387798643454,31.66066176470588,26.086029411764702,19.369789344309147
3,8,40,68.02923534798535,44.88698930426871,32.77904411764706,26.49742647058823,18.569755759446636
3,8,50,67.93343555953851,47.81256967851989,37.32058823529411,26.855147058823526,18.746883991691913
3,9,0,67.7563933039279,52.62201852129221,42.396887254901955,27.58073529411764,19.386555217325018
3,9,10,66.46206298747389,56.28570224212261,51.17548202614379,32.71524509803921,19.686256407324834
3,9,20,64.39731252149981,58.92440917606359,57.12239819004524,38.90992647058823,19.441492109664377
3,9,30,66.38808141677723,60.97064464674759,57.68925303454715,42.73608426704014,19.615515338079668
3,9,40,67.17873882008944,63.193182967631486,60.1447963800905,45.43817873303167,19.962827648420475
3,9,50,66.96849845201237,64.54118897559025,61.933063725490186,50.20036764705882,21.07356852997609
3,10,0,66.4813230994152,65.27944017519287,64.48897058823529,51.381568627450974,22.578702884662636
3,10,10,66.78440617475057,65.12149081854963,65.5158088235294,54.66617647058824,24.916692577030805
3,10,20,66.59193228726899,65.37491605227949,66.54996148459384,53.68578431372548,25.50223867880486
3,10,30,67.0093468966534,65.5029519383511,65.4202205882353,51.27132352941176,24.857864230540695
3,10,40,66.55281002751978,65.38015692388066,66.02732843137255,51.63906862745098,24.90968440709617
3,10,50,66.58376547987613,65.2155247248472,66.91911764705883,53.08909313725489,26.957000684889344
3,11,0,66.78857853747559,65.18257143766597,66.0134885620915,55.991977124182995,30.808837701747365
3,11,10,66.18222209936607,65.33440505475694,66.81022408963587,55.971460218702866,31.860711372461065
3,11,20,66.1155185758514,65.82581504824151,66.34549019607842,52.61823529411764,30.54888234514584
3,11,30,66.36654815772462,65.81460429257173,66.19681372549019,49.708735994397756,31.172792212122946
3,11,40,66.53939167772373,65.74556338658229,66.30588235294117,50.71458333333333,32.6980567918143
3,11,50,66.42295070806101,65.6610981587757,67.08118872549021,52.53278186274509,35.43972436196701
3,12,0,66.38430464778504,65.39364908565054,65.86441176470588,54.38061974789916,39.63486591448448
3,12,10,66.59889932824981,65.70936425383158,66.96627450980391,54.16252100840336,42.404756190670696
3,12,20,66.66409767610747,65.4550714141191,66.93525326797385,53.11768790849673,40.65710674894957
3,12,30,65.93636172061417,64.6946365944752,66.21480392156863,54.88852941176471,38.64188222163866
3,12,40,66.5010588246463,65.6424333748651,66.2658088235294,55.243995098039214,38.85867970452069
3,12,50,66.50395811833504,66.03468818082786,66.07463235294118,56.71139705882352,42.01595666044195
3,13,0,66.67016501944907,65.89623446600862,64.96654411764705,56.79877450980392,46.673175624416416
3,13,10,66.70832258341932,65.90215545254999,65.14424019607841,57.11156862745097,48.43041507869173
3,13,20,67.06711915535443,66.1667486416519,66.52924155773421,58.64693627450979,48.11421849682614
3,13,30,65.94850622803409,65.78759527177748,65.94468325791856,55.676498868778275,44.74644057791742
3,13,40,66.43632443718228,65.65025735294117,64.39825367647059,55.7641850490196,41.52009234320508
3,13,50,66.62069143446854,65.72017361073654,66.54235294117646,57.414093137254895,40.785522656812525
3,14,0,66.57410130718954,65.73313534763497,66.03088235294118,57.530122549019595,46.65087472932435
3,14,10,66.02165229282443,65.9498384581105,66.55843137254901,55.82428921568627,44.17198603683898
3,14,20,66.76017610748002,66.04391140602581,66.27622549019607,55.74154411764705,39.382693059107694
3,14,30,66.51536855482932,65.7253203923846,66.53382352941176,51.34889705882354,33.54985643354698
3,14,40,66.33492290434691,65.94936320056478,66.87914215686274,51.43526960784313,35.145087695868945
3,14,50,66.53714596949891,66.01724553642595,66.61198529411764,54.870882352941166,36.19214016936903
3,15,0,66.69440845782759,66.11740921978547,66.59154411764705,55.337773109243685,39.235505669949596
3,15,10,65.98253998968008,65.74974806995968,66.67463235294117,55.54117647058823,38.89819069989107
3,15,20,65.47120313037496,65.4639594862335,67.32389705882352,55.81838235294117,36.169583163126354
3,15,30,64.66941434468524,65.0145325203252,66.59779411764706,55.93036764705882,33.133998608791806
3,15,40,66.29724433633102,65.70226480836237,66.00220588235292,50.98749999999999,28.78338865059912
3,15,50,66.30652949776402,65.53080962059617,66.65651960784314,50.819628851540614,26.05321824910519
3,16,0,66.40649509803922,66.04428802008607,67.01730392156863,50.948553921568625,25.45215713021319
3,16,10,66.38546826625385,66.4241659265332,66.77316176470586,49.329779411764704,23.921829951264687
3,16,20,66.30245067325174,66.03544598733801,63.551842903828195,46.45624183006536,19.78096040499533
3,16,30,66.27175352597179,66.12923712167796,64.13970588235294,42.13981900452488,17.82223269054611
3,16,40,65.93907470883089,66.2404323518025,66.10073529411764,40.447794117647064,18.044423907383464
3,16,50,65.06366866922207,65.90029904238118,65.93014705882351,44.4309068627451,16.778050763574658
3,17,0,64.98089525283797,65.63715854227867,65.02389705882354,41.138480392156865,15.311190060960284
3,17,10,65.03170364637083,65.86367012252055,64.59121732026144,39.50910947712418,15.582637186819175
3,17,20,65.29285959998033,65.9703210755847,64.05441176470588,39.23757352941176,14.769923941798938
3,17,30,65.42677258403361,65.98652905606687,64.31911764705883,39.03933823529411,14.958318446426189
3,17,40,65.53595675770309,65.95708700146724,64.49375,39.06029411764705,15.126358876884082
3,17,50,65.88948558590101,66.27673916788933,64.75102124183006,38.85951797385621,14.809450327750147
3,18,0,65.57292366946777,65.83569997443422,64.8208251633987,39.69747899159663,16.772370972198402
3,18,10,65.90962126517273,66.13432928727046,64.89660947712419,41.18455882352941,18.297480688429218
3,18,20,65.85465277777777,66.25573211122054,64.97348856209149,42.20445261437908,20.658644500107734
3,18,30,66.11574492296918,66.37525426837404,65.36470588235292,45.45404411764706,21.66956734360411
3,18,40,66.07506064605329,66.09247004357297,65.55320261437907,43.3404948646125,25.10412383286648
3,18,50,66.1752818627451,66.00969749010714,65.35882352941177,46.04338235294117,27.52582258672699
3,19,0,66.53129493464051,66.03300068565439,66.02024509803921,47.330269607843135,30.42871295745017
3,19,10,66.75850285947712,66.34729516806723,66.10625,55.16938725490196,37.88390277777777
3,19,20,66.65440931821446,66.36918434040282,66.64444444444443,57.784607843137245,40.12295224301842
3,19,30,66.55054942810457,66.03413170823885,66.19779411764705,55.627941176470586,46.3496197430021
3,19,40,66.7135906862745,66.11460695389266,65.3875408496732,55.541936274509794,49.81996831681391
3,19,50,66.57034313725491,66.25252448201502,66.43333333333334,57.1874591503268,51.89598309451984
3,20,0,66.7371977124183,66.05370495420391,66.25873716153127,57.08966503267974,53.239101614888376
3,20,10,66.51999883286648,65.93551641586866,67.06604711328976,58.36642156862745,53.88319117647056
3,20,20,65.79628676470588,64.92780917922725,66.13039215686273,56.84215686274509,53.748026069518716
3,20,30,66.61782387955182,65.55781711541607,65.73299019607842,57.62698529411764,54.52861808319819
3,20,40,66.04234681372547,65.38287912387176,63.90514705882352,56.306086601307186,54.438801057602525
3,20,50,66.02855771475257,65.39238834422659,64.9966339869281,58.55002639517345,54.22504197191698
3,21,0,66.2650933706816,65.40457057823129,65.37327847805788,58.084575163398675,53.84141748366012
3,21,10,66.32206495098039,65.24699074074074,64.55028594771241,57.88827614379085,53.59300933706815
3,21,20,65.95733660130719,65.55732765328355,65.55220588235294,57.579166666666666,52.60333088235295
3,21,30,66.0842843451483,65.55570256948934,65.41232026143788,57.98472222222222,52.38744488436399
3,21,40,66.12990400326797,65.9324949424214,65.50699346405227,58.510326797385616,52.943642973856214
3,21,50,66.45774101307187,65.69912987799705,65.58986928104574,58.19094304388422,53.61482327141383
3,22,0,66.59754201680673,65.86725622266448,65.19114637082903,57.51192165462676,54.14322694604158
3,22,10,66.4336213235294,65.89371560027519,66.04301470588236,57.66526960784313,54.525296674472756
3,22,20,67.05648080065359,66.2032825630252,65.40669934640523,57.77144607843137,54.0024277544351
3,22,30,66.70059348739497,66.07975043649938,65.90453431372548,59.036968954248366,53.765940574947926
3,22,40,66.80940359477123,65.88865417962057,65.7673202614379,59.41364379084966,54.59867121848739
3,22,50,66.78103553921568,66.38932006282046,66.05032679738562,59.86086601307189,56.46357053898114
3,23,0,66.9518469887955,66.47031701569516,66.33799019607842,60.03565359477123,57.2836425070028
3,23,10,66.83917075163397,66.21136496265174,67.0545343137255,59.68182189542483,58.05221311858077
3,23,20,66.66127174554032,65.77171081847372,67.12144607843136,59.83651960784313,57.708475294879854
3,23,30,66.68379557963534,66.04034140078792,66.42982026143791,59.756985294117634,57.51695904552295
3,23,40,66.90107929136566,66.00807613695883,66.91944444444444,61.393986928104574,58.38435493244917
3,23,50,67.30683694530443,66.18131476167702,66.91613562091503,60.77377450980392,57.920223089235705
4,0,0,67.2007781862745,66.18060682606375,67.2,61.158823529411755,58.67584593837534
4,0,10,66.71710871848738,65.85983546196255,66.40269607843138,59.438194444444434,58.66221907096172
4,0,20,66.20845996732025,65.27405559446,66.62308006535946,59.99866013071894,58.66182808123248
4,0,30,66.83600402661065,65.8917477247309,67.14693627450978,61.910377073906474,58.991802529986344
4,0,40,66.726876671123,65.9492581628611,66.6095588235294,61.232557189542476,59.15490805109922
4,0,50,67.01210521708683,66.29756055199857,67.00300536881419,60.60396241830065,59.01292370537959
4,1,0,66.80692857591755,66.22497822847085,66.84836601307188,61.35745098039215,59.15231834015657
4,1,10,66.58796743697478,65.81183181605975,65.99227941176471,60.773529411764706,59.650810520361986
4,1,20,66.96992442810456,65.9442732648615,66.19979575163397,62.330759803921566,60.22802929505136
4,1,30,67.22405024509803,66.3057629996443,67.3638888888889,62.24146241830065,60.07102859477124
4,1,40,67.23941001400559,66.88761101662888,67.1548611111111,61.49641339869281,60.6129982492997
4,1,50,67.09225140056022,66.15222450091147,67.41584967320262,62.08022875816994,60.48034115312791
4,2,0,67.1006882945486,66.26837846055281,67.24180402930402,62.23201465201464,60.5148218423733
4,2,10,66.84334325396826,65.99335150726958,66.73765522875817,61.779330065359474,59.784734544000735
4,2,20,67.17526785714286,66.26989684762793,66.51952614379084,61.56833333333333,60.163708285512016
4,2,30,67.20870710784314,66.56141359321506,66.93754084967318,61.187377450980385,59.60325237237753
4,2,40,67.04795751633986,66.17990876906318,66.87267156862745,62.46464052287581,59.508329365079355
4,2,50,67.0555678104575,66.31563472611268,66.99395424836601,61.696911764705874,60.03316269841268
4,3,0,66.79474060457515,66.03241101996353,67.50567810457515,62.14829248366012,60.02935119047619
4,3,10,66.9212030228758,66.01192615935263,66.7311111111111,61.380964052287574,59.94111688393307
4,3,20,67.20313929738562,66.72673944577828,67.22482843137254,62.32258986928103,59.86344371081765
4,3,30,66.98243055555555,66.25620901138234,67.55412581699346,61.694158496732015,59.73710436555575
4,3,40,66.6507373366013,66.6412124572051,67.95967320261437,62.36495098039215,60.37755626059947
4,3,50,67.1809007352941,66.77112759633768,67.32960784313725,60.55948529411764,59.22431454266689
4,4,0,67.55410256410256,67.03593241705688,67.75857142857141,61.96476190476189,59.93449943663781
4,4,10,67.20116830065359,67.03561021630874,67.24627450980392,61.0910294117647,58.42855385744039
4,4,20,67.35509599673203,67.19490046018406,67.72373366013072,61.92336601307189,59.35034352568864
4,4,30,67.30722251400559,67.06726287737315,67.45245098039214,60.628602941176474,58.89261776139028
4,4,40,67.07154295051353,67.31655467742651,67.59669117647057,61.63028711484593,59.10325558794948
4,4,50,67.66029470121381,67.54642023476056,67.52107843137254,60.745669934640524,59.08427073210233
4,5,0,67.3997487745098,67.27994475568002,67.97757352941176,60.286740196078426,58.63756252500998
4,5,10,67.32670751633985,67.64538106909428,67.4067156862745,59.668848039215675,58.31761668953296
4,5,20,67.79445465686273,67.82240548997376,67.58156862745098,59.82010154061625,58.450539822155974
4,5,30,68.09635620915031,67.94716386554622,67.66729575163399,59.91023342670401,58.0633975018579
4,5,40,67.89106063258635,67.81776033062795,67.08970588235293,58.493669467787115,53.9573500828903
4,5,50,67.26223535247432,67.27935632586365,66.42411764705882,55.880735294117656,44.216110610911024
4,6,0,67.63014501633987,66.74357372222393,66.22765522875815,51.60838235294117,34.034404595171395
4,6,10,67.54761307932263,66.4799915158371,66.4672794117647,49.28949579831932,25.801124854703783
4,6,20,67.65494625880656,66.34967723200391,65.70273809523809,46.58416666666667,20.58982319118123
4,6,30,67.9403941993464,66.56491207594146,65.29075980392157,45.80404411764705,19.41174803254635
4,6,40,67.69225490196078,65.46333602885598,64.51846405228757,46.28047385620914,20.54756652661064
4,6,50,67.77908613445376,64.56185474189677,60.09571078431371,42.37720588235294,21.66165119894111
4,7,0,67.1728104575163,63.252059854949735,57.90772058823528,40.49950980392157,21.60200723622782
4,7,10,67.01014093137255,58.22547906759605,49.43897058823529,32.61335784313725,21.590076797385617
4,7,20,65.15022467320259,49.928560164375824,35.78860294117647,30.265441176470585,21.719177871148453
4,7,30,64.8987625313283,46.22534959720322,33.542647058823526,28.458823529411756,22.034482142857147
4,7,40,67.25888394573516,45.09188842203548,33.74816176470588,28.226372549019608,21.44785049019608
4,7,50,67.05001675884029,44.56817401960783,33.50049019607843,26.882524509803922,21.336478174603172
4,8,0,66.7738019197578,42.80942658954608,32.28232843137255,26.463235294117645,20.961295751633987
4,8,10,67.57237083722377,42.44788734243697,32.35849673202614,27.12626633986928,20.418765989729227
4,8,20,66.59834496930085,41.35761258145449,32.37324346405228,26.158823529411762,19.930716503267973
4,8,30,65.71329656862744,41.47309027777777,29.45735294117647,23.853529411764704,19.536568124685765
4,8,40,65.78240217707129,43.78631321962769,28.875588235294117,23.64220588235294,19.326285871491443
4,8,50,67.75550145500404,48.79707483998845,31.516911764705878,25.200931372549014,19.481044701213815
4,9,0,67.8524412542795,54.80075307483845,38.61424019607843,25.370175070028008,19.699448112578363
4,9,10,67.36633598763788,59.436699188743674,47.51223039215686,26.924191176470583,19.738777310924366
4,9,20,66.92841867240088,60.70157371223548,48.74112745098039,26.921838235294114,19.469145424836594
4,9,30,65.71529459823145,61.525956913773264,52.11675420168067,30.990098039215685,19.483256419234355
4,9,40,66.77533449597787,63.8033183234534,56.28639705882351,35.660906862745094,19.697872710622708
4,9,50,65.69259763520793,65.08152450082595,57.62073529411764,36.99955065359477,19.897552754435107
4,10,0,66.10369397759102,66.04963290871903,59.356936274509806,40.28889705882353,21.394728641456577
4,10,10,66.17173932072828,65.90595451855954,62.74248366013071,45.85600490196078,22.225093137254895
4,10,20,65.27516544117645,65.7273148148148,63.470383986928105,45.22183006535948,22.21599264705882
4,10,30,65.69526989962651,65.90621609755011,60.91074346405228,40.353880718954244,21.745452870690755
4,10,40,65.51264093137254,65.79506618837159,62.63169934640523,43.00558823529412,22.323813563887086
4,10,50,65.8233040642493,65.12600793863977,63.382279411764706,43.699019607843134,24.001790492681554
4,11,0,65.9949824929972,65.60870973389353,64.49732843137255,46.19499183006535,25.275026015651008
4,11,10,66.01827614379084,66.02078484171446,64.47142857142858,46.36363095238095,26.664429907206724
4,11,20,65.83165733904897,66.09808578880269,66.41196895424835,48.63503734827263,26.709477838754548
4,11,30,66.45522408963585,66.13768785291894,66.49545868347339,55.38510854341737,28.21314554154995
4,11,40,66.50926704014938,66.15974000711395,66.27328431372548,57.219893790849675,29.096052287581696
4,11,50,66.69784065335537,66.05155988752088,66.0296160130719,54.23511515717397,33.22274509803921
4,12,0,66.34956086601305,66.08876647881377,66.42839052287582,55.51228758169934,35.583695144724544
4,12,10,66.06728585344393,66.34913952611456,66.81452614379086,53.82418650793651,37.68550501867413
4,12,20,66.14011642156864,65.83182433826242,66.92818627450978,53.44581699346404,36.41934267040149
4,12,30,66.03522467320262,65.82001158990728,66.97332516339868,52.011723856209144,34.09413621509209
4,12,40,66.22587359943978,66.04018074283975,66.89230042016807,51.94500000000001,34.2845379818594
4,12,50,65.78480539927908,65.93318248858247,66.59531553005817,53.89553874434389,37.72488848169094
4,13,0,66.00129519400353,66.14257333014505,66.53170955882354,57.77244397759103,43.0059132333489
4,13,10,65.73783133623819,66.03576114623459,66.97867647058823,58.71688725490196,43.88895891690009
4,13,20,66.4341266769866,65.95431273949077,66.82737556561085,58.298700980392155,42.37511987926074
4,13,30,66.28694852941176,65.74668258172562,66.40185866013071,52.112694035947705,40.93142920362589
4,13,40,66.45799972766883,65.28476380135388,65.65808823529412,53.16617647058823,40.47025734052486
4,13,50,67.00279110307224,65.06022205021286,64.53400735294117,55.53897058823529,42.49086693448396
4,14,0,67.20316657913165,65.85179349517585,66.57561274509803,53.791299019607834,43.04476591361181
4,14,10,67.18502239437441,65.84105036189014,66.40767973856208,54.75066380718955,42.465190415184665
4,14,20,67.2975005106209,65.05335535923771,66.46987336601306,54.38265931372548,37.86840594933625
4,14,30,67.25293602735212,65.4155634337068,66.82049632352941,53.112162990196076,33.00198276118957
4,14,40,67.20173010380621,64.95007965686275,66.40903799019608,53.9671568627451,31.6491163954617
4,14,50,67.43652414669572,65.3608164920127,66.87238562091503,55.99313725490196,31.281304505135385
4,15,0,67.12943316215375,65.84525446357402,65.97417279411764,57.31824959150326,33.5347679738562
4,15,10,67.36041407303661,66.2739370331466,66.06872957516339,56.28690476190476,36.08078454715219
4,15,20,67.13908592848904,66.33144586894588,66.61492374727669,52.036492374727665,31.08594664056098
4,15,30,66.84020809304113,66.29369478560656,66.5495642701525,52.06535947712417,26.37919417767107
4,15,40,66.51146674356016,66.07232591754651,66.85600490196079,51.37928921568627,25.305804583738258
4,15,50,64.88571806173451,65.64963714118126,66.70703976034858,51.61131535947712,25.762954586596543
4,16,0,65.10505574778931,65.70624051014917,66.29466230936818,52.24901960784313,24.58652471013468
4,16,10,66.62055699730873,66.40897190126051,66.60403050108931,53.0933551198257,21.622487804645658
4,16,20,66.86229316387187,66.60593035130718,66.0349945533769,49.90727124183007,19.132769774576495
4,16,30,66.92164552095346,66.52442810457515,65.80174291938998,44.06590413943354,16.595913484441393
4,16,40,66.97708560275962,66.68038971131689,65.91481481481482,40.460648148148145,16.069529851684262
4,16,50,66.84374319172113,66.62963593974172,66.47633442265794,39.33966503267974,15.728844037615039
4,17,0,65.60662899419027,65.80873087039693,64.59170751633987,41.45462962962963,15.786434308155497
4,17,10,64.73952500159606,65.60063765343536,64.23263888888887,39.72327069716775,16.18202197545685
4,17,20,63.84277641612201,65.79466762314681,63.998774509803916,40.702205882352935,16.17394791249833
4,17,30,62.83348896819936,66.39267947137142,62.55736154110766,38.18730650154797,14.708771275041727
4,17,40,62.718849854756705,66.19624445611576,63.079588779956424,39.59259259259259,14.23880635587568
4,17,50,62.86498729121278,66.28852561858078,62.76913126361655,42.00966775599129,15.612166414184722
4,18,0,62.974809368191714,66.33009558524265,65.3136574074074,47.84923747276688,17.515174802559912
4,18,10,62.8868519166926,66.05923812026754,65.0030637254902,50.50122549019608,17.637702132256358
4,18,20,64.526279956427,65.9207112219888,65.07461873638343,50.98910675381263,19.930576345121377
4,18,30,66.53442719680464,66.02439223656945,64.48951525054467,51.438997821350746,20.45466591398464
4,18,40,66.42101488743644,66.19396520803441,64.67258986928104,49.22988834422657,23.369930353093608
4,18,50,66.80421659404502,66.3990719865182,65.3202614379085,50.02301198257081,26.44139119933686
4,19,0,66.78318809005083,66.48794621507139,66.04139433551198,50.826797385620914,32.30572895824996
4,19,10,66.86724342514783,66.55551883354967,67.23221580298785,55.466783380018676,37.883393952819226
4,19,20,67.06009816207185,66.42921548700782,66.54654674369748,51.85486694677871,41.70102929450167
4,19,30,67.03495824255627,66.53821522511443,66.38623366013071,54.452614379084956,44.01560290782979
4,19,40,66.97927559912853,66.09368879665688,66.55882352941175,56.09803921568626,49.40633705863298
4,19,50,66.86342592592592,66.24499641319942,66.57570806100216,58.22188180827886,52.48372682406294
4,20,0,66.94077024328249,66.3485931552108,66.98583877995641,58.42755991285403,53.888278763886504
4,20,10,67.0237586238199,66.13091295461274,66.21255446623093,58.76726579520696,55.03187929933878
4,20,20,66.61710239651416,65.5997605653301,65.90196078431372,56.45098039215685,54.95738975414727
4,20,30,67.13674428104576,66.02720986768688,65.65325435729848,57.721309912854025,54.954905533642034
4,20,40,67.14169714181969,66.08042261620095,66.18736383442265,58.01742919389977,55.17092837134854
4,20,50,67.1480119825708,65.91746672246136,66.52668845315903,57.84694989106753,55.08203412317307
4,21,0,67.33839869281046,66.06052327435037,65.51561819172112,57.312091503267965,55.2627325930372
4,21,10,66.77106254538853,65.74744454692444,65.53485838779956,57.50081699346405,54.684552154194996
4,21,20,66.61401824618736,65.66992439252122,66.30010893246187,57.95404411764705,52.68391356542615
4,21,30,66.50158405954974,65.72104555236729,65.5697167755991,58.38616557734204,51.934233574382134
4,21,40,66.83165849673202,66.18775491904077,66.22167755991283,59.13446350762526,51.79059207016139
4,21,50,66.86689133986927,66.20342496754799,66.15992647058823,57.50428921568627,51.43094225785553
4,22,0,66.8428933788615,66.16727588627697,67.23425716440421,59.545270864756155,50.97261500754146
4,22,10,65.87829972100482,65.5053594028909,65.89233790106951,57.25174825174824,51.090541946615474
4,22,20,66.89954850361198,65.19676683538911,65.98069852941175,58.8156862745098,51.36826543687649
4,22,30,66.49650627794976,65.6427084722778,66.21624795751632,59.61805555555555,53.245756069094305
4,22,40,67.25723899208806,66.27236130563335,66.84483251633986,59.10380923202613,53.97261437908497
4,22,50,67.36687521499826,66.63360955493307,66.65441176470587,60.53584558823529,56.05110994397758
4,23,0,66.49026702786378,66.6303395334742,66.71354166666666,60.22805351307189,56.591571821711135
4,23,10,67.1251848985208,66.70740643479614,66.5857843137255,60.66053921568627,57.15550490196078
4,23,20,67.27612536242566,66.3291450498328,66.28834763071896,59.82118055555556,57.01293895277409
4,23,30,66.92842277261782,66.3008450602463,65.31617647058823,59.415625,58.137696877468926
4,23,40,67.30411936704505,66.59732531901649,65.71767769607843,61.07557189542483,58.32512383286646
4,23,50,67.13376762985897,66.64539023942912,66.8002450980392,61.4843239379085,58.48985001436471
5,0,0,66.67412710698314,66.35789596821633,66.59604779411764,61.943933823529406,59.10762698412698
5,0,10,67.04314155486756,66.39747121070653,66.95726102941177,60.74693627450981,59.35280695611577
5,0,20,66.82682748538011,66.5557375728069,66.73554942810458,61.48575367647058,60.0373256302521
5,0,30,67.12455710354315,66.48079870837225,66.0706699346405,59.90091911764706,59.74911519607843
5,0,40,67.08809769521845,66.69643135031791,67.11443014705881,60.584558823529406,59.746021708683486
5,0,50,66.99135706914343,66.40740198857321,66.52302900326796,60.29370915032679,59.25572822847087
5,1,0,66.70743679050568,66.21658802409854,66.32087418300652,61.62081290849673,59.156442137111256
5,1,10,66.73183694530444,66.15227462936393,66.3861315359477,61.12219158496731,59.289824813258626
5,1,20,66.68567650744508,65.86170962287355,66.44500612745097,60.18379289215685,59.20397239280329
5,1,30,66.75032219027962,65.97464800961033,66.1034007352941,60.448529411764696,58.54840978057891
5,1,40,67.26906819745442,66.81852881396459,66.1828533496732,60.999029820261434,59.90443884220355
5,1,50,67.04614938080496,66.24104905851229,66.57123161764704,62.302328431372544,60.22962581699347
5,2,0,66.9104337956505,65.9350481363874,65.86533882783883,60.51987179487179,59.22954481629484
5,2,10,66.54786506707944,65.95775197739353,66.26000816993464,59.77859477124183,59.35183894986566
5,2,20,67.01760774485231,66.07718101129342,66.33210784313724,61.62586805555555,59.265292483660104
5,2,30,67.27688338493292,66.3460804727874,66.2596507352941,62.08685661764705,59.583049136321186
5,2,40,67.13290647905585,66.23842703748163,64.95588235294116,60.23897058823529,59.79059583961789
5,2,50,67.1654884760922,65.9549807422969,66.00668913398692,62.706198937908496,59.71361827551533
5,3,0,67.6297901616787,66.30185343874392,66.21915849673202,60.76715686274509,59.692968101514914
5,3,10,66.9300911592707,66.0292582310702,65.54799836601306,60.28889910130718,59.829020326079146
5,3,20,66.77210182318541,66.43837370474508,65.75122549019608,58.96686070261437,59.601185678528566
5,3,30,67.19821121431029,66.64256766809287,65.33205678104575,60.884854983660134,60.06029715219421
5,3,40,67.59914215686275,66.83214674758791,67.04136029411764,61.51470588235294,60.26320739064856
5,3,50,67.09051212590298,66.69556100217866,66.29460784313724,61.58412990196078,59.66453123428859
5,4,0,67.38208473672869,67.14348858132996,65.78145604395604,61.49345238095237,59.56207379875026
5,4,10,67.27122155879896,66.89941116690578,66.4264705882353,61.87637867647059,58.744435035919125
5,4,20,67.50831398348815,67.00598701175281,65.91544117647058,61.661856617647054,59.504827397992166
5,4,30,67.47059898520811,66.9915449716472,66.61666666666666,60.396078431372544,59.280370481525935
5,4,40,67.41422643618849,67.30072533078271,67.44163602941175,60.84099264705881,58.99576163798852
5,4,50,67.5249794215932,67.29663765912866,66.40737336601306,61.25239991830065,59.59174348310753
5,5,0,67.33455728782742,67.12756242740997,66.10615808823529,60.530987394957975,58.83617605467094
5,5,10,67.6706032851737,67.65092884060782,65.43096405228758,60.46772875816993,58.81959912169995
5,5,20,68.3407722738218,68.14819364737764,63.983915441176464,56.79871323529411,58.462191543283986
5,5,30,68.33740355791439,68.07579507412721,64.78523284313725,57.75959967320261,58.53167933840202
5,5,40,67.82340005446622,67.94554636437907,66.48799019607843,58.69957107843137,56.776567650869865
5,5,50,67.77112381989832,67.42601511437908,65.72125204248366,58.06635154061624,54.40437186779474
5,6,0,68.23220315904139,67.8749693627451,65.30055147058823,55.97748161764706,46.65368647458984
5,6,10,68.46084591243904,67.67396110527542,64.9094669117647,54.764705882352935,37.12546018407363
5,6,20,68.46885309679428,67.93878113104216,64.95303308823529,52.66204044117647,30.765354594218635
5,6,30,68.54338008351489,67.85593312215441,64.64136029411765,51.420496323529406,28.29080882352941
5,6,40,68.56946000622472,67.69742433558787,64.49402573529412,52.087285539215685,28.517824346405224
5,6,50,68.15148647421931,67.2710724533716,64.63153594771241,52.42483660130719,28.645084967320262
5,7,0,68.09565858750905,66.77671568627453,65.06913807189542,52.56438929738562,26.989390522875816
5,7,10,67.60058551198257,65.1774459987247,62.423253676470594,50.8374693627451,25.8491802054155
5,7,20,67.54865916955018,61.26888582516339,56.655228758169926,44.58024918300653,24.368474673202613
5,7,30,67.38169545596014,56.99999274099884,51.67647058823529,41.100183823529406,23.558602941176467
5,7,40,68.02512935729847,53.559224055475845,53.173713235294116,41.65073529411764,22.60035539215686
5,7,50,67.5173126279131,51.987506262667665,52.6313725490196,41.38725490196079,22.56603466386554
5,8,0,67.4888174019608,51.14103392920646,51.50100081699346,41.850132761437905,21.859380835667597
5,8,10,67.50933244715685,51.57072558698274,52.366727941176464,40.59900210084034,21.05806829526682
5,8,20,67.59257348299168,50.803312366759044,54.85380923202614,39.47227328431373,20.494808303624485
5,8,30,68.00134781476693,52.28103034322703,56.54607843137255,40.06714665032679,20.134125502765205
5,8,40,67.58188674615144,56.47050034346415,57.67128267973856,40.87530637254902,20.056329436536515
5,8,50,66.13577839884067,60.50551392031171,61.952818627450974,45.337714460784305,20.604979235283853
5,9,0,65.7981730135493,63.402158626708264,65.70539958407605,51.40105187908496,21.821659497132185
5,9,10,63.61133938869665,63.6918200998348,64.80122818358112,48.5297443977591,22.719228167457455
5,9,20,65.85845588235294,65.56904148411502,64.14036239495798,47.934803921568616,21.7402538178733
5,9,30,65.7758183665623,65.62437718348353,65.3517769607843,49.030535130718945,21.62209772798008
5,9,40,65.58753604382929,65.87571406992849,65.43169563279858,49.15148729946523,21.872884730463824
5,9,50,65.80147024496073,66.17467874649857,66.34754901960784,50.495404411764696,23.495380890451422
5,10,0,65.57835928489042,65.78464489962651,66.03376225490196,52.2453431372549,25.373292137367766
5,10,10,65.38258602460591,65.40379989495797,66.38109097805788,53.4548450630252,27.050896191810047
5,10,20,65.99746938951091,65.79650355975723,66.2595894607843,50.549325980392155,26.73771425236761
5,10,30,67.17126585928487,66.28604677287584,60.19648692810456,46.749387254901954,26.486816393223954
5,10,40,67.3692257785467,65.75602357609708,60.127757352941174,47.613419117647055,28.417248566093093
5,10,50,66.65580545943867,65.76489008744524,63.0876225490196,52.13327205882352,31.96596656061692
5,11,0,67.33648836985775,65.95981661414565,66.33500816993464,54.087418300653596,34.88228219859372
5,11,10,66.57006920415225,66.01308779761905,66.50354516806722,54.80039996767937,37.58959097375213
5,11,20,65.35322025869172,65.75059071545284,66.640625,54.52803308823529,36.74929555155395
5,11,30,64.89404178338002,65.67654007875078,67.0735294117647,55.49506740196078,34.82485284262153
5,11,40,65.65237683308617,66.22894797502333,66.38373161764706,52.898174894957975,34.43671921149411
5,11,50,65.71366782006919,66.26141748366013,66.91498161764704,53.54503676470588,36.51769393654897
5,12,0,65.56953335255672,65.86709627280399,67.01618668300654,52.976307189542474,39.70303657177155
5,12,10,65.38040657439446,66.06900808239962,66.57388684640522,54.378523284313715,41.18522754339831
5,12,20,66.40579310155434,66.03355771475256,66.6861213235294,54.66544117647058,40.406613002343796
5,12,30,66.04335351787773,65.88508447128852,66.8860294117647,54.81377655228758,39.83937872768155
5,12,40,66.81234426062092,65.97143335966865,66.72926879084966,55.51327614379084,40.00790477649392
5,12,50,66.7269082633053,66.23386452871746,66.54499591503267,55.327512254901954,40.758983664245605
5,13,0,67.30757250816993,66.09640522875816,67.38031045751634,57.2313725490196,43.54136333352786
5,13,10,66.91853792653426,66.13673231724701,66.39292279411765,54.68019812091503,43.035219116055515
5,13,20,67.33603852999534,65.91343575563029,66.72058823529412,54.360294117647044,41.7404590482026
5,13,30,67.06426992365573,66.08281527194211,66.46527777777777,53.43331290849673,39.55209083633453
5,13,40,67.4678633217993,66.05077774859942,62.12545955882353,53.52895220588235,38.69881071476209
5,13,50,67.52034073433295,65.90780403828198,59.577777777777776,48.35421772875816,36.52106509270376
5,14,0,67.32828479430987,65.92145282311643,62.867442810457504,52.721762663398685,37.544278492647045
5,14,10,67.09241019937386,65.41758257469652,66.79534313725489,56.53431372549019,37.374276863523185
5,14,20,66.93507545174934,65.9182240604575,66.74060457516339,58.770159313725486,33.59773284313725
5,14,30,67.19884900038447,65.8537692444402,65.87351919934639,57.53308823529411,30.137740356559295
5,14,40,67.39483852364475,66.07460317460317,66.32792075163397,57.303462009803916,27.95129114145659
5,14,50,67.14115965013455,66.06505355760727,66.19296364379085,58.343086192810446,27.62275290324462
5,15,0,67.04455257593233,65.76405949238669,66.23023897058823,56.82490808823529,27.78463432247899
5,15,10,67.07440407535562,65.56702410130718,66.2424428104575,55.83719362745097,28.219200197440088
5,15,20,66.76071222606689,65.72004425125313,65.84053308823529,57.83272058823529,25.33771850845601
5,15,30,66.18953046905035,65.62546758286648,66.20521854575162,57.70797589869281,24.218284227610457
5,15,40,66.12109765474817,65.20809676434676,66.25919117647058,58.34191176470588,22.09702400190845
5,15,50,65.74010809451985,65.35192192101199,67.140931372549,58.006484885620914,21.603822362278244
5,16,0,66.0846665339925,65.58683338720104,65.39210580065358,51.080575980392155,20.906144124316395
5,16,10,66.50825455182071,65.79661137371613,65.3157679738562,48.71789215686273,18.73235627584367
5,16,20,66.56549654550815,65.97543799855492,66.20374795751633,47.940104166666664,17.019952614379083
5,16,30,66.41529712762298,65.82924936234654,65.29534313725489,47.48825571895425,18.00032598039216
5,16,40,66.38672815617473,66.06020227535457,64.6888888888889,47.58241129785247,17.25172117180205
5,16,50,66.43940273477813,66.20626653439152,65.05870098039215,47.811777836134446,18.825083063994825
5,17,0,66.11682361541106,66.01969148770618,64.25287990196078,46.67299836601307,19.78091748366013
5,17,10,66.51373194014448,66.14535869903517,63.61841299019606,47.24683415032679,18.660393790849668
5,17,20,66.0657351098334,66.09835211862521,62.654871323529406,45.77399918300654,16.743883358471592
5,17,30,65.85749699002407,65.91633431150238,63.01797385620914,47.03819444444444,17.16409558823529
5,17,40,65.79263415892672,65.77360722066605,62.78895016339868,46.19769199346405,16.949975023342667
5,17,50,65.4186683006536,65.78828906562624,63.408088235294116,47.910906862745094,18.577670518207285
5,18,0,65.79892224433631,65.54941907318484,64.38235294117646,47.506433823529406,21.083204831932772
5,18,10,65.8250626566416,65.80094468342892,64.15589256535947,47.74693627450979,24.151836583351283
5,18,20,66.08475232198143,65.3950587179316,63.11764705882353,50.291819852941174,27.128222222222206
5,18,30,65.98945433436533,65.4574749344182,63.14338235294116,48.36810661764705,26.98021732026143
5,18,40,66.22105100137222,65.5798165099373,63.72009803921568,47.43061099439775,28.051422735760962
5,18,50,66.33294203646369,65.63241713352008,64.76148897058823,48.69944852941176,31.281113562091495
5,19,0,66.38002819548872,65.69956816059755,64.61550245098039,47.653564133986926,33.00018055555555
5,19,10,66.40839138286894,65.67837773998488,63.198120915032675,50.20348243464052,35.372209967320266
5,19,20,66.08171654626763,65.50820981170247,61.51336805555555,48.53038194444444,36.83501540616246
5,19,30,66.39676212590298,65.6508481170246,64.09640522875816,49.76205065359478,38.04903513071894
5,19,40,66.70390436876505,65.33366013071897,64.11315359477123,51.89662990196078,43.27023657796452
5,19,50,66.41059726522188,65.32279564603618,62.756280637254896,55.487234477124176,47.05136542950514
5,20,0,66.67811532507739,65.61795051353876,63.497957516339866,54.83353758169934,52.01677567693744
5,20,10,66.02412178860463,65.3052511647934,63.95542279411764,56.385447303921566,53.256047766475014
5,20,20,65.45200079633129,64.47277087602718,64.04911709001783,54.99493092691622,52.20592116543587
5,20,30,66.3593244754042,64.95062344382195,63.30055147058823,55.02022058823529,53.156289215686286
5,20,40,66.23325839107572,65.42206452025255,62.727649393090566,56.23699543920131,52.81048986389428
5,20,50,66.24912710698314,65.35367938842202,63.721875,56.45486111111111,51.60270203081233
5,21,0,66.04552462651726,65.15975031485462,63.886788048552745,56.85076739028944,50.87674291938997
5,21,10,66.32971405228756,65.27895929689707,63.379136029411754,56.4237132352941,50.58584759067026
5,21,20,65.93666942738635,65.05825787679412,63.09138655462184,56.03810690943043,49.39289776368062
5,21,30,65.55462826797385,65.0109866621067,62.045138888888886,55.15983455882352,48.419653375427586
5,21,40,65.58373978758169,64.97137048617897,61.59477124183006,54.97834967320261,47.976583525567094
5,21,50,65.83682802287582,65.27804187566498,62.93954248366012,55.857843137254896,46.947798923490964
5,22,0,66.11328635620913,65.39719467244261,61.719362745098024,55.74693627450979,45.529134398857586
5,22,10,65.88253676470586,65.43993035198572,62.7640858426704,55.011080473856204,45.099539211109274
5,22,20,65.85013276143789,65.38689851909754,61.511437908496724,56.08782679738561,45.4219119020157
5,22,30,66.06288154150548,65.36606612341907,62.65657329598506,56.51382819794585,45.86905906593405
5,22,40,66.33978758169934,65.4415171939988,62.773488562091494,56.67830882352941,47.113603726747094
5,22,50,66.13052054154994,65.5775466057635,63.248406862745085,56.68440359477124,46.712808729260935
5,23,0,66.43221205148726,65.94381923223835,63.85919117647059,57.81727941176471,48.636297066903694
5,23,10,66.57470599350852,66.01748352750191,64.78212535014005,58.004528478057885,49.43009554783452
5,23,20,66.52442615935261,65.75892804091332,64.84803921568627,59.13067810457515,49.62812264328808
5,23,30,66.60837251567294,65.80655836198117,64.13333333333333,57.94252450980391,51.20229106065503
5,23,40,66.77534541594414,66.0667022111875,65.50919117647058,59.78844537815125,53.59524965434892
5,23,50,66.46698568316214,66.27975686486714,65.48419117647059,60.575,55.78138115576606
6,0,0,66.70523459383756,66.13367843349462,64.75461601307188,59.62941176470588,57.01259119660936
6,0,10,66.25695611577964,66.14043189245395,65.80624999999999,61.10257352941176,57.57380231504367
6,0,20,66.91214124538703,66.43288889419404,66.28803104575164,59.74591503267974,57.5513776752531
6,0,30,66.94412260737627,66.13901645929688,65.98631535947712,61.095506535947706,58.45468649878252
6,0,40,66.77025143390689,66.17015904846787,66.56213235294118,61.16507352941177,58.854938347888165
6,0,50,66.89152661064425,66.18664109583226,66.02794117647059,60.575735294117635,58.99479149502938
6,1,0,67.0339947089947,66.22515610410832,66.24285130718953,60.727777777777774,58.735452464042424
6,1,10,67.07586173358233,66.31712715389186,66.41723856209151,61.355678104575155,58.77915625400485
6,1,20,66.96729664087857,66.02072192513367,65.687908496732,60.663725490196065,58.77623189798794
6,1,30,66.58793572984749,66.29898575689018,67.1344362745098,60.92169117647059,58.676750242580695
6,1,40,66.85623443821972,66.53938200280112,66.87741013071896,61.44705882352942,59.14567268083704
6,1,50,67.36493847539016,66.43880732217127,66.97124183006535,60.882352941176464,59.31199277268527
6,2,0,67.25997078318507,66.46131650212533,67.02484432234432,61.53553571428572,59.80107641221395
6,2,10,66.98543417366947,66.34643865121807,66.58161764705882,62.50882352941176,59.7893727399737
6,2,20,67.13899587612825,66.16234416114929,66.55555555555554,61.24457516339869,58.75907704427924
6,2,30,66.76852796674224,66.13977458407606,66.61830065359477,61.366013071895416,58.67461192810457
6,2,40,66.67706582633052,66.13201500297087,65.71654411764706,61.956985294117636,58.266057209821355
6,2,50,66.8611967009026,65.97445701765552,66.92745098039214,61.38031045751633,58.631738400488416
6,3,0,66.6509815037126,66.28284048467872,65.96956699346406,61.122665732959845,59.101261738669805
6,3,10,66.79413598772841,65.9063855466429,66.23398692810456,60.511723856209144,58.84866101014997
6,3,20,66.80394102085276,65.92237262329172,66.48823529411766,60.85624999999999,59.44658756747275
6,3,30,66.96095577119736,66.05714113296834,66.57017156862744,62.24259803921568,59.75230419090714
6,3,40,67.5244242141301,66.40783933728531,66.62614379084967,61.15653594771241,60.19350542127358
6,3,50,67.28488756613756,66.21444273445812,66.71433823529412,61.72536764705883,60.1896095062185
6,4,0,67.5399979980337,66.3579223586491,65.64494505494505,61.30137362637363,59.649759635789025
6,4,10,67.16533752389844,66.90733356473902,67.3612745098039,62.374509803921555,59.37677573896692
6,4,20,67.1374949979992,66.7515130294542,67.25243983957219,61.95926470588235,59.10543742695213
6,4,30,67.23869186563513,66.82425751308274,67.55057189542484,61.0625700280112,59.547409078010276
6,4,40,67.09911492374727,66.57633853929168,67.54080882352939,61.72426470588234,59.72926335566907
6,4,50,67.17179621848739,66.42436431937115,66.88933823529412,61.03803921568626,59.87740257867852
6,5,0,66.63680555555555,66.20975913621261,67.55882352941175,61.350157563025206,58.80774576170336
6,5,10,66.74239417989418,66.55836196881855,68.03742647058823,61.90367647058823,58.60259595668332
6,5,20,66.8953373015873,66.94590933272534,67.29154411764705,61.094485294117646,58.832010124311175
6,5,30,67.00101457249568,66.71086221310229,67.83088235294117,61.71470588235294,58.67514017044725
6,5,40,66.5531220821662,66.30595031668318,66.58602941176468,60.58610294117646,58.61911226909066
6,5,50,67.00984671646437,66.89237872915197,67.19575163398693,61.216625816993464,58.616118750050425
6,6,0,66.80512566137565,66.72471441007691,67.21470588235294,59.63487745098039,57.54762316691382
6,6,10,67.2214438553199,66.59654195011338,67.34150326797385,60.68427287581699,58.09106833910037
6,6,20,67.13517734016683,66.9619368687646,67.08916181857357,61.54239145658263,58.631267928966444
6,6,30,67.7056917211329,67.18045206386648,67.07610294117646,59.603161764705874,57.60880061059512
6,6,40,67.7062733426704,67.56080279333958,67.48583333333333,59.861764705882344,58.31751797385621
6,6,50,67.6595421501934,67.33689376913554,67.76176470588234,60.862401960784304,57.84270798319328
6,7,0,67.66938219732337,67.12192582459339,67.02867647058822,60.969117647058816,58.22433274976658
6,7,10,67.66922463429816,67.29030831324776,67.46392156862744,60.92485294117646,57.93751097105509
6,7,20,67.88851346093995,67.17178278288057,67.5283088235294,61.24504901960783,57.43775571895426
6,7,30,67.91127423191499,67.32579188652204,67.72385620915031,60.8421977124183,57.54851517273576
6,7,40,67.8739709772798,67.29729279308621,67.88883403361343,60.80551470588235,57.193261087768434
6,7,50,67.79637605042018,67.00539283542874,67.62698529411765,60.612132352941174,57.0405612745098
6,8,0,67.66658107687519,67.25893684993378,67.85435924369747,60.5125,57.264683940242755
6,8,10,67.76788965586232,66.9654191909322,67.96282679738562,60.86687091503268,57.37991911764707
6,8,20,67.81404617402517,67.23820299437602,67.6783088235294,58.678995098039216,56.462450630252086
6,8,30,67.78900754746344,67.15080274357803,67.26801470588235,60.11544117647058,55.1569428104575
6,8,40,67.79279295051353,67.09704335222463,67.58419117647058,59.101470588235294,53.31121171802054
6,8,50,67.6872990863012,67.11073382841506,67.56470588235292,59.71985294117646,50.89137511671334
6,9,0,67.82393401805167,67.2061483508132,67.83345588235292,60.2625,51.1893707983193
6,9,10,67.79106420345914,67.07699959828894,67.5595179738562,59.62165616246499,50.72968662464985
6,9,20,67.77397292250232,66.69904050767595,66.55073529411764,59.12620098039215,47.136061822164756
6,9,30,67.95801237161531,66.78833721473087,67.07426470588234,59.061446078431366,41.86735791740939
6,9,40,67.65539021164021,66.7730932295399,67.50389705882353,57.09816176470588,35.984008771457304
6,9,50,67.87880318794184,66.58323738410093,67.24196078431372,55.32941176470588,35.692814641241114
6,10,0,67.63415032679738,66.79190606475149,67.20326797385619,56.938562091503265,38.497636904761904
6,10,10,67.89012410519764,66.6079377293553,66.975204248366,58.154852941176465,38.77082249566493
6,10,20,67.59645997287805,66.59130587834416,66.13484477124182,57.370645424836596,37.32644889124481
6,10,30,67.64773897058824,66.50788106909431,66.01213235294117,56.24117647058824,35.430392764744774
6,10,40,67.85206495098039,66.35895580454405,66.42463235294117,54.239705882352936,33.81782963185274
6,10,50,67.44559640522876,66.48014691987908,66.9375816993464,56.03819444444444,35.31330115379484
6,11,0,67.69695669934642,66.42837885154063,66.89084967320261,56.24183006535948,37.80557615903503
6,11,10,67.5421670751634,65.99467981637099,66.20588235294117,55.49889705882352,38.29086192169175
6,11,20,67.45322245564891,66.23293734160329,66.88536764705881,52.641151960784306,36.081014072295595
6,11,30,67.49772058823528,66.26639291400319,66.36764705882352,52.99783496732025,33.8563322948227
6,11,40,67.71735498366013,66.19041005291004,66.56470588235294,53.80816176470587,31.54881149346185
6,11,50,67.63079102474323,66.49048202614378,66.58823529411764,54.53669117647058,31.874844782235236
6,12,0,67.46470383986927,66.20802890600685,66.83956699346405,55.75808823529411,32.40448596105107
6,12,10,67.55017565359476,66.25662442327356,66.70805995475112,55.598897058823525,32.30689072332229
6,12,20,67.16198967086834,66.03775927037482,65.23492647058825,54.14191176470588,28.899291686371512
6,12,30,67.39226087229763,65.93841599674057,64.78194444444443,53.181454248366,27.655489934068857
6,12,40,67.38262459150327,65.64491227046372,65.97373366013072,53.135147058823534,26.819929739294977
6,12,50,67.59094975490194,65.88320633809079,66.28088235294118,52.52169117647058,26.295198060909343
6,13,0,67.2295343137255,66.07027060093043,66.48382352941175,53.11916666666665,26.937846796950893
6,13,10,67.16108864379085,66.17592495331466,66.59044117647059,52.45812908496731,27.42327981539837
6,13,20,67.05441059757236,65.94352088057444,66.55629901960785,51.444779411764706,26.62204828379001
6,13,30,67.05502246732024,65.86859882842026,65.49301470588235,51.499999999999986,26.67510369532428
6,13,40,67.13633376427495,65.57468433109678,65.31176470588234,51.315808823529416,24.673495231425896
6,13,50,66.71167383620114,65.6408091784716,66.63419117647058,52.36507352941176,24.035017012965696
6,14,0,66.64175614690319,65.9702781306321,65.9,52.07941176470588,24.960683624098984
6,14,10,66.64401371659775,65.39875483138991,66.04080882352942,54.32585784313725,25.30095966958211
6,14,20,66.71939775910364,65.56123895294553,65.43419117647059,51.46323529411764,24.587855975723617
6,14,30,66.96835150726959,65.60466690552187,66.43933823529412,52.24301470588235,24.452260666171217
6,14,40,66.68664854830823,65.4990625691378,65.03656045751633,51.72118464052287,24.834451042321685
6,14,50,66.70940320572673,66.02283103163747,64.925,53.3095588235294,25.2916048562282
6,15,0,66.59484710550885,66.0765171378629,65.7235294117647,51.84117647058823,26.804929636689824
6,15,10,66.73623171490819,66.25281184179099,65.72079248366012,51.79403594771243,26.89903271914826
6,15,20,66.56735138499843,65.94234916834952,65.07757352941175,50.4047794117647,25.23711055850912
6,15,30,66.20306400337913,65.70719904240764,65.55183823529411,51.39926470588235,25.750750181024785
6,15,40,66.3714246809835,65.45300387596899,65.14971405228758,48.83660130718954,26.74076465751135
6,15,50,66.33691059757236,65.87010613265744,64.91066176470588,48.96107843137255,28.724605245028414
6,16,0,66.45033846872082,65.86790493857865,65.03492647058822,49.89286297852474,29.802400320438
6,16,10,65.91675920368147,65.63337606211238,65.0639297385621,48.102565359477126,30.394751789604726
6,16,20,65.17318760837668,64.42396128248556,64.20053104575163,46.32308006535947,28.781954198613207
6,16,30,65.36114723667245,64.55960545667281,64.50723039215686,46.740318627450975,28.224458950246767
6,16,40,65.64856498154818,65.01360046811932,64.13235294117648,45.09779411764706,27.548888279394696
6,16,50,65.6041398824487,65.10224753586589,62.463210784313716,45.083921568627446,26.56624068291985
6,17,0,65.18896892090169,64.51294173602655,63.75147058823529,46.05245098039215,27.975312707500578
6,17,10,65.46724245253655,64.53676212733157,63.19926470588234,45.35509453781513,29.469100020960756
6,17,20,65.27509337068159,64.34326753957399,61.406985294117646,43.346691176470586,28.814690605679502
6,17,30,65.27701136009958,64.35451977153413,61.14889705882352,43.52941176470588,28.050659228893014
6,17,40,65.56626984126984,64.46627431980544,60.1531045751634,41.939256535947706,29.112721268160936
6,17,50,65.3370234204793,64.62837885154062,60.06875,42.01637254901961,29.70809348631227
6,18,0,65.265697945845,64.73441231591026,63.29080882352942,45.67483543417366,30.00812473340984
6,18,10,65.50715147169979,65.07499850715482,63.40208333333332,45.21156862745097,30.578060997126133
6,18,20,65.32715336134454,64.90952028098059,62.07463235294116,43.579632352941175,30.157421526719247
6,18,30,65.58791044195456,65.10734344125248,63.45506535947711,45.23178104575163,29.61054381709393
6,18,40,65.42772136632429,65.208361760029,64.1486274509804,47.640857843137255,31.403710055450755
6,18,50,65.72887099284159,65.35410098147787,64.05028594771241,49.88578431372549,33.11262078091309
6,19,0,65.62313258636787,65.5329226651901,64.75938725490195,50.308823529411754,34.72788794089063
6,19,10,65.85964635854342,65.60433060821228,65.04485294117646,52.19916666666667,36.862833883137
6,19,20,65.49121189411437,65.49474287777124,65.01911764705882,53.904705882352935,38.547539408616196
6,19,30,65.61357876483927,65.55263365035937,65.02610294117646,53.805514705882345,40.496116065473814
6,19,40,66.28084733893557,65.51587369443902,64.46699346405228,52.24354575163399,44.13050514078425
6,19,50,66.33982648615,65.65827375523851,65.55535130718953,57.03111928104575,47.11969537815126
6,20,0,66.22644724556488,65.39169801641584,65.0236928104575,57.592116013071895,48.980421399328954
6,20,10,66.06266923436041,65.35026382646082,65.95882352941177,58.317647058823525,49.44807910343624
6,20,20,66.2069708438931,65.0467644615986,65.03970588235293,56.52169117647058,48.1061983126584
6,20,30,66.18010461760461,65.10435279210074,65.79669117647059,57.702573529411765,49.47443091455697
6,20,40,66.18431372549018,65.13342643258854,66.16654411764705,57.89705882352941,49.559303721488604
6,20,50,66.41781629318392,65.25289462684299,65.31580882352941,57.81311274509803,48.87881536813859
6,21,0,66.17768940909697,64.75918886934618,65.46507352941175,58.067565359477115,48.610650472310134
6,21,10,66.2977201991908,65.18007757366512,65.79542483660131,58.0484068627451,47.97012545860835
6,21,20,65.88736577964518,64.55226613901374,65.77912581699346,58.18174019607842,47.24196125419864
6,21,30,65.98999377528787,64.48511823333985,65.54963235294117,58.06470588235294,47.73007594063265
6,21,40,66.03481225823663,64.59645164267258,65.91791666666667,56.276004901960775,47.76208323655802
6,21,50,65.86134453781513,64.4248641510868,65.28124999999999,57.78345588235294,47.78129954362699
6,22,0,65.67000661375661,64.28307778537773,66.17794117647058,58.862254901960775,48.0229946740601
6,22,10,64.97848528300209,64.31568451023819,66.12323529411763,58.523970588235294,47.40985346519558
6,22,20,65.1330880856616,64.26770310837513,66.2595179738562,58.34272058823528,47.40545496337063
6,22,30,65.0332107843137,63.93190264477885,65.29150326797385,58.799787581699334,49.09014394219227
6,22,40,65.6102893935352,65.13919926497732,65.99227941176471,59.55367647058823,50.1105222858374
6,22,50,65.95752023031434,65.30073434412525,66.32436274509803,58.87140522875817,52.43424107738335
6,23,0,66.27604652972298,65.52122242307776,66.07283496732025,60.427165032679724,53.40325808894986
6,23,10,66.29168222844692,65.6610053905283,66.96470588235294,60.179411764705875,52.801273983619446
6,23,20,66.06147875816994,65.64002697978414,66.39401960784312,60.21241830065359,53.641543536328946
6,23,30,65.28822167755992,65.51933695959004,66.37138480392156,59.28538602941177,54.41921576262109
6,23,40,66.56288320883907,65.78638796603913,65.6141237745098,59.44911151960784,54.78966091778591
6,23,50,66.31333311102219,65.88590048422469,66.59052287581699,60.16427853192558,55.796037855701705
