weekdate,hour,minute,718046,772513,771667,771673,772669,773013,767751,767760
0,0,0,70,70,47.57812499999999,47.49724264705882,70,70,65.91891906616446,66.13396319638966
0,0,10,70,70,47.0,46.91176470588235,70,70,66.08711387332707,65.9718491285403
0,0,20,70,70,47.03400735294117,46.96185661764706,70,70,66.28234446556401,66.5571105664488
0,0,30,70,70,47.99770220588235,48.311121323529406,70,70,65.80839530256547,65.35235021786492
0,0,40,70,70,48.32077205882352,48.44209558823529,70,70,65.89561810835441,66.16056917211328
0,0,50,70,70,48.32950367647059,48.10799632352941,70,70,66.27810749299721,66.3836165577342
0,1,0,70,70,48.154871323529406,48.77022058823529,70,70,66.3714436587643,66.31864204014938
0,1,10,70,70,49.44464869281045,49.96972017973856,70,70,66.42329265039346,66.61495098039215
0,1,20,70,70,49.130055147058826,49.35615808823529,70,70,66.22899493130588,66.01355119825708
0,1,30,70,70,49.046977124183,49.32475490196077,70,70,66.20207180094258,65.74620681605975
0,1,40,70,70,49.07766544117647,49.982536764705884,70,70,66.40641992908274,66.6109214519141
0,1,50,70,70,49.10212418300653,49.40333946078431,70,70,66.41385290227201,66.38818569094305
0,2,0,70,70,48.79241071428571,49.256473214285705,70,70,66.43714050177466,66.8967148310373
0,2,10,70,70,49.32628676470587,50.065716911764696,70,70,66.39287066452597,66.64236694677871
0,2,20,70,70,48.82950367647058,49.41222426470587,70,70,66.38234781717566,66.26284430438841
0,2,30,70,70,48.65257352941176,49.561121323529406,70,70,66.60629358685314,66.72729341736694
0,2,40,70,70,49.92601102941176,50.84283088235294,70,70,66.67872215959554,66.69423436041082
0,2,50,70,70,49.01633986928104,50.18586601307188,70,70,66.84851816742956,67.08502567693743
0,3,0,70,70,49.05284926470588,50.595588235294116,70,70,66.44623575926096,66.55077030812325
0,3,10,70,70,49.66176470588235,51.04411764705881,70,70,66.58714110644256,66.80691818394023
0,3,20,70,70,49.51470588235293,51.27941176470587,70,70,66.46696817615933,67.21033204948645
0,3,30,70,70,48.260569852941174,49.98621323529411,70,70,66.45835623723171,66.56941818394024
0,3,40,70,70,48.36136642156862,50.302951388888886,70,70,66.3182805707753,66.46303979925302
0,3,50,70,70,48.216452205882355,50.2297794117647,70,70,66.21785283557867,66.77547560690941
0,4,0,70,70,50.77455357142857,52.493005952380955,70,70,66.45053601568833,66.94913821297749
0,4,10,70,70,48.54733455882352,50.89613970588235,70,70,66.45574101591852,66.57192043484059
0,4,20,70,70,48.18382352941176,49.9719669117647,70,70,66.28893155604956,66.98927853192559
0,4,30,70,70,48.857077205882355,51.56939338235294,70,70,66.0617415055453,66.8608193277311
0,4,40,70,70,49.749999999999986,51.874999999999986,70,70,66.18867097652067,66.60898109243696
0,4,50,70,70,48.72794117647058,51.08823529411764,70,70,66.12336517002046,66.7689367413632
0,5,0,70,70,48.7890625,51.498621323529406,70,70,65.92778973377969,66.78780053688142
0,5,10,70,70,48.20098039215686,50.17279411764705,70,70,66.0985567507178,66.79638855542217
0,5,20,70,70,48.60753676470588,50.803308823529406,70,70,66.029391838036,66.37256652661064
0,5,30,70,70,48.40670955882352,50.58318014705881,70,70,65.91085604973696,66.28249007936509
0,5,40,70,70,48.31183619281045,50.585529003267965,70,70,66.39000876773474,66.53754084967319
0,5,50,70,70,48.776194852941174,50.81617647058823,70,70,66.62520154403224,66.422108426704
0,6,0,70,70,48.71323529411764,50.87499999999999,70,70,66.52329045595724,66.70215336134454
0,6,10,70,70,49.387867647058826,51.314797794117645,70,70,66.67181173282322,66.57072829131653
0,6,20,70,70,48.557904411764696,50.32720588235294,70,70,66.81287405205984,66.65598739495799
0,6,30,70,70,49.07123161764706,51.0422794117647,70,70,66.87243444125619,66.85122257236227
0,6,40,70,70,49.06249999999999,50.878267973856204,70,70,67.4841288344606,66.94296718687475
0,6,50,70,70,49.0220588235294,50.558823529411754,70,70,67.4097457107843,67.07842778136896
0,7,0,70,70,48.595588235294116,50.97058823529411,70,70,66.94355414930197,66.66818632756132
0,7,10,70,70,49.87591911764706,50.937040441176464,70,70,67.24923026121014,67.20173902894491
0,7,20,70,70,48.46078431372548,50.23080065359476,70,70,67.30690160210425,67.12308590102707
0,7,30,70,70,48.811121323529406,50.45082720588235,70,70,67.09461103885998,67.49667366946778
0,7,40,70,70,48.749540441176464,49.78033088235294,70,70,67.14856129443648,67.24919759570494
0,7,50,70,70,49.47058823529411,50.81617647058823,70,70,67.0849274669217,67.67175245098039
0,8,0,70,70,48.78809232026144,49.90221609477124,70,70,66.88999693627449,67.16233031674209
0,8,10,70,70,49.178308823529406,50.21966911764705,70,70,66.96317770668873,67.44190884687208
0,8,20,70,70,49.034722222222214,50.35580065359476,70,70,67.09743493230624,67.16589135654262
0,8,30,70,70,49.544117647058826,50.701286764705884,70,70,67.04344056372548,67.12572070494865
0,8,40,70,70,48.83741830065359,49.86356209150327,70,70,67.02112924438067,66.94691293183939
0,8,50,70,70,47.66952614379084,49.22263071895425,70,70,67.00479051376648,67.0624912464986
0,9,0,70,70,48.397058823529406,49.169117647058826,70,70,66.90358608890712,66.8015989729225
0,9,10,70,70,48.220588235294116,49.176470588235276,70,70,66.9642905536198,66.89065417833798
0,9,20,70,70,47.29825367647059,48.288602941176464,70,70,66.96821369886288,66.66557539682539
0,9,30,70,70,47.16013071895424,47.76429738562091,70,70,66.71857663797225,66.65468020541549
0,9,40,70,70,46.91176470588235,47.49264705882352,70,70,66.78990714171849,66.74289507469653
0,9,50,70,70,46.93060661764706,47.48575367647058,70,70,66.90518975883037,66.91839402427637
0,10,0,70,70,47.228349673202615,47.455320669934636,70,70,66.66176926054976,66.6297560690943
0,10,10,70,70,46.34558823529411,46.78676470588235,70,70,66.59601654920881,66.60267565359477
0,10,20,70,70,46.82077205882353,47.173253676470594,70,70,66.37544094873725,66.15277069160997
0,10,30,70,70,45.33409926470588,45.96783088235294,70,70,66.42292392566782,65.93631535947712
0,10,40,70,70,46.39481209150327,46.80872140522875,70,70,66.4481212296643,66.05411122782445
0,10,50,70,70,46.264246323529406,46.12959558823529,70,70,66.59618858644143,66.28558006535947
0,11,0,70,70,45.185661764705884,45.124080882352935,70,70,66.30382392794516,66.38025793650793
0,11,10,70,70,45.125,45.52941176470588,70,70,66.30376058960168,65.89103933239961
0,11,20,70,70,45.27941176470588,44.98529411764706,70,70,66.37596544715446,66.12607084500465
0,11,30,70,70,45.30330882352941,44.73437499999999,70,70,66.32238013560647,66.44285005668935
0,11,40,70,70,45.279411764705884,45.64353553921568,70,70,66.37803696681925,66.37170868347337
0,11,50,70,70,46.22288602941176,45.44898897058823,70,70,66.26867443193663,66.3180928140487
0,12,0,70,70,44.68361928104575,44.73085171568627,70,70,66.21379366787365,65.88710721468073
0,12,10,70,70,45.10294117647058,45.66911764705882,70,70,66.23271753354248,66.12982654600302
0,12,20,70,70,45.0204248366013,44.621323529411754,70,70,66.22712885810984,66.11074974861738
0,12,30,70,70,44.647058823529406,44.147058823529406,70,70,66.17000641923437,66.38270801910507
0,12,40,70,70,45.2704831932773,44.329831932773104,70,70,65.9474575118509,66.0312091503268
0,12,50,70,70,44.457219251336895,43.70989304812834,70,70,66.10574294679991,66.03304334554333
0,13,0,70,70,44.08088235294117,43.31617647058823,70,70,66.08568505126411,66.06462104072398
0,13,10,70,70,43.732179330065364,42.37765522875817,70,70,66.01966517857142,65.94434838037779
0,13,20,70,70,44.37270220588235,43.187040441176464,70,70,65.8961378092904,65.67985796882854
0,13,30,70,70,44.4828431372549,43.874183006535944,70,70,65.9016237745098,66.01902652086474
0,13,40,70,70,44.12959558823529,43.23115808823529,70,70,65.94622367216115,65.54719394167923
0,13,50,70,70,43.986213235294116,43.26312295751634,70,70,65.74620953188968,65.20071329813976
0,14,0,70,70,42.81066176470588,41.84512867647059,70,70,65.94483718487396,65.69280731523378
0,14,10,70,70,42.6985294117647,41.86764705882352,70,70,65.75945290616245,65.73666101055807
0,14,20,70,70,42.24632352941176,40.9609375,70,70,65.69291739612511,65.17513197586727
0,14,30,70,70,41.665900735294116,41.2454044117647,70,70,65.86503399276377,66.14166666666667
0,14,40,70,70,41.362234477124176,39.6798406862745,70,70,66.07192153944911,66.23462526036056
0,14,50,70,70,41.79493464052287,39.64828431372548,70,70,66.02274932889823,65.85836161387633
0,15,0,70,70,42.183823529411754,40.72794117647058,70,70,66.0902773725887,66.28746857717445
0,15,10,70,70,42.460018382352935,42.10110294117647,70,70,66.07609885620914,66.45753205128204
0,15,20,70,70,38.45404411764706,34.42647058823529,70,70,66.26805555555555,66.79207516339869
0,15,30,70,70,40.50413602941176,38.34053308823529,70,70,66.31881740196079,66.58669557566616
0,15,40,70,70,40.5188419117647,38.33731617647059,70,70,66.22990143332973,66.61579939668174
0,15,50,70,70,41.351102941176464,38.679227941176464,70,70,66.13082655826557,66.48734602815485
0,16,0,70,70,41.534926470588225,38.04319852941176,70,70,65.93989262371615,66.34797637003518
0,16,10,70,70,40.83409926470588,37.58226102941177,70,70,66.25659467664488,66.45351307189542
0,16,20,70,70,41.72017973856209,38.13970588235293,70,70,66.30811214729793,66.43021933132226
0,16,30,70,70,41.75459558823528,38.90670955882352,70,70,66.00019727403155,66.23260746606334
0,16,40,70,70,34.73897058823529,33.22242647058823,70,70,66.15496302179407,66.17975427350426
0,16,50,70,70,39.56466649159663,33.73988970588235,70,70,66.02503657967252,66.42777777777778
0,17,0,70,70,40.3251633986928,40.28227124183006,70,70,66.31398140557036,66.6871386375063
0,17,10,70,70,38.023580739113825,33.81270889037433,70,70,66.07917591833481,66.50941113624937
0,17,20,70,70,39.46037581699346,36.00898692810456,70,70,66.08945679897975,66.4014014580191
0,17,30,70,70,41.64950980392156,38.9861111111111,70,70,65.95162188859281,66.32684451985922
0,17,40,70,70,41.59788602941176,38.377757352941174,70,70,66.01266667235998,65.90653280542985
0,17,50,70,70,40.96200980392156,37.74754901960783,70,70,65.82679268862015,65.71041518185183
0,18,0,70,70,41.159007352941174,38.05422794117647,70,70,65.70599678895945,65.61197209653092
0,18,10,70,70,41.21195874183006,39.63470179738562,70,70,65.75235632871033,65.19621040723982
0,18,20,70,70,39.808006535947705,40.491013071895416,70,70,66.00144767256494,65.45207076420311
0,18,30,70,70,42.35508578431372,42.81694240196078,70,70,65.88057593112292,65.99851998491704
0,18,40,70,70,40.0,39.12913602941176,70,70,65.92527413404387,65.50940799396682
0,18,50,70,70,39.80560661764706,37.73667279411764,70,70,65.90960807087062,65.92120591826473
0,19,0,70,70,43.55147058823529,42.100490196078425,70,70,66.00300835032343,65.85706340228398
0,19,10,70,70,44.41176470588235,42.757352941176464,70,70,66.11183202955979,66.139244415715
0,19,20,70,70,46.29411764705882,45.499999999999986,70,70,65.98388131675433,65.8824723479135
0,19,30,70,70,45.18336397058823,44.23437499999999,70,70,65.97567451777458,65.76875942684765
0,19,40,70,70,44.65670955882353,43.89522058823529,70,70,65.71356564983718,65.99567621920562
0,19,50,70,70,45.39522058823529,44.24816176470588,70,70,65.8072924495001,65.77051910507792
0,20,0,70,70,45.61458333333333,44.459609885620914,70,70,65.84828829905945,66.06237430869784
0,20,10,70,70,46.27900326797385,45.50735294117647,70,70,65.5619629762474,65.33902714932125
0,20,20,70,70,45.16176470588235,44.40441176470587,70,70,64.89942582724144,65.45767839186956
0,20,30,70,70,45.26286764705881,45.518382352941174,70,70,65.07164243277049,65.73003079436901
0,20,40,70,70,46.53947563874033,43.160390671420075,70,70,65.13839460784314,65.4797487745098
0,20,50,70,70,43.28038194444444,41.57552083333333,70,70,65.24523880690487,65.6957969726352
0,21,0,70,70,44.9048202614379,43.84150326797385,70,70,65.33561452358721,65.73461652726358
0,21,10,70,70,46.13235294117646,46.147058823529406,70,70,65.32442751223296,65.72569130216189
0,21,20,70,70,46.34032883986928,45.768586601307184,70,70,65.43670051353874,65.8536167672197
0,21,30,70,70,46.25597426470588,46.07261029411764,70,70,65.40586804897399,66.35342104790634
0,21,40,70,70,44.882352941176464,44.30147058823529,70,70,64.96175609132541,65.70876068376069
0,21,50,70,70,46.22686887254902,45.988153594771234,70,70,65.64901488373127,66.00078736622854
0,22,0,70,70,46.757352941176464,46.98529411764706,70,70,65.86002692743764,65.86423768225238
0,22,10,70,70,47.8016237745098,47.68561070261438,70,70,66.11605294895737,66.48620537958772
0,22,20,70,70,47.638786764705884,47.37591911764706,70,70,65.86180374927747,66.21689919557568
0,22,30,70,70,48.30560661764706,47.960018382352935,70,70,65.85871070650481,66.38686211664152
0,22,40,70,70,48.15441176470588,48.198529411764696,70,70,66.35885854341737,66.13483534439416
0,22,50,70,70,48.30147058823529,48.36856617647059,70,70,66.33849039615845,67.04663506428213
0,23,0,70,70,49.323529411764696,49.948529411764696,70,70,66.46917892156864,66.55451860231271
0,23,10,70,70,49.7219669117647,49.826286764705884,70,70,66.42317468654129,66.6186400201106
0,23,20,70,70,48.064338235294116,49.151194852941174,70,70,66.6432767551465,66.71463585434172
0,23,30,70,70,49.08823529411764,49.2406556372549,70,70,66.27413826641771,66.0656454248366
0,23,40,70,70,48.93060661764705,48.93014705882353,70,70,66.06952582800795,66.75758877560347
0,23,50,70,70,49.61764705882353,50.84558823529411,70,70,66.26095702169756,66.56698862977143
1,0,0,70,70,49.639705882352935,50.69117647058823,70,70,66.96198812858476,67.0804424333836
1,0,10,70,70,49.0,50.33823529411764,70,70,66.91090033235515,66.81001310780722
1,0,20,70,70,49.397058823529406,51.139705882352935,70,70,66.68932989862613,66.90970651080944
1,0,30,70,70,50.162734885620914,50.975337009803916,70,70,66.49758597883597,67.33916540975363
1,0,40,70,70,49.75,51.360294117647044,70,70,66.55144432773109,67.0434829059829
1,0,50,70,70,49.91452205882352,51.59053308823529,70,70,66.18151455026452,67.55809234443285
1,1,0,70,70,48.198529411764696,49.96966911764706,70,70,66.68744108754612,67.53857286504343
1,1,10,70,70,49.74167687908496,51.51623774509804,70,70,66.65849548152595,67.40323340874811
1,1,20,70,70,48.795496323529406,51.02711397058823,70,70,66.68571428571427,67.48501131221718
1,1,30,70,70,49.367085375816984,51.506433823529406,70,70,67.01248346560847,67.81719771241829
1,1,40,70,70,49.11274509803921,50.99550653594771,70,70,66.66646950446845,67.52423014077425
1,1,50,70,70,50.21277573529411,51.99448529411764,70,70,67.11783477279802,67.62129210658621
1,2,0,70,70,49.90256410256409,51.877564102564094,70,70,66.87270249786002,67.5628010093225
1,2,10,70,70,50.20823120915033,52.439899918300654,70,70,67.16420858247145,67.49699912016088
1,2,20,70,70,49.812040441176464,52.03262867647059,70,70,67.1559801359568,67.9424365258924
1,2,30,70,70,49.757352941176464,52.066176470588225,70,70,67.04472054925785,67.66377973773335
1,2,40,70,70,49.40441176470587,52.222630718954235,70,70,66.70844307235089,67.42980455002512
1,2,50,70,70,49.50367647058823,51.81821895424836,70,70,67.20561128453883,67.86259426847663
1,3,0,70,70,50.632352941176464,52.91176470588234,70,70,67.381327144679,68.22001948215183
1,3,10,70,70,51.378216911764696,53.861672794117645,70,70,67.14067502000798,68.02456771170007
1,3,20,70,70,48.21323529411764,51.11764705882352,70,70,67.08189753465487,68.20831762192054
1,3,30,70,70,49.04411764705881,51.99999999999999,70,70,67.22764956992899,67.87295437405731
1,3,40,70,70,49.636284722222214,51.70542279411764,70,70,67.09531882197322,67.3805932629462
1,3,50,70,70,49.14256535947712,51.213643790849666,70,70,67.0079502634387,67.45584868562808
1,4,0,70,70,48.42023809523809,51.070833333333326,70,70,67.11345516630666,67.82538156288156
1,4,10,70,70,48.80101102941176,50.882352941176464,70,70,67.1673746218312,67.49170679119774
1,4,20,70,70,50.40533088235294,52.722886029411754,70,70,67.20080324187208,67.71756535947712
1,4,30,70,70,48.58823529411764,50.86029411764705,70,70,66.99964474689187,67.64815862242332
1,4,40,70,70,49.16038602941176,50.97564338235294,70,70,66.97221951788845,67.44928355957768
1,4,50,70,70,48.37499999999999,50.499999999999986,70,70,67.2243523832297,67.90543300653593
1,5,0,70,70,48.19117647058823,50.25,70,70,66.9219392635103,67.812267471091
1,5,10,70,70,48.24264705882352,49.82261029411764,70,70,67.05328291885859,67.6594017094017
1,5,20,70,70,48.647058823529406,49.874999999999986,70,70,67.13757273234495,67.06721656611361
1,5,30,70,70,48.64542483660131,49.72140522875817,70,70,67.10545990754025,66.82550904977376
1,5,40,70,70,48.15882352941176,49.63011642156862,70,70,67.28189590877,67.47417043740573
1,5,50,70,70,48.55238970588235,49.660386029411754,70,70,67.3896200553392,67.44282931121167
1,6,0,70,70,47.78615196078431,48.806883169934636,70,70,67.1777717997768,66.92702677224736
1,6,10,70,70,47.191176470588225,47.54411764705881,70,70,67.06383960870151,67.04105122818358
1,6,20,70,70,47.72794117647058,47.99999999999999,70,70,67.0439367413632,66.82369281045752
1,6,30,70,70,47.319852941176464,48.018229166666664,70,70,67.0103417755991,66.59749245852187
1,6,40,70,70,47.845588235294116,48.73529411764705,70,70,67.06883503401362,65.8141193977591
1,6,50,70,70,47.49264705882352,47.86764705882352,70,70,67.04576233271084,66.17728758169935
1,7,0,70,70,47.61810661764706,48.225030637254896,70,70,67.09913284758348,66.64512221555289
1,7,10,70,70,47.110855800653596,47.93908292483659,70,70,66.76276496709795,66.24527894491129
1,7,20,70,70,46.56617647058823,47.080882352941174,70,70,66.70383153261304,66.16149334733893
1,7,30,70,70,45.51884191176471,46.47012867647059,70,70,66.69396578075674,66.24160830999065
1,7,40,70,70,45.109375,46.784926470588225,70,70,66.61879779689653,66.22050070028011
1,7,50,70,70,46.74305555555556,47.65890522875816,70,70,67.04985605353251,66.72446895424835
1,8,0,70,70,47.061121323529406,48.11305147058823,70,70,66.76117294139878,66.91312066493263
1,8,10,70,70,46.90829248366013,47.27997344771242,70,70,66.99383433929125,66.60772934173669
1,8,20,70,70,47.55147058823529,48.52205882352941,70,70,66.92978274643188,66.91322945845005
1,8,30,70,70,46.67876838235294,47.75689338235294,70,70,67.0010802932284,66.94292925503534
1,8,40,70,70,46.8210509364002,47.269725678733025,70,70,66.88388996624292,66.61982668067226
1,8,50,70,70,47.76884191176471,48.174632352941174,70,70,66.8707951455436,67.06499474789915
1,9,0,70,70,48.00857843137254,48.65849673202614,70,70,67.04772992530346,66.92240021008404
1,9,10,70,70,46.72794117647058,47.522058823529406,70,70,66.88907715864123,67.05783146591969
1,9,20,70,70,41.8671875,41.2265625,70,70,66.78394857943178,66.99064542483659
1,9,30,70,70,40.73529411764706,39.85294117647059,70,70,66.52949540927483,66.67092962184874
1,9,40,70,70,39.474468954248366,38.337622549019606,70,70,66.52077108621226,66.68196778711483
1,9,50,70,70,39.80882352941176,38.73805147058823,70,70,66.56595666044197,66.57071078431372
1,10,0,70,70,39.29743668300653,38.09681372549019,70,70,66.24557781445911,66.65950338468721
1,10,10,70,70,38.22794117647059,37.49264705882352,70,70,66.52710712490124,66.44016151332326
1,10,20,70,70,38.93535539215686,37.41630923202614,70,70,66.21720117221372,66.31888668929109
1,10,30,70,70,44.71470588235294,38.728400735294116,70,70,66.36211541527179,66.54306236383441
1,10,40,70,70,44.346609477124176,39.67682802287581,70,70,66.359728386304,66.38077608665841
1,10,50,70,70,40.63694852941176,39.57352941176471,70,70,66.18672218887554,66.17640460030165
1,11,0,70,70,42.82582720588235,41.674632352941174,70,70,65.95338857765327,66.16329813976871
1,11,10,70,70,46.62637867647059,46.757352941176464,70,70,66.38095140834109,66.41302476118652
1,11,20,70,70,45.4453125,46.154871323529406,70,70,66.1653143201725,66.3260526646556
1,11,30,70,70,43.178513071895416,43.033088235294116,70,70,66.11755910697613,66.22073771816419
1,11,40,70,70,43.59007352941176,44.30238970588234,70,70,66.27886946445246,66.57189093586152
1,11,50,70,70,44.623672385620914,44.82582720588234,70,70,66.38473319883508,66.668284942182
1,12,0,70,70,45.137867647058826,45.162224264705884,70,70,66.39772722096967,66.29714366515837
1,12,10,70,70,44.02440767973856,44.77113970588235,70,70,66.20906649245062,66.41751418516124
1,12,20,70,70,43.36838235294117,43.14787581699346,63.55555555555556,70,66.29703903919292,66.52197398190046
1,12,30,70,70,43.64799836601306,43.29468954248366,70,70,66.11346245815399,65.9445230015083
1,12,40,70,70,43.0391748366013,42.30723039215685,70,70,66.0724502402587,66.35725508151978
1,12,50,70,70,45.21895424836601,44.894444444444446,70,70,66.40848613942794,66.34313097033684
1,13,0,70,70,44.92107843137254,44.41507352941176,70,70,66.22707365466513,66.35013197586727
1,13,10,70,70,44.608619281045755,44.30404411764706,70,70,66.10398419530414,65.97277257056668
1,13,20,70,70,44.89098039215686,44.382352941176464,70,70,66.32483119263965,66.54058257918551
1,13,30,70,70,44.770261437908495,44.15620915032679,70,70,66.09163226578936,66.13090434891905
1,13,40,70,70,43.470915032679734,42.81104575163398,70,70,66.30760899888409,66.45781485671192
1,13,50,70.0,70.0,48.35751633986928,47.94934640522876,70.0,68.15625,65.77951053338,66.58659636931696
1,14,0,70,70,43.993790849673196,44.033333333333324,70,70,66.0660614652365,66.52077048768226
1,14,10,70,70,42.62316176470588,41.940073529411755,70,70,66.44676447814898,66.56767848164907
1,14,20,70,70,40.928308823529406,39.99411764705882,70,70,66.29268193049577,66.33767596782303
1,14,30,70,70,39.584558823529406,37.58639705882352,70,70,66.3963474414156,66.4210766357825
1,14,40,70,70,38.683374183006535,36.81968954248365,70,70,65.83204267818238,66.20977249874309
1,14,50,70,70,37.65878267973856,34.8923202614379,70,70,66.16972914165665,66.31607995762407
1,15,0,70,70,39.05294117647058,36.39999999999999,70,70,66.257211078876,66.57846037823413
1,15,10,70,70,37.50808823529412,36.00845588235294,70,70,66.44235833222177,66.54720965309201
1,15,20,70,70,37.50882352941176,36.574999999999996,70,70,66.46580104263928,66.43155165912518
1,15,30,70,70,37.25866013071895,36.007720588235294,70,70,66.25515386710238,66.60813536953243
1,15,40,70,70,35.83713235294117,33.96801470588235,70,70,66.47955015339468,66.37699849170436
1,15,50,70,70,35.49926470588234,34.951470588235296,70,70,66.40087118180607,66.70966251885368
1,16,0,70,70,36.27324346405228,35.27030228758169,70,70,66.26908772055829,66.50347536450478
1,16,10,70,70,33.54444444444444,32.129452614379076,70,70,65.78198075170238,66.31306561085972
1,16,20,70,70,34.97904411764706,33.65367647058823,70,70,65.86016573295984,66.72556246857718
1,16,30,70,70,35.51176470588235,35.65882352941176,70,70,65.59225495753856,66.26453709689004
1,16,40,70,70,35.02647058823529,36.11507352941176,70,70,65.1171014239029,65.64596530920059
1,16,50,70,70,33.91691176470588,34.781985294117646,70,70,64.40375177848918,65.11420625942684
1,17,0,70,70,35.28933823529411,36.09191176470587,70,70,63.98490932697866,65.07743347338936
1,17,10,70,70,34.953676470588235,35.382352941176464,70,70,63.51481648214841,64.34424019607842
1,17,20,70,70,32.88566176470588,33.31948529411765,70,70,62.86231773411117,64.21680178481648
1,17,30,70,70,32.80073529411764,33.2125,70,70,63.03854083299986,63.83303481649069
1,17,40,70,70,35.0235294117647,36.30743464052288,70,70,62.952554771908765,64.75305474754003
1,17,50,70,70,37.48088235294117,38.42573529411764,70,70,61.66489359632742,64.23598541980894
1,18,0,70,70,35.32941176470588,36.641176470588235,70,70,61.87329695767195,64.1553261689291
1,18,10,70,70,33.32618464052287,34.0829248366013,70,70,62.52637819016496,64.35669934640522
1,18,20,70,70,37.20073529411765,38.297058823529404,70,70,62.66612036934848,64.50771508924082
1,18,30,70,70,40.05228758169934,40.841830065359474,70,70,63.184682345160276,63.76830065359476
1,18,40,70,70,38.118700980392155,39.781764705882345,70,70,63.61892896047307,64.42885243841125
1,18,50,70,70,36.666544117647064,37.277941176470584,70,70,63.988482337379395,64.54583019105078
1,19,0,70,70,36.35294117647059,36.54705882352941,70,70,64.04994442221331,64.8848030237736
1,19,10,70,70,39.07377450980392,39.40024509803921,70,70,64.73349100584575,65.24282066993463
1,19,20,70,70,41.22389705882353,41.29669117647059,70,70,65.26500617340955,65.027983234714
1,19,30,70,70,41.73876633986928,41.92001633986928,70,70,65.70853743600455,65.93026332327803
1,19,40,70,70,44.578308823529404,44.599264705882355,70,70,65.80458266639991,65.59756787330318
1,19,50,70,70,44.60183823529412,44.12647058823529,70,70,65.1227722507488,66.030087355455
1,20,0,70,70,44.647058823529406,44.1625,70,70,65.39787138145856,65.74993908806127
1,20,10,70,70,44.121405228758164,43.51274509803921,70,70,65.30204317838245,65.59388826043238
1,20,20,70,70,44.88006535947712,43.3346405228758,70,70,65.31908676072052,66.23538602941176
1,20,30,70,70,45.10509803921568,44.640392156862745,70,70,65.12759497795366,65.78899378127318
1,20,40,70,70,45.845955882352946,45.41801470588235,70,70,65.01013739767325,66.11839256535946
1,20,50,70,70,46.22675653594771,46.34971405228758,70,70,65.68670492587276,66.04432189542483
1,21,0,70,70,47.63488562091503,47.35759803921569,70,70,65.98612904511398,66.09087690631807
1,21,10,70,70,47.161397058823525,47.25073529411764,70,70,66.06015548495822,66.04237472766884
1,21,20,70,70,47.64598039215686,47.72862745098039,70,70,65.42930359135524,65.81369144880173
1,21,30,70,70,46.95441176470588,47.47683823529411,70,70,66.0902699494432,66.56580201525054
1,21,40,70,70,47.67794117647058,47.84648692810457,70,70,66.08734632741987,66.27103758169935
1,21,50,70,70,48.99742647058823,48.938235294117646,70,70,66.13405528878218,66.59686714429361
1,22,0,70,70,48.509191176470594,48.57279411764706,70,70,66.35089674758792,66.42649258421316
1,22,10,70,70,47.77871732026143,47.45551470588235,70,70,66.49653792072384,66.51201923076923
1,22,20,70,70,47.41874999999999,47.51691176470588,70,70,66.26681312769011,66.70038021618905
1,22,30,70,70,48.67268907563025,49.03681722689076,70,70,66.21090515474481,66.35883924082454
1,22,40,70,70,49.46323529411764,49.74999999999999,70,70,66.2643490389577,66.50381787330318
1,22,50,70,70,49.171415441176464,49.43198529411764,70,70,66.60114748303167,66.45741892911009
1,23,0,70,70,49.55101102941176,50.13373161764705,70,70,66.30179238041372,66.88283685268978
1,23,10,70,70,50.09346405228757,50.70612745098039,70,70,66.77982767946922,66.89004210658622
1,23,20,70,70,48.312040441176464,49.82858455882352,70,70,66.65786050192433,67.14859854198089
1,23,30,70,70,49.15441176470587,50.49264705882352,70,70,66.66555720120573,67.03876005530417
1,23,40,70,70,49.095588235294116,50.05882352941176,70,70,66.88895578556625,67.16144419306183
1,23,50,70,70,50.34466911764706,51.26700367647059,70,70,66.8622509166268,66.72689165409753
2,0,0,70,70,49.99330065359477,51.07973856209151,70,70,67.13601237670936,67.3158351194729
2,0,10,70,70,49.72012867647059,50.79733455882352,70,70,66.81007821984326,67.31490384615384
2,0,20,70,70,49.839460784313715,51.33578431372549,70,70,66.98937310696635,67.2562567334626
2,0,30,70,70,50.147058823529406,51.72794117647058,70,70,66.9045543827287,66.93454939668176
2,0,40,70,70,48.757352941176464,50.948529411764696,70,70,66.93543730500329,66.78286827551534
2,0,50,70,70,49.88786764705882,51.41957720588235,70,70,66.63352562569742,67.58348416289593
2,1,0,70,70,48.94623161764706,50.73345588235294,70,70,66.9061647423197,67.79339177978883
2,1,10,70,70,49.63051470588235,51.666360294117645,70,70,66.7248975199836,67.15885180995474
2,1,20,70,70,48.876797385620904,51.08709150326797,70,70,66.7942051670904,67.72347913524382
2,1,30,70,70,48.99999999999999,50.74999999999999,70,70,67.00360630024369,67.55076985922574
2,1,40,70,70,48.36527777777778,50.367483660130716,70,70,66.85439467375443,67.26191594981186
2,1,50,70,70,48.72794117647058,50.82536764705882,70,70,67.17761437908496,67.78096719457014
2,2,0,70,70,48.76488095238095,51.0297619047619,70,70,67.16351428939308,67.55263609881821
2,2,10,70,70,49.80055147058823,52.069852941176464,70,70,66.78610612944364,66.9702268728004
2,2,20,70,70,49.124080882352935,51.21553308823529,70,70,66.81931392475687,67.55300402212166
2,2,30,70,70,48.52941176470588,50.72794117647059,70,70,66.98302148095009,67.55021367521367
2,2,40,70,70,49.16911764705882,51.8625919117647,70,70,67.29659794812234,68.14184263448968
2,2,50,70,70,50.96274509803921,53.25032679738561,70,70,67.47985368787914,67.98538238722062
2,3,0,70,70,51.040900735294116,53.4967830882353,70,70,67.62968253968252,68.26178513071896
2,3,10,70,70,49.15441176470587,51.522058823529406,70,70,67.64508870214753,68.24934326294621
2,3,20,70,70,49.965073529411754,52.7375919117647,70,70,67.56495083450048,68.0524653451124
2,3,30,70,70,49.126838235294116,51.71691176470588,70,70,67.1989056215435,67.68807503770738
2,3,40,70,70,49.835375816993455,51.77900326797385,70,70,67.22907130331807,67.52082704876823
2,3,50,70,70,49.540196078431364,51.839185049019605,70,70,67.08754222921188,67.44920186023127
2,4,0,70,70,48.79278273809524,51.37641369047619,70,70,67.02570753015517,67.73324592074593
2,4,10,70,70,47.99264705882353,49.829963235294116,70,70,67.14589408412938,67.62428853485837
2,4,20,70,70,49.92233455882352,52.03170955882352,70,70,66.95875592702217,67.39805234593837
2,4,30,70,70,48.270680147058826,50.80836397058823,70,70,66.59478066867771,66.74030501089324
2,4,40,70,70,48.66865808823529,50.83644812091503,70,70,67.19214219875985,67.31344975490195
2,4,50,70,70,49.045853758169926,50.92391748366013,70,70,67.08151320357202,67.8187806372549
2,5,0,70,70,48.14399509803921,50.26685049019608,70,70,66.79043968014554,67.659681372549
2,5,10,70,70,48.184640522875824,50.15359477124182,70,70,66.74342290334937,66.88348992374728
2,5,20,70,70,48.9563419117647,50.26332720588235,70,70,66.8749489753166,67.40505271553064
2,5,30,70,70,48.61764705882352,49.941176470588225,70,70,66.9117611147023,66.87538807189542
2,5,40,70,70,48.25403390522875,49.11820874183006,70,70,67.4678263343124,67.22571486928105
2,5,50,70,70,48.51930147058823,49.60661764705882,70,70,67.6138703344586,67.52520424836601
2,6,0,70,70,48.374897875816984,49.19117647058823,70,70,67.20671050150827,66.69256805286217
2,6,10,70,70,47.433823529411754,47.72058823529411,70,70,67.1360191993464,66.5212778454577
2,6,20,70,70,47.6640625,47.3359375,70,70,67.1617711251167,66.65747549019606
2,6,30,70,70,47.263888888888886,47.2908496732026,70,70,67.30830065359478,66.89947838109603
2,6,40,70,70,47.75919117647059,48.1047794117647,70,70,67.44545751633987,66.91528406234289
2,6,50,70,70,47.57331495098038,48.202328431372536,70,70,67.5077569152661,67.23115258924082
2,7,0,70,70,46.91217320261438,47.247957516339866,70,70,67.13132352941176,67.0623900201106
2,7,10,70,70,45.923713235294116,46.843290441176464,70,70,67.0956921101774,66.65590434891904
2,7,20,70,70,45.739430147058826,46.64981617647059,70,70,66.73315972222221,66.46380000718236
2,7,30,70,70,44.29166666666666,44.45746527777777,70,70,66.4618545751634,66.10777086475615
2,7,40,70,70,45.1813112745098,45.20597426470589,70,70,66.57480071195145,65.94584590246355
2,7,50,70,70,44.98392857142857,46.01817226890756,70,70,66.65775625916409,66.57046882855705
2,8,0,70,70,46.221519607843135,46.79590686274509,70,70,66.50426997878577,66.27046433958198
2,8,10,70,70,46.79468954248365,47.27847222222222,70,70,66.5608960603925,66.4366515837104
2,8,20,70,70,46.56249999999999,47.38419117647059,70,70,66.9627660976836,66.64222913524382
2,8,30,70,70,45.41470588235294,46.612132352941174,70,70,66.71073051171687,65.9652149321267
2,8,40,70,70,46.135588235294115,46.83399509803921,70,70,66.55421012213515,65.96107340372045
2,8,50,70,70,45.9610294117647,46.77022058823529,70,70,66.92275587376915,66.26525578179988
2,9,0,70,70,45.70061274509804,45.71715686274509,70,70,66.00225314797586,66.35265477986067
2,9,10,70,70,41.71360294117647,40.25551470588234,70,70,65.16498596155161,64.66780462184873
2,9,20,70,70,41.03333333333333,39.46901960784312,70,70,64.71191315957277,61.32626589097177
2,9,30,70,70,40.71029411764705,39.79117647058823,70,70,64.73403546377901,62.85451231774761
2,9,40,70,70,40.27242647058823,39.243014705882345,70,70,65.91071627838127,64.59517345399698
2,9,50,70,70,40.05992647058823,38.91801470588234,70,70,66.03543872833689,65.21655040221216
2,10,0,70,70,41.40441176470588,39.855392156862735,70,70,65.81859933466818,64.96385746606333
2,10,10,70,70,41.908560924369745,40.48209033613445,70,70,65.62084665792521,65.0339366515837
2,10,20,70,70,42.678308823529406,41.14485294117647,70,70,66.01564374271511,65.13262003519357
2,10,30,70,70,43.08639705882352,42.439338235294116,70,70,65.78381244164329,64.78714256535947
2,10,40,70,70,45.03125,45.04733455882352,70,70,65.94016746942678,64.9128540305011
2,10,50,70,70,45.90293096405228,45.424428104575156,70,70,66.03757309396704,65.4376225490196
2,11,0,70,70,45.431985294117645,45.40992647058823,70,70,66.04129689953756,64.92293709150327
2,11,10,70,70,44.55110294117647,44.46911764705883,70,70,65.8576461757595,65.41921977124181
2,11,20,70,70,45.97426470588234,45.855147058823526,70,70,65.65667418676873,65.17823340874811
2,11,30,70,70,45.0705882352941,45.69191176470588,70,70,65.84612343674841,65.45927287581698
2,11,40,70,70,44.932720588235284,45.05661764705882,70,70,65.9413724959681,65.7767502513826
2,11,50,70,70,45.53032679738562,44.980588235294114,70,70,66.08381296963228,65.5155165912519
2,12,0,70,70,45.17246732026144,44.83165849673203,70,70,66.09736672446756,65.4850301659125
2,12,10,70,70,45.69148284313726,44.236029411764704,70,70,65.77581194871111,65.73554819363643
2,12,20,70,70,45.00151143790849,44.442116013071896,70,70,65.92435557556355,65.59229512317748
2,12,30,70,70,45.13019607843137,44.98392156862744,70,70,66.13731909430437,65.40953054298642
2,12,40,70,70,44.500857843137254,44.17340686274509,70,70,65.68979925303454,64.7708548804137
2,12,50,70,70,44.843660130718945,44.35267973856209,70,70,65.95029051150374,65.20180995475113
2,13,0,70,70,43.644362745098036,42.18876633986927,70,70,65.7847620244679,65.49856711915534
2,13,10,70,70,44.54128267973856,44.275702614379085,70,70,65.94441387666177,65.49707767722472
2,13,20,70,70,45.08619281045751,44.896200980392145,70,70,65.79436566293182,65.57605580693816
2,13,30,70,70,43.69656862745098,43.0875,70,70,65.62403385772915,65.35548507864684
2,13,40,62.416666666666664,62.416666666666664,46.72365682384065,45.28070533769062,70.0,67.7,65.84020116245665,65.62583584715937
2,13,50,70,70,40.88320261437908,38.92803921568627,70,70,65.72803941020852,65.62647462831286
2,14,0,70,70,42.579166666666666,41.52638888888889,70,70,65.71553357454094,65.68146681749623
2,14,10,70,70,41.844321895424834,40.37561274509803,70,70,65.49281031857188,65.74858597285068
2,14,20,70,70,41.25110294117647,39.288602941176464,70,70,65.18227040816325,65.83590282266752
2,14,30,70,70,38.76776960784313,35.96119281045751,70,70,64.74748943380771,63.66044840026739
2,14,40,70,70,36.91948529411765,33.650367647058815,70,70,65.51134759459339,63.42568501759677
2,14,50,70.0,70.0,41.56944444444444,38.989549291939,70.0,70.0,66.0124576574816,66.20082282913165
2,15,0,70,70,35.70545665634675,33.48496087031303,70,70,65.56961521450684,65.67947146807441
2,15,10,70,70,34.25562091503267,31.130457516339867,70,70,65.9617603507224,65.95567479905715
2,15,20,70,70,33.77161764705882,30.85539215686274,70,70,66.12301831585347,65.98785193564605
2,15,30,70,70,34.60739379084966,31.312336601307187,70,70,65.9968218968534,66.04480894922071
2,15,40,70,70,31.832549019607836,28.785032679738556,70,70,66.00225297483337,66.15060331825036
2,15,50,70,70,32.14337805297557,29.48366013071895,70,70,65.61184053384717,66.37684766214176
2,16,0,70,70,33.74313725490195,32.1635294117647,70,70,64.89508745358607,65.91432566616389
2,16,10,70,70,32.2016748366013,30.767647058823524,70,70,65.32793249082577,65.66749937154349
2,16,20,70,70,33.1109068627451,32.53153594771241,70,70,66.09952272575698,65.69538712921066
2,16,30,70,70,35.62275326797385,35.53194444444445,70,70,66.07563466625965,65.65659806822137
2,16,40,70,70,35.19714052287581,35.94636437908496,70,70,65.92844790694053,64.89637694821516
2,16,50,70,70,33.778349673202605,34.72700163398692,70,70,65.07903842092392,64.19262274747956
2,17,0,70,70,33.83729575163399,33.37875816993464,70,70,64.54987856253612,64.5898378582202
2,17,10,70,70,30.784803921568617,30.08345588235294,70,70,63.62041256673607,64.15783999497233
2,17,20,70,70,30.42295751633987,31.24828431372549,70,70,63.429467203548086,64.04683886375062
2,17,30,70,70,31.328864379084962,32.83578431372548,70,70,63.153309122794425,63.84843200100552
2,17,40,70,70,33.21037581699346,35.00767973856209,70,70,62.203734827264235,64.17697649572649
2,17,50,70,70,31.86324346405229,33.48011437908496,70,70,62.270224671064994,63.883085093011566
2,18,0,70,70,32.218137254901954,34.28590686274509,70,70,62.69204987550573,63.77553104575163
2,18,10,70,70,32.91146125116713,35.20762721755368,70,70,62.172890545106924,63.89698340874811
2,18,20,70,70,35.574101307189544,37.27009803921568,70,70,63.352082104771725,63.84248545572074
2,18,30,70,70,35.94379084967319,37.81633986928104,70,70,63.64961401227157,64.07811714429361
2,18,40,70,70,34.859346405228756,36.4140522875817,70,70,62.52222656504459,64.4010446880922
2,18,50,70,70,37.26372549019608,38.518259803921566,70,70,62.92946577855946,64.6295405982906
2,19,0,70,70,38.845310457516334,39.529183006535945,70,70,62.93232444140448,65.00303544494722
2,19,10,70,70,37.62704248366013,38.234150326797376,70,70,63.286505180486046,64.77424899446956
2,19,20,70,70,38.94799836601307,38.18186274509803,70,70,63.63804094567243,65.01500439919556
2,19,30,70,70,40.88954248366012,41.073611111111106,70,70,63.47901333932184,64.97786261940672
2,19,40,70,70,42.14313725490196,42.1156862745098,70,70,63.93597322649987,65.34458360267185
2,19,50,70,70,42.58488562091503,42.50808823529412,70,70,64.59645391278427,65.63188159879336
2,20,0,70,70,42.910580065359476,42.531004901960785,70,70,65.01064814814815,65.81324786324787
2,20,10,70,70,43.64444444444443,43.08660130718954,70,70,65.46314720332578,65.73525955253895
2,20,20,70,70,42.867606209150324,42.862295751633994,70,70,64.76642059601619,65.80220902463549
2,20,30,70,70,44.24745098039215,44.09575163398692,70,70,65.36513633231071,66.10406297134237
2,20,40,70,70,45.085988562091494,44.816952614379076,70,70,65.4766585800987,66.33317128133304
2,20,50,70,70,45.84963235294118,45.499673202614375,70,70,65.73206018518516,66.24345776772248
2,21,0,70,70,46.72214052287582,46.517483660130715,70,70,65.86024479236139,66.24114863894275
2,21,10,70,70,47.13509803921568,46.72241830065359,70,70,65.53761643546308,65.91951043237806
2,21,20,70,70,46.66842320261437,46.56924019607842,70,70,65.72338866101995,65.9500062845651
2,21,30,70,70,46.04317810457516,46.653063725490185,70,70,65.58881875849755,66.09847285067873
2,21,40,70,70,46.367320261437904,46.624509803921555,70,70,65.21933789541457,66.00996417797889
2,21,50,70,70,48.51691176470588,48.12867647058823,70,70,65.75397061602419,66.14968456317436
2,22,0,70,70,46.52651143790849,46.35653594771241,70,70,66.26202050264551,66.21291478129713
2,22,10,70,70,46.74044117647058,45.616911764705875,70,70,66.3284768608298,66.43547951231773
2,22,20,70,70,46.911764705882355,46.48345588235294,70,70,66.05571297963631,66.36599421820011
2,22,30,70,70,47.64869281045751,47.375367647058816,70,70,66.16356945555998,65.69214294692236
2,22,40,70,70,47.82843137254901,48.124795751633975,70,70,66.38486477924504,66.7558603569633
2,22,50,70,70,48.64632352941176,48.93088235294117,70,70,66.5808959694989,66.66121794871793
2,23,0,70,70,49.00669934640523,49.24468954248365,70,70,66.18564578609222,66.69164781297134
2,23,10,70,70,48.939828431372554,49.69199346405228,70,70,66.02034258147702,66.61221405228758
2,23,20,70,70,46.66105392156862,46.63848039215686,70,70,65.96144040949711,67.13409690799396
2,23,30,70,70,40.32442810457516,40.13504901960785,70,70,66.08404823186582,66.64974547511312
2,23,40,70,70,42.59816176470588,42.636397058823526,70,70,66.34182881485924,66.7705002513826
2,23,50,70,70,48.70551470588235,48.42169117647059,70,70,67.08971032857586,67.00176910507793
3,0,0,70,70,50.46446078431372,51.12475490196077,70,70,66.95303814226995,66.99929661213598
3,0,10,70,70,49.050122549019605,48.323120915032675,70,70,67.03848345588231,66.92608251633987
3,0,20,70,70,45.46699346405229,47.959215686274504,70,70,66.90566576536806,67.08213791927028
3,0,30,70,70,44.670383986928094,44.4188316993464,70,70,66.44414511739656,66.80266241111828
3,0,40,70,70,45.44338235294117,47.096200980392155,70,70,66.87888274446738,67.02608722976369
3,0,50,70,70,43.987003968253966,46.63267390289448,70,70,67.02354834210107,67.34811777275011
3,1,0,70,70,49.95690359477125,49.98227124183006,70,70,67.04040331579787,67.48385809451985
3,1,10,70,70,49.86823529411764,51.40975490196079,70,70,66.99924571561615,67.06265397184514
3,1,20,70,70,48.88607843137254,50.719346405228755,70,70,67.05058043542618,67.67185143288086
3,1,30,70,70,49.2687091503268,51.31919934640523,70,70,67.04456087990752,67.79036261940672
3,1,40,70,70,49.97524509803921,51.92487745098039,70,70,67.10098535028047,67.47734100050276
3,1,50,70,70,50.830106209150316,52.72013888888888,70,70,67.35048227624384,67.90910947712418
3,2,0,70,70,48.164880952380955,50.43267857142856,70,70,67.0535957800749,67.57942046641142
3,2,10,70,70,50.01993464052286,51.81127450980391,70,70,67.07696933424533,67.89160067873303
3,2,20,70,70,49.32524509803921,51.099754901960786,70,70,67.09306876259276,67.85664906988436
3,2,30,70,70,49.443504901960786,51.715400326797386,70,70,67.18468461922633,67.73149509803922
3,2,40,70,70,49.431985294117645,51.346568627450985,70,70,66.81341565696046,67.78349987430869
3,2,50,70,70,49.882393790849676,52.40032679738562,70,70,67.09113724947343,67.90485796882854
3,3,0,70,70,48.7703022875817,50.802001633986926,70,70,67.41890199878401,68.05147058823528
3,3,10,70,70,48.36744281045752,51.11323529411764,70,70,67.38168794649641,68.49013009049773
3,3,20,70,70,48.658823529411755,51.16948529411764,70,70,67.38810989512083,68.31793929110106
3,3,30,70,70,47.77483660130718,50.81688725490196,70,70,67.19722412220702,67.61056121166416
3,3,40,70,70,50.4610294117647,52.473897058823525,70,70,67.17244519900983,67.90273064353946
3,3,50,70,70,49.377573529411755,51.55257352941176,70,70,67.03794812498643,67.74442244846657
3,4,0,70,70,48.809880952380944,51.46839285714285,70,70,67.13558534773482,67.76472245703013
3,4,10,70,70,49.32328431372548,51.69100490196079,70,70,66.77600017649337,67.54818376068376
3,4,20,70,70,48.87720588235294,51.00330882352941,70,70,67.05118762952334,67.2005876068376
3,4,30,70,70,48.8687091503268,50.756968954248364,70,70,66.66902100271002,66.776831950729
3,4,40,70,70,47.90269607843137,50.06470588235294,70,70,67.16215358250868,67.45501508295625
3,4,50,70,70,48.85607843137254,50.55960784313724,70,70,67.3528587654574,67.99589303670186
3,5,0,70,70,48.01764705882353,50.0705882352941,70,70,66.71844441028443,67.30128205128204
3,5,10,70,70,48.276470588235284,49.95176470588234,70,70,66.7919087757054,67.00672448466564
3,5,20,70,70,48.97781862745097,50.53243464052287,70,70,67.08888589988841,66.7024132730015
3,5,30,70,70,47.621960784313714,49.00431372549019,70,70,66.98583586212263,67.19837229763701
3,5,40,70,70,47.72254901960783,48.820588235294125,70,70,67.502005524432,67.48784565108093
3,5,50,70,70,47.44901960784313,48.71411764705881,70,70,67.68854180561114,67.46710030165913
3,6,0,70,70,48.15735294117647,48.80808823529412,70,70,67.24772992530345,66.99538084464554
3,6,10,70,70,47.459558823529406,48.101102941176464,70,70,67.13336153906005,66.88097033685268
3,6,20,70,70,48.06502450980392,48.005661764705884,70,70,67.2671012528943,66.70410382101558
3,6,30,70,70,47.141176470588235,47.44558823529411,70,70,67.30526914825758,66.80140580887186
3,6,40,70,70,47.35919117647059,47.93492647058823,70,70,67.42930783424484,67.0432095274007
3,6,50,70,70,47.020955882352936,47.81360294117646,70,70,67.39107656951671,67.15993320405084
3,7,0,70,70,47.181985294117645,47.846691176470586,70,70,67.13144158069733,66.98254596710478
3,7,10,70,70,46.805024509803914,47.37703431372548,70,70,66.97265761995855,66.74243024132728
3,7,20,70,70,45.812009803921555,46.194485294117634,70,70,66.7614213978274,66.96501068376068
3,7,30,70,70,44.915588235294116,45.36889705882352,70,70,66.6191592083988,66.28453996983407
3,7,40,70,70,45.221323529411755,45.93786764705882,70,70,66.63333198664081,66.39189919557565
3,7,50,70.0,70.0,48.7703227124183,49.7046364379085,70.0,68.73076923076923,66.92586598742062,66.92459066960116
3,8,0,70.0,63.730769230769226,46.54131787330316,47.40463800904977,65.11538461538461,67.65384615384615,66.56957514843543,66.82699938949939
3,8,10,70,70,46.077573529411765,46.669852941176465,64.38235294117646,68.2,66.96788979480678,66.88653846153846
3,8,20,70,70,46.38194444444444,47.00428921568627,70,70,67.03819638966696,66.6819821518351
3,8,30,70,70,45.68713235294117,46.30367647058823,70,70,66.92758113929332,66.84957893413775
3,8,40,70,70,46.305514705882345,46.913970588235294,70,70,67.02402961184472,66.71407742584213
3,8,50,70,70,45.766176470588235,46.573529411764696,70,70,66.74197498443822,66.00292232277526
3,9,0,70,70,46.92169117647059,47.28272058823529,70,70,66.01934280122303,66.58932880844644
3,9,10,70,70,46.398946078431365,46.73058823529412,70,70,66.1718925070028,66.46612933634991
3,9,20,70,70,43.60588235294117,44.21764705882353,70,70,65.66663887777331,64.24942496229261
3,9,30,70,70,40.778341503267974,39.82649509803921,70,70,65.66194818836625,65.26316616390145
3,9,40,70,70,39.323529411764696,38.74117647058823,70,70,65.86962632275132,65.74532428355957
3,9,50,70,70,39.64411764705882,38.38088235294117,70,70,66.21571767595927,66.22341628959276
3,10,0,70,70,40.35220588235294,39.18492647058823,70,70,66.02169716570837,65.86169243338361
3,10,10,70.0,64.75,40.50919117647059,39.369117647058815,65.375,67.65625,66.10721093993153,65.95376984126983
3,10,20,70,70,40.19764705882352,38.534117647058814,64.91176470588235,67.88235294117646,66.02542127962295,65.59696455505278
3,10,30,70,70,41.72941176470588,40.91433823529412,70,70,66.1584024897838,65.98592257415787
3,10,40,70,70,39.68235294117646,39.224999999999994,70,70,65.93423633342225,65.55148629964806
3,10,50,70,70,40.96294117647058,40.987941176470585,70,70,66.06108403831617,65.49349547511312
3,11,0,70,70,41.42261321195145,40.8700233426704,70,70,65.63880593904229,65.38557378079437
3,11,10,63.39285714285714,63.39285714285714,45.82598039215686,45.01654411764705,70.0,68.21428571428572,65.65891748793534,65.52836897579544
3,11,20,70,70,42.59098039215686,42.43999999999999,70,70,65.67737608932462,65.39350490196078
3,11,30,70,70,43.86274509803921,44.00063725490196,70,70,65.90616628061481,65.36991354234
3,11,40,70,70,45.112622549019605,45.0875,70,70,65.76723514289162,65.23969272620292
3,11,50,55.35294117647058,55.35294117647058,49.6204044117647,49.33088235294117,70.0,68.21875,66.11223597162441,66.07499999999999
3,12,0,70,70,45.46875,45.37941176470588,70,70,66.05692266744096,65.18941653050109
3,12,10,70,70,45.51137254901961,44.9,70,70,65.89507910887932,65.31544458061002
3,12,20,70,70,44.49673202614379,43.88169934640523,70,70,65.08789501487672,64.94013016191325
3,12,30,70,70,43.48860294117647,43.15514705882352,70,70,64.93920800027331,66.03789682539683
3,12,40,70,70,44.10588235294117,43.36985294117646,70,70,64.34978341083908,65.52192586824938
3,12,50,70,70,44.423161764705874,43.31911764705882,70,70,64.65398867880484,65.41388888888889
3,13,0,70,70,44.739705882352936,43.90588235294117,70,70,64.75600855726904,65.59422859380439
3,13,10,70,70,43.41490196078431,43.451764705882354,70,70,65.34599857141106,65.8329656862745
3,13,20,70.0,70.0,47.74969362745099,47.088235294117645,70.0,68.55555555555554,65.06253914071252,66.09367772750126
3,13,30,70,70,44.5933257918552,43.60059389140271,70,70,65.05619017121887,65.59371618200804
3,13,40,70,70,42.24638480392156,41.30836397058823,70,70,64.68629697712416,65.96250340413941
3,13,50,70.0,70.0,48.88235294117647,47.111764705882344,70.0,65.8,64.90806251790403,66.23261689291101
3,14,0,70,70,40.26466503267974,37.91834150326797,70,70,65.39228738243267,65.45081699346404
3,14,10,70,70,38.53411764705882,36.16627450980392,70,70,64.62038398692809,62.98434980052625
3,14,20,70,70,37.5110294117647,34.22169117647058,70,70,64.73931830862425,65.42163671023964
3,14,30,70,70,37.317647058823525,33.74742647058822,70,70,64.51090133364164,65.75519812091504
3,14,40,70,70,34.18124999999999,30.214705882352938,70,70,64.65520271116576,65.05944502801121
3,14,50,70,70,34.69375,31.511029411764707,70,70,65.01734317710823,65.15212418300652
3,15,0,70,70,34.31656862745098,31.8126225490196,70,70,64.71648088879077,65.64716192032367
3,15,10,70,70,33.96617647058823,30.73235294117647,70,70,64.64720642321969,65.64194318753141
3,15,20,70,70,34.33676470588235,31.950735294117642,70,70,64.5683002265947,65.78954383035266
3,15,30,70,70,33.376838235294116,31.31470588235294,70,70,65.12388965748902,65.42671882855706
3,15,40,70,70,32.44448529411764,30.25808823529411,70,70,65.3793260800255,65.81808652948358
3,15,50,70,70,31.38911764705882,29.663578431372542,70,70,65.71193607524309,65.96633358471593
3,16,0,70,70,33.227573529411764,32.000367647058816,70,70,65.5118942292364,65.73969331322272
3,16,10,70,70,33.58933823529411,33.126838235294116,70,70,66.19194179704401,65.57651143790848
3,16,20,70,70,30.776862745098033,29.90150326797385,70,70,66.25909965612261,65.68383609854199
3,16,30,70,70,32.28823529411764,32.33933823529411,70,70,65.77510062968275,65.41587795374559
3,16,40,70,70,35.066911764705885,35.73529411764706,70,70,64.70197857598323,64.16015271493212
3,16,50,70,70,35.41519607843137,36.9313725490196,70,70,64.35739393318302,63.85265702434821
3,17,0,70,70,34.78014705882353,35.72132352941176,70,70,63.734582735533245,63.17992036558213
3,17,10,70,70,35.05408496732026,36.813929738562095,70,70,63.00113496618162,62.87547448466567
3,17,20,70,70,34.77149509803921,35.97144607843136,70,70,62.42989669445012,63.18851181498239
3,17,30,70,70,35.139705882352935,36.11764705882352,70,70,62.54602577141968,62.90913865546218
3,17,40,70,70,34.22095588235294,34.73088235294118,70,70,62.111882808679034,62.73296276844071
3,17,50,70,70,33.02103758169934,34.98966503267974,70,70,61.546361600195624,63.04744814592503
3,18,0,70,70,35.597875816993465,37.27810457516339,70,70,62.251789604730774,63.35592862144856
3,18,10,70,70,34.718096405228756,36.25020424836601,70,70,61.90054174447557,63.12469362745098
3,18,20,70,70,36.115032679738555,37.23308823529412,70,70,62.32329520483406,62.86534780578898
3,18,30,70,70,36.87647058823529,37.73529411764705,70,70,62.22069591725579,62.215840919701215
3,18,40,70,70,35.856078431372545,37.06862745098039,70,70,62.21294059290384,61.80264355742297
3,18,50,70,70,35.25735294117647,36.744485294117645,70,70,61.98462343270642,61.47492705415499
3,19,0,70,70,38.23361928104575,39.017075163398694,70,70,62.88931149945359,61.31330240429505
3,19,10,70,70,39.96029411764705,39.40845588235294,70,70,63.56758578431372,62.76990254435106
3,19,20,70,70,39.325816993464045,38.75065359477124,70,70,64.29314948201501,64.04322770774976
3,19,30,70,70,40.365808823529406,39.70036764705882,70,70,63.709966347650166,64.06229866946778
3,19,40,70,70,40.89174836601306,40.515343137254895,70,70,63.97960239651415,64.65110002334266
3,19,50,70,70,42.66678921568627,42.374183006535944,70,70,64.85476843515183,64.97719421101773
3,20,0,70,70,42.77830065359477,42.15307189542483,70,70,64.93481434240363,64.95049894957982
3,20,10,70.0,70.0,47.87162990196078,47.426096132897605,70.0,70.0,65.06466503267974,65.23724945533768
3,20,20,70,70,42.76307189542483,42.724509803921556,70,70,64.1442228280201,64.96931314192344
3,20,30,70,70,43.16803921568627,42.99392156862744,70,70,64.15242540131415,64.9672064659197
3,20,40,70,70,43.045179738562084,42.68647875816993,70,70,64.87764550264552,65.16767331932773
3,20,50,70,70,44.41002450980391,43.48705882352941,70,70,64.78957944288825,65.0410393323996
3,21,0,70,70,45.7121568627451,45.22816993464052,70,70,64.93143201725135,65.05038223622782
3,21,10,70,70,44.01883169934639,43.53296568627451,70,70,64.92249066293186,65.45224673202615
3,21,20,70,70,44.52659313725489,43.96499183006536,70,70,65.0086912542795,65.57450396825396
3,21,30,70,70,45.43982843137254,45.12242647058823,70,70,65.30182791065143,65.98722370358398
3,21,40,70,70,45.93895424836601,45.43869281045751,70,70,65.50369703436931,65.8266806722689
3,21,50,70,70,45.775163398692804,45.32418300653594,70,70,65.41652839160855,66.00064192343605
3,22,0,70,70,45.80211988304093,45.1655938252494,70,70,66.06525457405183,66.08486602974523
3,22,10,70,70,45.39448529411764,44.86176470588235,70,70,65.7741391366488,65.7970529878618
3,22,20,70,70,45.252001633986914,44.77071078431372,70,70,65.82631691565516,66.05400618580765
3,22,30,70,70,45.408006535947706,44.57553104575163,70,70,65.6045658754955,65.98097572362278
3,22,40,70,70,46.25821078431372,45.959844771241826,70,70,65.49781704348405,65.7141544117647
3,22,50,70,70,46.76335784313725,46.39150326797386,70,70,65.72714092215831,66.27232142857143
3,23,0,70,70,48.35919117647059,48.75878267973856,70,70,66.10696153461383,66.40735419167666
3,23,10,70,70,48.51801470588235,48.94456699346405,70,70,66.33706232492996,66.09743522408964
3,23,20,70,70,48.356168300653586,49.50812908496731,70,70,66.45650918904147,66.71098586870644
3,23,30,70,70,48.3813725490196,49.17156862745097,70,70,66.61529300744688,66.68548893916541
3,23,40,70,70,49.33569444444444,49.87875,70,70,66.37775101910682,66.55148001508294
3,23,50,70,70,48.71527777777777,49.779820261437905,70,70,66.64078989319304,66.48798705379588
4,0,0,70,70,49.370588235294115,50.34117647058822,70,70,67.0092285525321,67.1642798786181
4,0,10,70,70,49.313194444444434,50.19321895424836,70,70,66.80797596816505,67.05472272242231
4,0,20,70,70,48.82446895424837,50.26535947712418,70,70,66.59044701213817,67.16690009337067
4,0,30,70,70,48.97764705882352,50.29372549019608,70,70,65.99299423829359,67.02793742496998
4,0,40,70,70,50.16233660130718,51.55894607843137,70,70,66.43750486305632,66.87285247432305
4,0,50,70,70,49.7453839869281,51.31364379084967,70,70,66.91646922657952,66.83524743230625
4,1,0,70,70,49.4531045751634,51.03459967320261,70,70,66.75047216536186,67.15486560008618
4,1,10,70,70,49.31801470588234,51.34485294117648,70,70,66.81442076830731,67.18488270308121
4,1,20,70,70,48.76335784313725,50.97246732026143,70,70,66.86204676314969,67.21860119047619
4,1,30,70,70,49.32745098039215,51.18104575163398,70,70,66.84715650148948,67.81645658263305
4,1,40,70,70,49.64836601307189,51.62177287581699,70,70,67.11251681228048,67.46501308856875
4,1,50,70,70,49.97185457516339,51.71392973856208,70,70,66.75910433617892,67.89029778578097
4,2,0,70,70,48.198548534798526,50.33820054945055,70,70,67.00320342783577,67.68641379628774
4,2,10,70,70,48.84207516339869,50.822222222222216,70,70,66.85719426659554,67.5830144557823
4,2,20,70,70,48.87075163398692,50.99174836601307,70,70,66.87321011738027,67.91663081899426
4,2,30,70,70,49.02234477124182,50.66589052287581,70,70,66.95723330999066,67.57881069094303
4,2,40,70,70,49.901674836601295,51.85269607843137,70,70,66.54582096727579,67.65914157329597
4,2,50,70,70,48.654616013071895,50.93092320261437,70,70,67.24570689386867,67.58721988795517
4,3,0,70,70,49.07761437908497,51.07614379084967,70,70,67.05022411742473,67.92876108776844
4,3,10,70,70,48.80972222222222,51.18194444444443,70,70,67.06027077497664,68.01487803454715
4,3,20,70,70,48.05347222222222,50.39734477124183,70,70,67.22150957605265,67.69726015406162
4,3,30,70,70,48.253308823529416,50.586070261437904,70,70,67.30362561691342,67.71685049019608
4,3,40,70,70,48.4798202614379,50.94995915032679,70,70,67.14733893557423,67.51542950513537
4,3,50,70,70,49.34264705882353,51.72132352941177,70,70,67.08973198253659,67.56355042016807
4,4,0,70,70,48.44857142857143,51.87476190476191,70,70,67.14148716240717,68.1493720565149
4,4,10,70,70,49.22681372549019,51.745122549019605,70,70,66.99718039993775,67.73543125583566
4,4,20,70,70,49.02144607843137,51.16421568627451,70,70,66.73802298697257,66.76943277310924
4,4,30,70,70,47.79132352941176,49.606225490196074,70,70,66.98147328375795,67.04411431239161
4,4,40,70,70,47.910294117647055,49.7220588235294,70,70,67.02432639722554,67.26479550153395
4,4,50,70,70,48.280596405228756,50.127083333333324,70,70,67.25124855497754,67.90461601307189
4,5,0,70,70,47.54816176470588,49.2375,70,70,66.3674019607843,66.76466795051354
4,5,10,70,70,47.82156862745097,49.27999999999999,70,70,66.54714635854342,66.94320269774576
4,5,20,70,70,48.766176470588235,49.77941176470587,70,70,66.74145797207773,66.4719596171802
4,5,30,70,70,47.364910130718954,49.39232026143791,70,70,66.95629265595127,66.61489220688274
4,5,40,70,70,48.12426470588235,49.07536764705882,70,70,67.31717725551759,67.01043167266906
4,5,50,70,70,47.711960784313725,48.51720588235294,70,70,67.3614914021164,66.68815401160464
4,6,0,70,70,47.685375816993464,48.52549019607843,70,70,66.97494422982867,66.07341561624649
4,6,10,70,70,47.65514705882353,48.06875,70,70,66.82000294776029,66.14563492063492
4,6,20,70,70,46.57386904761904,47.271904761904764,70,70,66.88671413009648,66.59174836601306
4,6,30,70,70,46.936397058823516,47.55735294117646,70,70,66.92620020230314,66.19294759570494
4,6,40,70,70,47.534803921568624,48.50845588235294,70,70,67.17290944155441,66.49261204481792
4,6,50,70,70,47.489705882352936,48.00073529411764,70,70,67.41721257947623,66.90969887955181
4,7,0,70,70,46.980147058823526,47.48308823529412,70,70,67.09718082969621,66.2299661531279
4,7,10,70,70,45.81838235294117,46.412499999999994,70,70,66.70903822769415,66.21807598039217
4,7,20,70,70,45.75036764705882,46.5047794117647,70,70,66.8155576183962,66.39918884220354
4,7,30,70,70,44.702205882352935,45.277573529411754,70,70,66.57827747378019,66.24574954981992
4,7,40,70,70,45.67794117647058,46.42022058823529,70,70,66.82645864547369,66.42157487995198
4,7,50,70,70,45.91852941176471,46.88392156862744,70,70,66.8373850509196,66.528329248366
4,8,0,70,70,46.40477941176469,47.11507352941176,70,70,66.9047248550583,66.40440884687207
4,8,10,70,70,46.523366013071886,47.50420751633987,70,70,66.62470102382036,66.18540207749766
4,8,20,70,70,44.46111111111111,45.53006535947712,70,70,66.80694159446723,66.39362161531278
4,8,30,70,70,46.462867647058815,46.94852941176471,70,70,66.79944527751469,66.33120331465919
4,8,40,70,70,46.0269362745098,46.59553921568628,70,70,66.58881052420969,66.36635320794984
4,8,50,70,70,46.80514705882352,47.27904411764706,70,70,66.87932056543549,66.94164915966385
4,9,0,70,70,46.989705882352936,47.26801470588235,70,70,66.60213409007014,66.94251575630253
4,9,10,70,70,46.359068627450974,46.84781862745098,70,70,66.04593986819533,66.78423952914498
4,9,20,70,70,46.45776960784313,46.481078431372545,70,70,65.89081152735393,66.28092342706313
4,9,30,70,70,46.24595588235294,46.46727941176469,70,70,66.13121783597158,66.23868464052285
4,9,40,70,70,45.840073529411754,45.57426470588235,70,70,66.23879198966408,65.93693394024275
4,9,50,70,70,38.01123366013071,37.941013071895426,70,70,66.33986844737896,65.88922443977592
4,10,0,70,70,40.82205882352941,39.04485294117647,70,70,66.41685465853004,66.32346813725489
4,10,10,70,70,41.27410130718953,39.48308823529412,70,70,66.0834968709706,65.87602124183007
4,10,20,70,70,40.697916666666664,38.15220588235294,70,70,66.03998696700903,66.04268499066292
4,10,30,70,70,40.165073529411764,38.52316176470588,70,70,65.74002031368103,65.82742805455516
4,10,40,70,70,37.27355769230769,37.36452991452991,70,70,65.69433110304348,66.24793125583567
4,10,50,70,70,36.134117647058815,36.15058823529412,70,70,65.82905298405964,65.68120162538699
4,11,0,70,70,38.210318627450974,37.41192810457516,70,70,65.40691429349518,66.08255927370949
4,11,10,70,61.516666666666666,45.263392857142854,43.60044642857142,70,70,65.18386854741895,66.27547560690942
4,11,20,70,70,43.5844566993464,43.19561887254902,70,70,65.35203736622853,66.41335155857213
4,11,30,70,70,43.90980392156863,44.437377450980385,70,70,65.5432183984705,65.96302117000647
4,11,40,70,70,43.920833333333334,44.10249183006535,70,70,66.05846630318794,66.01707112332113
4,11,50,70.0,70.0,49.10634531590414,49.06658496732026,70.0,70.0,66.14586088311295,66.2247549019608
4,12,0,70,70,45.12091503267974,44.50992647058823,70,70,66.02587660064026,66.33038923902895
4,12,10,70,70,45.03226307189543,44.441045751633986,70,70,65.97053878349192,66.07485253716872
4,12,20,70,70,45.325367647058826,45.03954248366013,70,70,65.7516859650837,65.92527719421102
4,12,30,70,70,44.66993464052287,44.44963235294117,70,70,65.78044644214275,66.10538632119514
4,12,40,70,70,42.93708333333333,42.17095588235294,70,70,66.01689005059389,66.153037464986
4,12,50,70,70,40.00929722850678,39.29118354072398,70,70,65.67738873388474,66.16171468295943
4,13,0,70,70,39.58639705882352,38.40073529411765,70,70,65.91716981508048,65.59982223658693
4,13,10,63.3125,63.3125,45.33970588235294,44.13088235294117,70.0,65.8125,66.0841256593319,66.13504138835022
4,13,20,70,70,40.1181278280543,38.14917986425339,70,70,65.78780835714853,66.23772355095883
4,13,30,70,70,43.23529411764705,41.928257761437905,70,70,65.66739246824432,65.966889768728
4,13,40,70,70,42.6985294117647,42.02803308823529,70,70,65.41339562908497,65.66063348416289
4,13,50,70,70,44.76985294117647,40.962775735294116,70,70,65.47563878727482,65.97618990146563
4,14,0,70,70,40.7890625,37.830422794117645,70,70,65.74688794321148,65.5088415669298
4,14,10,70,70,37.18096405228758,33.329810049019606,70,70,65.53659272240331,65.9560325703708
4,14,20,70,70,37.11065155228758,34.03298611111111,70,70,65.29858731954319,66.2634290954144
4,14,30,70,70,42.80106209150326,36.791513480392155,70,70,65.44826097105506,66.01916433239961
4,14,40,70,70,37.43192401960784,34.6312806372549,70,70,64.62345958162278,65.6183857570806
4,14,50,70,70,37.10073529411764,35.292667483660125,70,70,65.00490366878456,66.16496040723982
4,15,0,70,70,35.65839460784313,33.52604166666666,70,70,65.13195440777935,65.82007155426274
4,15,10,70,70,34.18836805555556,32.11892361111111,70,70,65.38545343137254,66.10834680025856
4,15,20,70,70,33.77723311546841,31.39106753812636,70,70,65.94152631137925,66.29276018099546
4,15,30,70,70,34.69498910675381,32.04193899782135,70,70,65.8498734109028,66.11269796380091
4,15,40,70,70,33.44362745098039,30.481004901960777,70,70,66.06363436400201,66.4410350678733
4,15,50,70,70,32.34470315904139,30.3724128540305,70,70,66.29609010270772,66.34470884507648
4,16,0,70,70,31.686383442265793,31.251416122004354,70,70,65.96670183818017,66.3608785822021
4,16,10,70,70,35.626361655773415,34.6334422657952,70,70,65.92589825513537,65.95953996983408
4,16,20,70,70,34.1339188453159,33.265386710239646,70,70,66.07928410947713,65.91985004060795
4,16,30,70,70,34.605664488017425,35.594226579520694,70,70,65.83348651960782,65.7814950980392
4,16,40,70,70,36.241898148148145,36.91203703703704,70,70,65.63571589019938,64.9221200980392
4,16,50,70,70,36.97542211328975,37.76028050108932,70,70,65.29012334608639,64.27146358543416
4,17,0,70,70,37.19873366013071,37.83523965141612,70,70,63.642272437430265,64.44804213352008
4,17,10,70,70,34.32060185185185,35.27199074074074,70,70,62.34901416632942,63.73968712484993
4,17,20,70,70,29.65073529411764,30.900122549019603,70,70,62.15519886816516,63.701943277310924
4,17,30,70,70,29.05933952528379,30.85397316821465,70,70,62.797449910539854,63.3389247365613
4,17,40,70,70,30.390046296296294,32.032407407407405,70,70,63.0240966101888,63.866561624649854
4,17,50,70,70,34.25265522875816,35.32604847494553,70,70,62.17060431896334,64.21445203081232
4,18,0,70,70,35.81828703703704,36.68402777777777,70,70,62.10174048786181,63.69799544817927
4,18,10,70,70,35.88235294117646,36.70588235294117,70,70,61.274797979797974,63.62740596238495
4,18,20,70,70,36.11111111111111,37.09477124183006,70,70,61.370370127217555,63.67340686274509
4,18,30,70,70,37.61220043572984,38.490196078431374,70,70,61.234710266220304,63.93508111577963
4,18,40,70,70,38.04221132897603,37.93927015250544,70,70,61.68111549497848,63.70033555088702
4,18,50,70,70,39.68572984749455,39.748910675381254,70,70,62.863539745166335,64.58964210684272
4,19,0,70,70,39.331290849673195,39.056508714596944,70,70,63.69802498235067,64.54643148926236
4,19,10,53.785714285714285,53.785714285714285,48.39118668300653,48.6829044117647,70.0,66.85714285714286,64.39776209264194,65.04689500800319
4,19,20,70.0,70.0,48.85294117647058,49.029411764705884,70.0,67.67857142857142,65.03654309284687,64.81490857454092
4,19,30,70,70,42.07625272331154,40.930827886710226,70,70,65.0031313338343,65.0468399859944
4,19,40,70,70,42.62745098039215,41.823529411764696,70,70,64.77277888797795,64.75252976190477
4,19,50,70,70,42.329520697167744,41.604575163398685,70,70,65.10162758192708,65.54431897759102
4,20,0,70,70,44.89705882352941,44.14869281045751,70,70,65.34846717924192,65.5704044117647
4,20,10,70,70,44.77621187363834,44.14168028322441,70,70,64.94805900002278,65.46440826330532
4,20,20,70,70,43.225490196078425,42.77450980392157,70,70,64.33417528757327,64.97965686274509
4,20,30,70,70,43.84055010893246,43.72651143790849,70,70,65.00263829108877,65.40244222689076
4,20,40,70,70,44.81427015250545,45.04901960784313,70,70,64.98107777663911,65.46186474589835
4,20,50,70,70,45.27450980392157,45.43572984749454,70,70,65.09764950695725,65.20276027077497
4,21,0,70,70,45.670955882352935,45.571010348583876,70,70,65.27356627610394,65.27169992997197
4,21,10,70,70,46.642156862745104,46.23420479302832,70,70,65.54125845460136,65.99360119047618
4,21,20,70,70,45.30010893246186,45.995098039215684,70,70,65.14130129694153,65.64785247432307
4,21,30,70,70,46.17320261437908,46.19825708061001,70,70,64.90538020086082,65.25722163865547
4,21,40,70,70,46.71132897603485,45.657952069716764,70,70,65.28018847783015,65.58517156862744
4,21,50,70,70,46.892197712418294,46.90747549019608,70,70,65.66632335861173,65.99525560224089
4,22,0,70,70,46.31839177978884,46.05670248868777,70,70,65.86476328649032,66.09645774976657
4,22,10,70,70,44.20372274784039,42.546380090497735,70,70,65.75617136423334,65.93534330398826
4,22,20,70,70,43.55147058823529,42.007352941176464,70,70,65.65884359591789,65.6546481092437
4,22,30,70,70,45.624183006535944,44.37377450980392,70,70,65.63001005957938,65.79094012605042
4,22,40,70,70,45.12336601307189,44.628829656862735,70,70,65.91450455182073,66.15180322128852
4,22,50,70,70,46.46323529411764,45.68382352941176,70,70,66.22389608621226,66.34887371615312
4,23,0,70,70,46.58680555555555,46.159722222222214,70,70,66.46730940914375,66.29048494397759
4,23,10,70,70,45.098243464052274,43.33435457516339,70,70,66.32274256924995,66.35973097572362
4,23,20,70,70,39.228793520613365,38.11722285067873,70,70,66.33035347911093,66.44085759303721
4,23,30,70,70,38.72012867647058,37.728860294117645,70,70,66.08331221377439,66.32538682139523
4,23,40,70,70,40.6736111111111,40.739787581699346,70,70,66.41787951291624,66.83163515406162
4,23,50,70,70,44.60204991087343,42.683340760546635,70,70,66.42534416544396,66.7827410130719
5,0,0,70,70,46.49999999999999,46.49264705882353,70,70,66.48421390992293,66.65074988328664
5,0,10,70,70,47.16957720588235,47.976102941176464,70,70,66.6903251578409,66.84149159663866
5,0,20,70,70,48.17233455882352,48.944342320261434,70,70,66.71388527633275,67.3377713585434
5,0,30,70,70,49.303104575163395,50.09395424836601,70,70,66.56190865234983,66.78307072829132
5,0,40,70,70,48.713235294117645,49.683823529411754,70,70,66.8050320128051,67.03170226423903
5,0,50,70,70,48.846609477124176,50.077359068627445,70,70,66.81682784224802,66.96740779645191
5,1,0,70,70,48.616727941176464,49.68581495098039,70,70,66.75013463718821,66.88949871615313
5,1,10,70,70,48.64608864379085,49.57756331699346,70,70,66.73612306711301,66.79977240896358
5,1,20,70,70,49.75102124183006,51.277318218954235,70,70,66.5487612728018,66.59945644924636
5,1,30,70,70,48.42647058823528,49.80147058823529,70,70,66.79369420532439,67.00666683340002
5,1,40,70,70,48.96543096405228,50.30494281045751,70,70,67.0005340347521,67.1830415499533
5,1,50,70,70,48.76470588235293,50.272058823529406,70,70,66.96042833800186,67.46113445378151
5,2,0,70,70,49.16474358974359,50.67948717948717,70,70,66.74606294440852,67.07694180236196
5,2,10,70,70,47.57066993464051,48.354575163398685,70,70,66.83184777436614,67.61916141456582
5,2,20,70,70,48.075163398692794,49.56086601307189,70,70,66.66475340136054,67.43810190742963
5,2,30,70,70,47.875,49.5735294117647,70,70,67.0377243739376,67.54506010737627
5,2,40,70,70,48.448529411764696,50.37499999999999,70,70,66.53707858143257,67.26700468648997
5,2,50,70,70,47.9922385620915,50.30550449346404,70,70,66.8021105664488,67.04657738095237
5,3,0,70,70,47.70450367647058,49.5955371732026,70,70,67.09506184783856,67.64409138655462
5,3,10,70,70,48.017412173202615,50.47334558823529,70,70,66.7533363345338,67.54391048085901
5,3,20,70,70,46.92238562091502,49.187091503267965,70,70,66.92127564476083,67.53778594771241
5,3,30,70,70,47.76348039215686,49.736519607843135,70,70,66.89439679718042,67.10000291783379
5,3,40,70,70,47.71323529411764,50.37499999999999,70,70,67.07526455026455,67.44213643790849
5,3,50,70,70,48.78676470588235,51.279411764705884,70,70,66.80412970743853,67.68210784313725
5,4,0,70,70,48.267261904761895,50.120238095238086,70,70,66.98021545156523,67.77969418536645
5,4,10,70,70,47.15441176470587,49.23529411764706,70,70,66.98674420987908,67.49217478658129
5,4,20,70,70,47.63511029411764,50.29044117647058,70,70,67.02967908864606,67.58738912231557
5,4,30,70,70,46.933823529411754,49.58088235294117,70,70,66.73562504270001,66.38010912698414
5,4,40,70,70,46.65441176470588,48.40441176470588,70,70,66.7272636696955,67.31635445845004
5,4,50,70,70,48.010927287581694,49.17544934640523,70,70,67.16230728063582,67.93438917233559
5,5,0,70,70,46.0,47.89705882352941,70,70,66.63027145817676,67.45121673669468
5,5,10,70,70,46.44975490196078,48.13316993464052,70,70,66.19671147937827,66.8547794117647
5,5,20,70,70,47.49264705882352,48.970588235294116,70,70,67.05443524970964,66.8204131652661
5,5,30,70,70,46.803870506535944,47.854421977124176,70,70,67.10234238004143,67.22017682072828
5,5,40,70,70,46.63005514705882,47.28998161764706,70,70,67.14015010475735,67.10690609577163
5,5,50,70,70,45.76991421568627,46.15063316993463,70,70,67.36071656304799,67.47996323529414
5,6,0,70,70,45.66130514705882,47.47058823529411,70,70,66.74414255539614,66.76664624183005
5,6,10,70,70,45.36029411764706,44.26470588235294,70,70,66.8212102320603,66.84308502247053
5,6,20,70,70,40.78143382352941,40.14561887254902,70,70,66.91739843529658,66.9141018907563
5,6,30,70,70,42.70818014705882,42.70220588235294,70,70,67.0583776245541,66.79369747899159
5,6,40,70,70,43.583180147058826,43.943474264705884,70,70,67.13185301898537,67.13714110644257
5,6,50,70,70,43.78324142156862,43.77573529411765,70,70,67.24667755991284,67.50404411764706
5,7,0,70,70,45.46747344771241,44.9860089869281,70,70,66.75844129318394,67.08431080765638
5,7,10,70,70,43.11764705882352,43.116727941176464,70,70,66.35941195922813,66.88575221755367
5,7,20,70,70,43.21609477124183,43.253267973856204,70,70,65.96987827651384,66.90342194570135
5,7,30,70,70,42.829963235294116,42.94439338235294,70,70,65.74245125400587,66.56153711484595
5,7,40,70,70,43.132352941176464,43.632352941176464,70,70,65.9037191799797,66.88820028011204
5,7,50,70,70,44.345098039215685,44.792647058823526,70,70,65.80148230232261,66.62250233426703
5,8,0,70,70,44.34374999999999,44.88975694444444,70,70,66.00133528838884,66.98151260504201
5,8,10,70,70,44.0735294117647,44.45909926470588,70,70,66.06791789365319,66.88668749551103
5,8,20,70,70,43.60513684640522,44.22921772875816,70,70,66.11726667939902,66.86469474153297
5,8,30,70,70,42.385620915032675,42.185763888888886,70,70,65.97707596927658,66.73821486928104
5,8,40,70,70,41.63694852941176,41.46206086601306,70,70,65.91218992130936,66.90427546018408
5,8,50,70,70,44.529411764705884,45.36764705882352,70,70,65.7032419049546,66.85808217517776
5,9,0,70,70,45.655228758169926,45.70343137254901,70,70,65.97232669490562,67.07560556273792
5,9,10,70,70,45.019301470588225,45.457261029411754,70,70,65.69831034978094,66.16261312217193
5,9,20,70,70,45.19117647058823,44.97058823529411,70,70,65.8292565359477,66.53727689793865
5,9,30,70,70,44.29779411764705,44.71650326797384,70,70,65.28778297376643,65.93701923076922
5,9,40,70,70,44.68106617647058,44.09145220588234,70,70,65.61723130589957,66.37029600301659
5,9,50,70,70,44.91176470588234,45.04411764705882,70,70,65.81610672724375,66.54159214968038
5,10,0,70,70,43.31709558823529,42.556985294117645,70,70,65.28047485254264,66.53453054298642
5,10,10,70,70,44.79820261437908,44.10079656862745,70,70,65.23153217040412,66.12288838612366
5,10,20,70,70,44.503676470588225,43.85615808823529,70,70,65.42918075766892,66.1582713164161
5,10,30,70,70,43.228758169934636,42.806781045751634,70,70,65.31139364282296,66.14281674208144
5,10,40,70,70,43.269761029411754,42.18428308823529,70,70,65.39892404741758,66.25353506787332
5,10,50,70,70,43.68795955882352,42.826746323529406,70,70,65.08739005295676,66.1016874057315
5,11,0,70,70,44.76128472222222,44.29238153594771,70,70,64.93626241146865,65.97239819004525
5,11,10,70,70,45.115808823529406,44.24914653361344,70,70,65.04526214957527,65.28351244343891
5,11,20,70,70,42.85523897058823,42.416819852941174,70,70,64.89499502271202,64.11424306902248
5,11,30,70,70,44.15196078431372,43.79558823529412,70,70,64.74102647370458,65.170552772391
5,11,40,70,70,41.61672794117647,42.982996323529406,70,70,64.7271203400059,65.29520173453997
5,11,50,70,70,44.86351102941176,44.1640625,70,70,64.86904989638131,64.92774321266967
5,12,0,70,70,43.57475490196079,43.29493464052287,70,70,65.34340139276472,65.21929361488183
5,12,10,70,70,41.534722222222214,40.66830065359477,70,70,64.69385717701712,64.66645927601809
5,12,20,70,70,39.130055147058826,37.88694852941176,70,70,65.06177956329499,64.9644661710838
5,12,30,70,70,37.89215686274509,36.11070261437908,70,70,64.97177951074114,64.80208944524556
5,12,40,70,70,39.08318014705882,37.67182393790849,70,70,64.97631229575163,65.75566448801742
5,12,50,70,70,38.91498161764706,37.56311274509804,70,70,65.2489689834267,65.54921947945844
5,13,0,61.888888888888886,61.888888888888886,47.826102941176465,46.707271241830064,70.0,66.58333333333333,65.02740910947713,65.93741489651416
5,13,10,70,70,42.162990196078425,41.323120915032675,70,70,65.20200052194537,65.78670170719803
5,13,20,70,70,41.17647058823529,39.257352941176464,70,70,65.17385431255833,65.80148031434796
5,13,30,70,70,39.70424836601306,37.441176470588225,70,70,64.89193738470999,66.03110231271995
5,13,40,70,70,36.236672794117645,34.3938419117647,70,70,65.5520977090023,66.17562217194569
5,13,50,70,70,37.38715277777777,34.93857230392156,70,70,65.65061758443213,66.14424648064355
5,14,0,70,70,37.104064542483655,34.36774918300653,70,70,65.65662694252184,66.14485608345902
5,14,10,70,70,35.557598039215684,33.232843137254896,70,70,65.658997887773,65.84762308769662
5,14,20,70,70,33.181832107843135,28.966860702614376,70,70,65.7007648994557,66.29532428355957
5,14,30,70,70,33.21650326797385,29.52777777777777,70,70,65.57028029060847,65.88555492709905
5,14,40,70,70,33.85671977124183,30.470179738562088,70,70,65.70085528113684,66.09480266465559
5,14,50,70,70,36.51991421568627,34.927645016339866,70,70,65.63071825756404,66.00281234288586
5,15,0,70,70,36.583180147058826,36.60523897058823,70,70,65.5683232298548,66.02823026646556
5,15,10,70,70,36.01547181372548,33.57501021241829,70,70,65.69597424335585,66.06519607843136
5,15,20,70,70,37.00919117647058,35.030790441176464,70,70,65.81177737355105,66.27009489693313
5,15,30,70,70,38.65441176470588,37.60702614379084,70,70,65.53606300243673,65.6847159376571
5,15,40,70,70,36.198529411764696,34.85294117647058,70,70,65.85121265172737,65.44681686777274
5,15,50,70,70,34.52859477124182,33.52001633986927,70,70,65.86762502917833,65.59168237807943
5,16,0,70,70,36.25393178104574,36.58558006535947,70,70,65.26506459635135,65.88067351200834
5,16,10,70,70,38.45514705882353,39.145669934640516,70,70,64.7469610760971,65.37986425339366
5,16,20,70,70,36.886591094771234,36.9094566993464,70,70,64.87681438798727,65.48209969593897
5,16,30,70,70,37.82434640522875,37.670343137254896,70,70,65.32825103618684,65.75811741363212
5,16,40,70,70,37.75588235294117,37.81797385620914,70,70,64.79693224512027,65.33310574229691
5,16,50,70,70,36.88648897058823,36.6672794117647,70,70,64.7982220666044,65.14249824929972
5,17,0,70,70,36.354166666666664,36.47395833333333,70,70,64.30176542839357,65.30264063958916
5,17,10,70,70,36.993872549019606,37.709558823529406,70,70,64.33354341736695,65.28320786647991
5,17,20,70,70,36.999387254901954,37.08522263071895,70,70,63.76208900226757,65.16981917767107
5,17,30,70,70,35.32475490196077,35.328022875816984,70,70,63.49944255479971,64.77972689075631
5,17,40,70,70,34.103758169934636,33.206239787581694,70,70,63.45461893090568,65.07389414098972
5,17,50,70,70,33.60294117647059,33.06617647058823,70,70,63.041168967587055,64.49761321195145
5,18,0,70,70,36.31617647058823,36.12499999999999,70,70,62.898560118491844,63.344876283846865
5,18,10,70,70,36.467933006535944,37.17672589869281,70,70,62.86743516851185,63.98520866680004
5,18,20,70,70,38.21323529411764,38.323529411764696,70,70,62.631337257125075,64.32970063025209
5,18,30,70,70,40.30147058823529,40.04411764705882,70,70,62.74742480325462,64.0953110410831
5,18,40,70,70,39.81767769607843,39.97401960784313,70,70,63.683363484282594,64.92256998953427
5,18,50,70,70,38.99356617647058,38.389705882352935,70,70,63.797160947712406,64.41064425770308
5,19,0,70,70,39.526552287581694,38.74366830065358,70,70,64.5733057539255,65.03505777310924
5,19,10,70,70,40.43055555555555,39.99305555555554,70,70,64.8192206262847,64.93656337535013
5,19,20,70,70,41.525173611111114,40.453125,70,70,64.79853358009872,65.04186424569826
5,19,30,70,70,39.87173202614378,39.37091503267973,70,70,64.67725645813881,65.3750379318394
5,19,40,70,70,40.84395424836601,40.17728758169934,70,70,64.51217111844737,65.18480100373482
5,19,50,70,70,41.41743259803921,41.70516748366012,70,70,64.59050759192564,65.37563775510203
5,20,0,70,70,42.86601307189542,42.061683006535944,70,70,64.825320961718,65.48937616713351
5,20,10,70,70,41.92647058823529,41.022058823529406,70,70,64.59059723304527,64.97468763821317
5,20,20,70,70,42.52747604723707,41.70334781639929,70,70,63.99868341275904,65.11966286514605
5,20,30,70,70,43.24724264705882,42.74632352941176,70,70,64.52719615624025,65.4251575630252
5,20,40,70,70,42.72904995331466,42.1734943977591,70,70,64.61408619003157,65.468881302521
5,20,50,70,70,42.545138888888886,41.771701388888886,70,70,64.67904703548086,65.81700805322129
5,21,0,70,70,44.05409663865546,43.50863678804855,70,70,64.73430123987579,65.4637324929972
5,21,10,70,70,43.84374999999999,43.592371323529406,70,70,64.69072576705099,65.53214324618736
5,21,20,70,70,40.93213118580765,40.164915966386545,70,70,64.48351261047054,64.93928376906317
5,21,30,70,70,43.492391748366,43.010671977124176,70,70,64.59761076911383,65.60968409586057
5,21,40,70,70,38.666666666666664,36.73937908496731,70,70,64.35252345124096,65.51821078431372
5,21,50,70,70,36.241421568627445,33.69648692810457,70,70,64.68867229062167,65.11566721132897
5,22,0,70,70,38.54166666666666,35.507761437908485,70,70,64.84437957353485,65.58135893246187
5,22,10,70,70,38.94117647058823,36.58318014705882,70,70,64.96981670575205,65.75992647058823
5,22,20,70,70,42.06290849673202,41.120506535947705,70,70,64.53868559051526,65.70713235294117
5,22,30,70,70,42.63529411764705,42.08457516339869,70,70,64.77623729416008,65.41652699968876
5,22,40,70,70,42.233741830065355,41.716503267973856,70,70,64.80855707813429,65.31173747276688
5,22,50,70,70,42.276348039215684,41.459387254901955,70,70,64.91034889334522,65.48627723311546
5,23,0,70,70,43.32904411764706,42.80624999999999,70,70,65.25384443987384,65.80219771241829
5,23,10,70,70,45.145751633986926,44.20994397759103,70,70,65.43092492678888,66.15023420479302
5,23,20,70,70,44.85751633986928,44.0875816993464,70,70,65.36068073062557,65.74554466230936
5,23,30,70,70,45.84334150326797,45.1313725490196,70,70,65.63168409409217,65.84508986928104
5,23,40,70,70,46.93014705882352,46.48125,70,70,65.9202398194126,65.88790499533145
5,23,50,70,70,47.017279411764704,46.34154411764705,70,70,66.29703481771496,66.54045479302832
6,0,0,70,70,46.64836601307189,46.05980392156861,70,70,66.1428320760122,66.87045479302832
6,0,10,70,70,44.36801470588235,43.98088235294117,70,70,66.13646576054663,66.7542973856209
6,0,20,70,70,45.778431372549015,44.74084967320261,70,70,66.18636270796195,66.70128618113911
6,0,30,70,70,46.15032679738561,45.57418300653594,70,70,66.36987356958286,66.55085075696944
6,0,40,70,70,47.29191176470589,47.21249999999999,70,70,66.54593665117562,66.40413904450668
6,0,50,70,70,48.34191176470588,48.18051470588235,70,70,66.4059759888804,66.6499019607843
6,1,0,70,70,48.48937908496732,49.064583333333324,70,70,66.84356843116034,66.99269880174292
6,1,10,70,70,48.47524509803921,49.10535130718954,70,70,66.5405377302436,66.83600217864924
6,1,20,70,70,48.81830065359476,49.49183006535947,70,70,66.58493575460486,66.85478719265483
6,1,30,70,70,48.93574346405228,49.83929738562091,70,70,66.58251355466429,66.89860294117645
6,1,40,70,70,48.46830065359477,49.63333333333333,70,70,66.70231331168831,67.29097766884531
6,1,50,70,70,49.7032679738562,50.63856209150326,70,70,66.7498838032023,66.97397875816993
6,2,0,70,70,47.89077380952381,47.91005952380952,70,70,66.50735184953933,66.93958078958079
6,2,10,70,70,48.16323529411765,47.44595588235294,70,70,66.36057025082762,66.88294934640523
6,2,20,70,70,48.13169934640523,48.88169934640523,70,70,66.37400793650794,66.99162581699346
6,2,30,70,70,48.66143790849672,49.79411764705882,70,70,66.76591837492573,66.83931917211329
6,2,40,70,70,48.35882352941176,49.68823529411764,70,70,66.69344720842884,67.01008986928105
6,2,50,70,70,48.749019607843124,50.27418300653595,70,70,66.62469322956453,66.5745642701525
6,3,0,70,70,48.37761437908497,50.03267973856209,70,70,66.8233121657754,67.13002684407095
6,3,10,70,70,48.11241830065358,50.00065359477124,70,70,66.66883766764279,66.76182267351383
6,3,20,70,70,49.3,51.09411764705881,70,70,66.91723153276463,67.7558142701525
6,3,30,70,70,49.38970588235294,51.60183823529411,70,70,66.99233087174262,67.5336982570806
6,3,40,70,70,52.41078431372548,52.42091503267974,70,70,67.04928513071894,67.90673474945534
6,3,50,70,70,49.663970588235294,51.53713235294117,70,70,67.10919020385931,67.92102396514161
6,4,0,70,70,48.02981684981684,50.26435897435897,70,70,66.88234139891114,67.88535658785659
6,4,10,70,70,50.08676470588235,51.96470588235294,70,70,67.20400826803137,68.08155762810173
6,4,20,70,70,48.30919117647059,50.90833333333333,70,70,66.89310613134144,67.68197595704949
6,4,30,70,70,48.53676470588235,50.43149509803921,70,70,66.55433590102706,67.08596405228758
6,4,40,70,70,48.14191176470588,50.21360294117646,70,70,66.94766586867304,67.43626906318083
6,4,50,70,70,48.194117647058825,50.043749999999996,70,70,66.80376061277224,67.57605392156862
6,5,0,70,70,49.025367647058815,51.348897058823525,70,70,66.77343115540789,67.75358387799562
6,5,10,70,70,48.674632352941174,50.52867647058823,70,70,66.81577204525222,67.46074346405229
6,5,20,70,70,47.253676470588225,49.10919117647058,70,70,66.72893011855903,67.34603758169935
6,5,30,70,70,49.26433823529411,50.49816176470588,70,70,66.54348305213556,67.0850054466231
6,5,40,70,70,47.97830882352941,49.40477941176471,70,70,66.80480316157472,67.36471677559912
6,5,50,70,70,48.448039215686265,49.58725490196078,70,70,66.94797560320816,67.40624183006535
6,6,0,70,70,48.40257352941177,49.596323529411755,70,70,66.59568739229303,66.86392973856209
6,6,10,70,70,47.84150326797385,48.75,70,70,66.28845225055836,67.08424214130096
6,6,20,70,70,47.65267857142857,48.59762605042017,70,70,66.98718146446613,66.95794389978214
6,6,30,70,70,47.62058823529411,48.546323529411765,70,70,66.90671651701618,67.38613834422658
6,6,40,70,70,48.62316176470588,49.34264705882352,70,70,67.02650852007467,67.00992102396513
6,6,50,70,70,48.54154411764706,49.482352941176465,70,70,67.04086270166981,66.93410403050108
6,7,0,70,70,48.409926470588225,49.68455882352941,70,70,66.88299934314811,67.02654139433551
6,7,10,70,70,48.32426470588235,49.40514705882352,70,70,66.85010490630361,67.02958877995643
6,7,20,70,70,47.77941176470587,49.330514705882344,70,70,66.74301144876554,66.71972222222222
6,7,30,70,70,47.933986928104574,49.03627450980392,70,70,66.74763574034266,66.87023420479302
6,7,40,70,70,47.674632352941174,48.148161764705875,70,70,66.52853370030184,66.45037581699346
6,7,50,70,70,48.112132352941174,48.87573529411764,70,70,66.75469825527108,66.69806100217866
6,8,0,70,70,47.93492647058823,48.71948529411764,70,70,66.47270888975746,66.75321350762526
6,8,10,70,70,47.76135620915032,48.31928104575163,70,70,66.60910404859618,66.54854730781202
6,8,20,70,70,47.866911764705875,48.627941176470586,70,70,66.56388698890409,66.31389705882354
6,8,30,70,70,46.9235294117647,47.85882352941176,70,70,66.4235351117191,66.24668300653595
6,8,40,70,70,47.80036764705882,48.06470588235294,70,70,66.55284957006057,66.98279061624649
6,8,50,70,70,47.058823529411754,47.28235294117646,70,70,66.53231100579767,66.70736539060069
6,9,0,70,70,46.86948529411764,47.399264705882345,70,70,66.20192129177252,66.32476268285092
6,9,10,70,70,46.2375816993464,46.796609477124186,70,70,66.26842360975397,66.61765211640211
6,9,20,70,70,46.669852941176465,47.17867647058823,70,70,66.1737450600395,66.18965686274508
6,9,30,70,70,46.42904411764705,46.70147058823528,70,70,66.18098671639198,66.3882734204793
6,9,40,70,70,45.89669117647058,46.804411764705875,70,70,66.12764980023016,66.05169934640523
6,9,50,70,70,45.658823529411755,45.9470588235294,70,70,66.18424899029378,66.44027738873326
6,10,0,70,70,46.44052287581699,46.88660130718954,70,70,66.14072522419822,66.36823529411764
6,10,10,70,70,45.97634803921568,45.74334150326797,70,70,66.16822058280675,66.14579248366013
6,10,20,70,70,46.037581699346404,45.95849673202614,70,70,66.08234712638782,66.15222922502333
6,10,30,70,70,45.088235294117645,45.499999999999986,70,70,65.88997140522872,66.27250525210084
6,10,40,70,70,44.921323529411765,45.03345588235294,70,70,65.85506049642078,66.2001137955182
6,10,50,70,70,45.6,45.63852124183006,70,70,65.85036389555822,65.5453693977591
6,11,0,70,70,44.27459150326797,44.99983660130719,70,70,65.78801840180516,65.48345588235294
6,11,10,70,70,44.38235294117645,44.647058823529406,70,70,65.9429135543106,66.25231967787114
6,11,20,70,70,44.69926470588236,44.79080882352942,70,70,66.22172632942065,66.29640106042417
6,11,30,70,70,44.94011437908497,44.420220588235296,70,70,65.95922035480856,65.83511029411764
6,11,40,70,70,44.49007352941176,44.21507352941176,70,70,65.86850490196078,65.75457516339868
6,11,50,70,70,45.18235294117646,44.69411764705882,70,70,65.88484282601928,66.05218962585033
6,12,0,70,70,45.34109477124183,45.281004901960785,70,70,64.8063404528478,65.78893557422968
6,12,10,70,70,44.57463235294117,43.6297794117647,70,70,65.28088125207348,65.98808064892624
6,12,20,70,70,44.31139705882352,43.448897058823526,70,70,65.33550183962474,65.9736469587835
6,12,30,70,70,42.43892973856208,41.84783496732025,70,70,65.5413889273658,64.69232542375923
6,12,40,70,70,43.343014705882354,42.56593137254901,70,70,65.81141942888264,66.09053162931839
6,12,50,70,70,42.232720588235296,40.72830882352941,70,70,65.99396925436841,66.38999474789915
6,13,0,70,70,41.76911764705882,39.661764705882355,70,70,65.69784377201172,66.18943452380951
6,13,10,70,70,42.215032679738556,39.855269607843134,70,70,65.79788943355118,66.04498132586367
6,13,20,70,70,40.95625,38.62095588235294,70,70,65.86155128718153,66.40574104641856
6,13,30,70,70,43.03529411764705,41.3235294117647,70,70,65.8745601018185,66.23432247899159
6,13,40,70,70,44.03529411764705,41.91176470588235,70,70,65.82281284606866,66.13834694989106
6,13,50,70,70,42.74852941176469,41.173529411764704,70,70,65.79445849598036,66.16916044195456
6,14,0,70,70,41.95441176470588,40.50110294117646,70,70,65.80208496189172,65.69372821350763
6,14,10,70,70,41.303308823529406,39.840073529411754,70,70,65.69573195557291,66.18449618736382
6,14,20,70,70,41.17279411764705,39.168749999999996,70,70,65.80574365405079,66.17234204793027
6,14,30,70,70,41.34007352941176,39.88455882352941,70,70,65.65554958417476,66.06472805788981
6,14,40,70,70,40.353472222222216,38.4203839869281,70,70,65.69050272762651,66.20733309990663
6,14,50,70,70,39.323529411764696,36.81764705882352,70,70,65.64459793607367,65.95891339869281
6,15,0,70,70,38.976470588235294,36.7470588235294,70,70,65.64114417084664,65.89404411764707
6,15,10,70,70,39.397344771241826,37.10363562091503,70,70,65.69737639241742,66.22735838779957
6,15,20,70,70,40.184191176470584,38.23455882352941,70,70,65.55320771719539,66.10803376906317
6,15,30,70,70,40.52794117647058,38.496323529411754,70,70,65.50354822161421,66.17375
6,15,40,70,70,40.51209150326797,38.75032679738562,70,70,65.74661422708618,65.83963235294117
6,15,50,70,70,40.57720588235294,38.020955882352936,70,70,65.06438493297246,66.0765468409586
6,16,0,70,70,40.84150326797385,38.60392156862745,70,70,65.52200588304383,65.77159041394334
6,16,10,70,70,39.518055555555556,37.13558006535948,70,70,65.16157244203582,66.04776882975412
6,16,20,70,70,35.92287581699346,33.307679738562086,70,70,65.21515736885094,65.72862589480236
6,16,30,70,70,36.004125816993465,33.15208333333333,70,70,64.90631633243636,65.7777388733271
6,16,40,70,70,35.09779411764705,30.891911764705878,70,70,64.71913283265164,65.615610410831
6,16,50,70,70,34.651470588235284,31.16801470588235,70,70,64.96385424026498,65.56959736886206
6,17,0,70,70,34.43182189542483,30.263970588235292,70,70,64.85865769832083,65.51768907563026
6,17,10,70,70,37.78860294117647,35.520955882352936,70,70,64.90020289123399,65.58751361655773
6,17,20,70,70,38.32536764705881,36.27977941176469,70,70,64.97444126875556,65.42311546840958
6,17,30,70,70,38.81764705882353,35.31176470588235,70,70,64.77931143089315,64.81650326797384
6,17,40,70,70,39.06115196078431,36.65931372549019,70,70,65.04449479404164,65.17690087145967
6,17,50,70,70,39.57647058823529,36.06617647058823,70,70,64.8972321292858,64.7998883442266
6,18,0,70,70,39.49007352941176,37.07095588235293,70,70,64.84407320620555,65.0088371459695
6,18,10,70,70,40.323856209150314,38.75032679738562,70,70,64.95609827264238,64.89058901338313
6,18,20,70,70,40.70812908496731,38.88574346405228,70,70,64.92956946344428,64.77553104575163
6,18,30,70,70,41.74607843137254,40.784313725490186,70,70,64.89563858489132,64.72918767507002
6,18,40,70,70,41.571323529411764,40.40036764705882,70,70,65.08315225016659,65.39555010893245
6,18,50,70,70,43.50028594771241,42.8500408496732,70,70,64.9924183820815,65.03960784313725
6,19,0,70,70,44.413970588235294,43.29301470588236,70,70,65.03168808220961,64.91991557734204
6,19,10,70,70,44.58272058823529,43.76654411764705,70,70,65.23345547521333,65.0273027544351
6,19,20,70,70,44.88860294117647,44.542647058823526,70,70,65.24608331704775,65.29725375530329
6,19,30,70,70,44.757720588235294,43.90183823529411,70,70,65.13580249929429,65.32898965141611
6,19,40,70,70,43.815073529411755,43.461764705882345,70,70,65.07833257333941,65.5327913943355
6,19,50,70,70,43.58745915032679,42.21973039215685,70,70,65.03049733459274,65.53677559912853
6,20,0,70,70,43.967034313725485,42.96131535947712,70,70,65.04070573369478,65.38414488017429
6,20,10,70,70,44.058823529411754,42.38235294117647,70,70,65.10860163832973,65.47492724867725
6,20,20,70,70,43.724999999999994,42.71617647058823,70,70,64.25968015113021,64.88938453159042
6,20,30,70,70,45.12941176470588,44.89411764705882,70,70,64.39598406324639,65.41025500099029
6,20,40,70,70,45.50808823529411,45.05735294117646,70,70,64.89981950144397,65.27602668845314
6,20,50,70,70,45.09999999999999,44.252941176470586,70,70,64.66686236510108,65.47685185185183
6,21,0,70,70,45.16932189542483,45.0205065359477,70,70,64.70990896358543,65.25629512916277
6,21,10,70,70,44.76127450980392,43.79726307189542,70,70,64.8439195057868,65.48262527233115
6,21,20,70,70,45.13982843137255,44.50122549019607,70,70,64.47226429331423,65.18438725490195
6,21,30,70,70,45.211764705882345,44.864705882352936,70,70,64.48694099732916,65.0516394335512
6,21,40,70,70,44.937499999999986,44.340441176470584,70,70,64.54533472303649,65.14855469965762
6,21,50,70,70,45.46470588235294,44.61176470588235,70,70,64.76593992248061,65.1105582788671
6,22,0,70,70,45.66544117647059,44.7235294117647,70,70,64.74763451892385,65.23191721132896
6,22,10,70,70,44.3672794117647,42.51066176470588,70,70,64.15441162899265,64.80489962651727
6,22,20,70,70,44.54272875816993,43.28017156862744,70,70,64.27383191648754,65.013052832244
6,22,30,70,70,44.480065359477116,42.75261437908496,70,70,64.45852713178293,64.91489651416121
6,22,40,70,70,43.45441176470588,42.25294117647058,70,70,63.92235304974701,64.91432228446932
6,22,50,70,70,43.50588235294117,42.8203431372549,70,70,64.50323567411458,65.29849673202612
6,23,0,70,70,44.91474673202614,42.79452614379085,70,70,64.5232297570191,65.2766339869281
6,23,10,70,70,44.641176470588235,43.08823529411764,70,70,64.86844844526958,65.30571350762528
6,23,20,70,70,46.51764705882353,45.564705882352925,70,70,65.06714926280588,65.4162854030501
6,23,30,70,70,45.27435661764706,44.58272058823529,70,70,65.16459419038931,64.68411764705883
6,23,40,70,70,46.84742647058823,45.979319852941174,70,70,65.46868119340759,65.52300108932461
6,23,50,70,70,47.08102061337354,46.84424333836098,70,70,65.83226703472086,65.861365935263
